date,group,y,pred,zone,model
2020-03-29,COVID closure 2020,2.2316337617538737,2.4461815144864065,T_north,M0_Ratio
2020-04-03,COVID closure 2020,2.436664254409141,2.6803895482604965,T_north,M0_Ratio
2020-10-10,COVID closure 2020,1.1141601831172299,0.570456570779541,T_north,M0_Ratio
2020-10-15,COVID closure 2020,1.9552445431085368,0.9519697533393352,T_north,M0_Ratio
2020-10-20,COVID closure 2020,1.8727683544109681,2.02261505589761,T_north,M0_Ratio
2024-11-03,Capped (Nov–Jan),2.428033925470952,2.2354549826579264,T_north,M0_Ratio
2024-11-08,Capped (Nov–Jan),0.8767891386490749,0.869055656247502,T_north,M0_Ratio
2024-11-18,Capped (Nov–Jan),1.6362923141628005,1.4518581558547605,T_north,M0_Ratio
2024-11-23,Capped (Nov–Jan),2.481922174073311,2.49642541876416,T_north,M0_Ratio
2024-12-08,Capped (Nov–Jan),1.9842720048274518,2.0841336284026135,T_north,M0_Ratio
2024-12-13,Capped (Nov–Jan),1.8335862502137692,1.9905129060083848,T_north,M0_Ratio
2024-12-18,Capped (Nov–Jan),1.5504746062396022,1.068127153695101,T_north,M0_Ratio
2024-12-23,Capped (Nov–Jan),1.421081390875387,1.6183831070838581,T_north,M0_Ratio
2024-12-28,Capped (Nov–Jan),2.173325944004138,2.518181912796318,T_north,M0_Ratio
2025-01-02,Capped (Nov–Jan),2.7974528127528178,2.8590099882632956,T_north,M0_Ratio
2025-01-07,Capped (Nov–Jan),1.018177731803968,1.0573480429696624,T_north,M0_Ratio
2025-01-12,Capped (Nov–Jan),1.0086344755020875,0.866650067190115,T_north,M0_Ratio
2025-01-17,Capped (Nov–Jan),1.3405253551496472,1.3305755550214022,T_north,M0_Ratio
2025-01-22,Capped (Nov–Jan),3.3726514424680865,3.6371804905241065,T_north,M0_Ratio
2025-01-27,Capped (Nov–Jan),3.0959467510271255,3.0815434353956572,T_north,M0_Ratio
2025-02-01,Closed (Feb–Apr),4.840292984327663,4.835354680128744,T_north,M0_Ratio
2025-02-06,Closed (Feb–Apr),2.7510040202418775,3.34635186812059,T_north,M0_Ratio
2025-02-11,Closed (Feb–Apr),2.149403386465872,2.3657044716102757,T_north,M0_Ratio
2025-02-16,Closed (Feb–Apr),1.9155945946982427,2.0412738843941507,T_north,M0_Ratio
2025-02-21,Closed (Feb–Apr),4.608520501809353,4.963506061031098,T_north,M0_Ratio
2025-02-26,Closed (Feb–Apr),2.655319175771395,2.9941221770050053,T_north,M0_Ratio
2025-03-03,Closed (Feb–Apr),2.7155799253438233,3.326333072329482,T_north,M0_Ratio
2025-03-08,Closed (Feb–Apr),1.664702340095471,1.999438282892654,T_north,M0_Ratio
2025-03-13,Closed (Feb–Apr),3.4525778227164317,3.0137704629707374,T_north,M0_Ratio
2025-03-23,Closed (Feb–Apr),2.615262202178101,2.7139700777340723,T_north,M0_Ratio
2025-03-28,Closed (Feb–Apr),4.752825044222454,3.622019658342932,T_north,M0_Ratio
2025-04-02,Closed (Feb–Apr),2.5553340674514105,2.8413337717931895,T_north,M0_Ratio
2025-04-12,Closed (Feb–Apr),2.6522635943291437,2.4977855605537096,T_north,M0_Ratio
2025-09-06,Closed (May–Oct),2.777428779007122,2.4822010085350623,T_north,M0_Ratio
2025-09-29,Closed (May–Oct),2.7304036833434493,2.3434053812030253,T_north,M0_Ratio
2025-10-14,Closed (May–Oct),2.177278742322498,1.9323108473383044,T_north,M0_Ratio
2025-10-19,Closed (May–Oct),1.461304954913536,-0.5029416609507198,T_north,M0_Ratio
2025-10-24,Closed (May–Oct),1.1099405016494772,0.01675655498548273,T_north,M0_Ratio
2025-10-26,Closed (May–Oct),0.8550841276709905,0.02133048926639758,T_north,M0_Ratio
2025-10-29,Closed (May–Oct),1.6590687945009608,0.6056069454058373,T_north,M0_Ratio
2025-11-08,Capped (Nov–Jan),2.6323444555233837,2.3654697201963018,T_north,M0_Ratio
2025-11-13,Capped (Nov–Jan),1.7007853785750962,1.107495051368315,T_north,M0_Ratio
2025-11-15,Capped (Nov–Jan),1.3477545606332801,0.7173865696707913,T_north,M0_Ratio
2025-11-18,Capped (Nov–Jan),2.2007949240513445,0.8468422026863884,T_north,M0_Ratio
2025-11-23,Capped (Nov–Jan),1.843484440374583,1.9642507465430097,T_north,M0_Ratio
2025-11-28,Capped (Nov–Jan),1.3296620244785626,1.0497930394142183,T_north,M0_Ratio
2025-12-03,Capped (Nov–Jan),1.2462807924087131,1.2769869431781216,T_north,M0_Ratio
2025-12-05,Capped (Nov–Jan),1.480468261079921,1.388753764254343,T_north,M0_Ratio
2025-12-08,Capped (Nov–Jan),2.4715291305079865,2.388401151646244,T_north,M0_Ratio
2025-12-13,Capped (Nov–Jan),1.2186115714130077,1.2413943983034357,T_north,M0_Ratio
2025-12-18,Capped (Nov–Jan),0.8767891386490746,0.6536512954543117,T_north,M0_Ratio
2025-12-23,Capped (Nov–Jan),1.7305143146387694,2.0173611832954874,T_north,M0_Ratio
2025-12-28,Capped (Nov–Jan),2.7274463690902753,2.9258859504355024,T_north,M0_Ratio
2026-01-02,Capped (Nov–Jan),1.325937803135361,1.2610977349228678,T_north,M0_Ratio
2026-01-07,Capped (Nov–Jan),1.4380793506097505,1.323714209807875,T_north,M0_Ratio
2026-01-12,Capped (Nov–Jan),2.227810304324791,2.3768728383949798,T_north,M0_Ratio
2026-01-17,Capped (Nov–Jan),1.9410204472261312,2.045736299720338,T_north,M0_Ratio
2026-01-22,Capped (Nov–Jan),1.966270430222909,2.0013756874676867,T_north,M0_Ratio
2026-01-27,Capped (Nov–Jan),1.7983801142568117,1.7810776738730152,T_north,M0_Ratio
2026-02-01,Closed (Feb–Apr),1.451412371621818,1.2480048374946158,T_north,M0_Ratio
2026-02-06,Closed (Feb–Apr),2.2468408648819587,2.442545976532579,T_north,M0_Ratio
2026-02-11,Closed (Feb–Apr),2.0152591189823528,2.25384382865081,T_north,M0_Ratio
2026-02-16,Closed (Feb–Apr),2.0837853984732657,2.4010531810056026,T_north,M0_Ratio
2026-02-21,Closed (Feb–Apr),2.621472933173149,2.793596349091243,T_north,M0_Ratio
2026-02-26,Closed (Feb–Apr),2.4195880381973174,2.7834830274758695,T_north,M0_Ratio
2026-03-03,Closed (Feb–Apr),3.1388439880106027,3.4149494951313564,T_north,M0_Ratio
2026-03-08,Closed (Feb–Apr),2.9355104079815217,2.7600976326066986,T_north,M0_Ratio
2026-03-18,Closed (Feb–Apr),2.4195880381973147,2.325399493313994,T_north,M0_Ratio
2026-03-23,Closed (Feb–Apr),2.6307556769363853,2.75300893760026,T_north,M0_Ratio
2026-04-02,Closed (Feb–Apr),2.4092665719191673,2.6260314269957217,T_north,M0_Ratio
2026-04-14,Closed (Feb–Apr),2.7974528412405864,2.8902356133133535,T_north,M0_Ratio
2026-04-17,Closed (Feb–Apr),1.8679295935395377,1.953270456793143,T_north,M0_Ratio
2020-03-29,COVID closure 2020,2.2316337617538737,2.3223507660787517,T_north,M1_Ridge
2020-04-03,COVID closure 2020,2.436664254409141,2.5405363924279842,T_north,M1_Ridge
2020-10-10,COVID closure 2020,1.1141601831172299,1.3333324134770903,T_north,M1_Ridge
2020-10-15,COVID closure 2020,1.9552445431085368,1.9778262044275943,T_north,M1_Ridge
2020-10-20,COVID closure 2020,1.8727683544109681,2.4206492325730076,T_north,M1_Ridge
2024-11-03,Capped (Nov–Jan),2.428033925470952,2.6800945746312634,T_north,M1_Ridge
2024-11-08,Capped (Nov–Jan),0.8767891386490749,1.2319020381406378,T_north,M1_Ridge
2024-11-18,Capped (Nov–Jan),1.6362923141628005,1.6405708734305922,T_north,M1_Ridge
2024-11-23,Capped (Nov–Jan),2.481922174073311,2.5158728496852163,T_north,M1_Ridge
2024-12-08,Capped (Nov–Jan),1.9842720048274518,2.099496952430828,T_north,M1_Ridge
2024-12-13,Capped (Nov–Jan),1.8335862502137692,2.1487745813715837,T_north,M1_Ridge
2024-12-18,Capped (Nov–Jan),1.5504746062396022,1.1653452925951933,T_north,M1_Ridge
2024-12-23,Capped (Nov–Jan),1.421081390875387,1.698106127498449,T_north,M1_Ridge
2024-12-28,Capped (Nov–Jan),2.173325944004138,2.3995588248899278,T_north,M1_Ridge
2025-01-02,Capped (Nov–Jan),2.7974528127528178,2.504412816946004,T_north,M1_Ridge
2025-01-07,Capped (Nov–Jan),1.018177731803968,1.1631808238436385,T_north,M1_Ridge
2025-01-12,Capped (Nov–Jan),1.0086344755020875,0.8000567639112588,T_north,M1_Ridge
2025-01-17,Capped (Nov–Jan),1.3405253551496472,1.3966319720992593,T_north,M1_Ridge
2025-01-22,Capped (Nov–Jan),3.3726514424680865,3.4944209023314947,T_north,M1_Ridge
2025-01-27,Capped (Nov–Jan),3.0959467510271255,2.7331505490823926,T_north,M1_Ridge
2025-02-01,Closed (Feb–Apr),4.840292984327663,4.355308203061677,T_north,M1_Ridge
2025-02-06,Closed (Feb–Apr),2.7510040202418775,2.989604393253591,T_north,M1_Ridge
2025-02-11,Closed (Feb–Apr),2.149403386465872,2.0791196565323076,T_north,M1_Ridge
2025-02-16,Closed (Feb–Apr),1.9155945946982427,1.9699122668621816,T_north,M1_Ridge
2025-02-21,Closed (Feb–Apr),4.608520501809353,4.415387578057498,T_north,M1_Ridge
2025-02-26,Closed (Feb–Apr),2.655319175771395,2.7823377222300607,T_north,M1_Ridge
2025-03-03,Closed (Feb–Apr),2.7155799253438233,3.17158290241405,T_north,M1_Ridge
2025-03-08,Closed (Feb–Apr),1.664702340095471,1.8022564684443216,T_north,M1_Ridge
2025-03-13,Closed (Feb–Apr),3.4525778227164317,2.817261420938406,T_north,M1_Ridge
2025-03-23,Closed (Feb–Apr),2.615262202178101,2.5983961063888548,T_north,M1_Ridge
2025-03-28,Closed (Feb–Apr),4.752825044222454,3.6552898544819254,T_north,M1_Ridge
2025-04-02,Closed (Feb–Apr),2.5553340674514105,2.972843258660296,T_north,M1_Ridge
2025-04-12,Closed (Feb–Apr),2.6522635943291437,2.3878424071553614,T_north,M1_Ridge
2025-09-06,Closed (May–Oct),2.777428779007122,2.7669406064450053,T_north,M1_Ridge
2025-09-29,Closed (May–Oct),2.7304036833434493,2.844466639472293,T_north,M1_Ridge
2025-10-14,Closed (May–Oct),2.177278742322498,2.3030766043544677,T_north,M1_Ridge
2025-10-19,Closed (May–Oct),1.461304954913536,0.4883715633783643,T_north,M1_Ridge
2025-10-24,Closed (May–Oct),1.1099405016494772,0.9413807869033013,T_north,M1_Ridge
2025-10-26,Closed (May–Oct),0.8550841276709905,0.8934237463124157,T_north,M1_Ridge
2025-10-29,Closed (May–Oct),1.6590687945009608,1.2941839519880876,T_north,M1_Ridge
2025-11-08,Capped (Nov–Jan),2.6323444555233837,2.633947619466908,T_north,M1_Ridge
2025-11-13,Capped (Nov–Jan),1.7007853785750962,1.2486842563228508,T_north,M1_Ridge
2025-11-15,Capped (Nov–Jan),1.3477545606332801,1.1765072339673468,T_north,M1_Ridge
2025-11-18,Capped (Nov–Jan),2.2007949240513445,1.6282009308197312,T_north,M1_Ridge
2025-11-23,Capped (Nov–Jan),1.843484440374583,2.1439061502905084,T_north,M1_Ridge
2025-11-28,Capped (Nov–Jan),1.3296620244785626,1.3079296041066582,T_north,M1_Ridge
2025-12-03,Capped (Nov–Jan),1.2462807924087131,1.7697355386415035,T_north,M1_Ridge
2025-12-05,Capped (Nov–Jan),1.480468261079921,1.5830137506428705,T_north,M1_Ridge
2025-12-08,Capped (Nov–Jan),2.4715291305079865,2.3867005305895517,T_north,M1_Ridge
2025-12-13,Capped (Nov–Jan),1.2186115714130077,1.2016048058573887,T_north,M1_Ridge
2025-12-18,Capped (Nov–Jan),0.8767891386490746,0.7721428658674752,T_north,M1_Ridge
2025-12-23,Capped (Nov–Jan),1.7305143146387694,1.995966309948555,T_north,M1_Ridge
2025-12-28,Capped (Nov–Jan),2.7274463690902753,2.7366459720016527,T_north,M1_Ridge
2026-01-02,Capped (Nov–Jan),1.325937803135361,1.243139790479056,T_north,M1_Ridge
2026-01-07,Capped (Nov–Jan),1.4380793506097505,1.3498673032437523,T_north,M1_Ridge
2026-01-12,Capped (Nov–Jan),2.227810304324791,2.153289474658769,T_north,M1_Ridge
2026-01-17,Capped (Nov–Jan),1.9410204472261312,1.8412139607000684,T_north,M1_Ridge
2026-01-22,Capped (Nov–Jan),1.966270430222909,1.9171924130857683,T_north,M1_Ridge
2026-01-27,Capped (Nov–Jan),1.7983801142568117,1.7693453401414507,T_north,M1_Ridge
2026-02-01,Closed (Feb–Apr),1.451412371621818,1.2765251882842665,T_north,M1_Ridge
2026-02-06,Closed (Feb–Apr),2.2468408648819587,2.38203850524145,T_north,M1_Ridge
2026-02-11,Closed (Feb–Apr),2.0152591189823528,1.879961392537012,T_north,M1_Ridge
2026-02-16,Closed (Feb–Apr),2.0837853984732657,2.1183866224638352,T_north,M1_Ridge
2026-02-21,Closed (Feb–Apr),2.621472933173149,2.6592724308301983,T_north,M1_Ridge
2026-02-26,Closed (Feb–Apr),2.4195880381973174,2.477270661770747,T_north,M1_Ridge
2026-03-03,Closed (Feb–Apr),3.1388439880106027,3.313434694378002,T_north,M1_Ridge
2026-03-08,Closed (Feb–Apr),2.9355104079815217,2.61724921155344,T_north,M1_Ridge
2026-03-18,Closed (Feb–Apr),2.4195880381973147,2.3958442601120438,T_north,M1_Ridge
2026-03-23,Closed (Feb–Apr),2.6307556769363853,2.724181525022989,T_north,M1_Ridge
2026-04-02,Closed (Feb–Apr),2.4092665719191673,2.6662874523473667,T_north,M1_Ridge
2026-04-14,Closed (Feb–Apr),2.7974528412405864,2.9986209351019015,T_north,M1_Ridge
2026-04-17,Closed (Feb–Apr),1.8679295935395377,2.226796687523738,T_north,M1_Ridge
2020-03-29,COVID closure 2020,2.2316337617538737,2.50925917726563,T_north,M2_RandomForest
2020-04-03,COVID closure 2020,2.436664254409141,2.5807612503188304,T_north,M2_RandomForest
2020-10-10,COVID closure 2020,1.1141601831172299,1.4807021516065324,T_north,M2_RandomForest
2020-10-15,COVID closure 2020,1.9552445431085368,1.6243145951441489,T_north,M2_RandomForest
2020-10-20,COVID closure 2020,1.8727683544109681,2.3524656976662364,T_north,M2_RandomForest
2024-11-03,Capped (Nov–Jan),2.428033925470952,2.313848570822131,T_north,M2_RandomForest
2024-11-08,Capped (Nov–Jan),0.8767891386490749,1.3345345672827127,T_north,M2_RandomForest
2024-11-18,Capped (Nov–Jan),1.6362923141628005,1.7560815789537996,T_north,M2_RandomForest
2024-11-23,Capped (Nov–Jan),2.481922174073311,2.328453529667123,T_north,M2_RandomForest
2024-12-08,Capped (Nov–Jan),1.9842720048274518,2.0780111128328436,T_north,M2_RandomForest
2024-12-13,Capped (Nov–Jan),1.8335862502137692,2.0446465139444387,T_north,M2_RandomForest
2024-12-18,Capped (Nov–Jan),1.5504746062396022,1.3788433413432868,T_north,M2_RandomForest
2024-12-23,Capped (Nov–Jan),1.421081390875387,1.742949432269464,T_north,M2_RandomForest
2024-12-28,Capped (Nov–Jan),2.173325944004138,2.2315513360941868,T_north,M2_RandomForest
2025-01-02,Capped (Nov–Jan),2.7974528127528178,2.4965316238005144,T_north,M2_RandomForest
2025-01-07,Capped (Nov–Jan),1.018177731803968,1.3886740510223945,T_north,M2_RandomForest
2025-01-12,Capped (Nov–Jan),1.0086344755020875,1.2743074827325929,T_north,M2_RandomForest
2025-01-17,Capped (Nov–Jan),1.3405253551496472,1.6445674726408566,T_north,M2_RandomForest
2025-01-22,Capped (Nov–Jan),3.3726514424680865,3.377831032251804,T_north,M2_RandomForest
2025-01-27,Capped (Nov–Jan),3.0959467510271255,3.0654994478477247,T_north,M2_RandomForest
2025-02-01,Closed (Feb–Apr),4.840292984327663,4.05074943617768,T_north,M2_RandomForest
2025-02-06,Closed (Feb–Apr),2.7510040202418775,3.1810787917448704,T_north,M2_RandomForest
2025-02-11,Closed (Feb–Apr),2.149403386465872,2.271857660746232,T_north,M2_RandomForest
2025-02-16,Closed (Feb–Apr),1.9155945946982427,2.1905925576211285,T_north,M2_RandomForest
2025-02-21,Closed (Feb–Apr),4.608520501809353,4.1932175301478125,T_north,M2_RandomForest
2025-02-26,Closed (Feb–Apr),2.655319175771395,2.8953697137215304,T_north,M2_RandomForest
2025-03-03,Closed (Feb–Apr),2.7155799253438233,2.9300564539794145,T_north,M2_RandomForest
2025-03-08,Closed (Feb–Apr),1.664702340095471,2.1509566550669743,T_north,M2_RandomForest
2025-03-13,Closed (Feb–Apr),3.4525778227164317,2.8645980579516683,T_north,M2_RandomForest
2025-03-23,Closed (Feb–Apr),2.615262202178101,2.5462229984956775,T_north,M2_RandomForest
2025-03-28,Closed (Feb–Apr),4.752825044222454,3.2692679546507084,T_north,M2_RandomForest
2025-04-02,Closed (Feb–Apr),2.5553340674514105,2.7578698108121844,T_north,M2_RandomForest
2025-04-12,Closed (Feb–Apr),2.6522635943291437,2.524161308190716,T_north,M2_RandomForest
2025-09-06,Closed (May–Oct),2.777428779007122,2.4775209765593997,T_north,M2_RandomForest
2025-09-29,Closed (May–Oct),2.7304036833434493,2.5559373127750247,T_north,M2_RandomForest
2025-10-14,Closed (May–Oct),2.177278742322498,2.145360359065344,T_north,M2_RandomForest
2025-10-19,Closed (May–Oct),1.461304954913536,1.4947507672919889,T_north,M2_RandomForest
2025-10-24,Closed (May–Oct),1.1099405016494772,1.4987589189852695,T_north,M2_RandomForest
2025-10-26,Closed (May–Oct),0.8550841276709905,1.3928206315288807,T_north,M2_RandomForest
2025-10-29,Closed (May–Oct),1.6590687945009608,1.4627315898117885,T_north,M2_RandomForest
2025-11-08,Capped (Nov–Jan),2.6323444555233837,2.564627710585406,T_north,M2_RandomForest
2025-11-13,Capped (Nov–Jan),1.7007853785750962,1.5245458953845523,T_north,M2_RandomForest
2025-11-15,Capped (Nov–Jan),1.3477545606332801,1.227495107671122,T_north,M2_RandomForest
2025-11-18,Capped (Nov–Jan),2.2007949240513445,1.4150064792474772,T_north,M2_RandomForest
2025-11-23,Capped (Nov–Jan),1.843484440374583,2.0314387137028795,T_north,M2_RandomForest
2025-11-28,Capped (Nov–Jan),1.3296620244785626,1.2425156420005161,T_north,M2_RandomForest
2025-12-03,Capped (Nov–Jan),1.2462807924087131,1.676016794119105,T_north,M2_RandomForest
2025-12-05,Capped (Nov–Jan),1.480468261079921,1.6979495199332546,T_north,M2_RandomForest
2025-12-08,Capped (Nov–Jan),2.4715291305079865,2.235620584376369,T_north,M2_RandomForest
2025-12-13,Capped (Nov–Jan),1.2186115714130077,1.511188640394412,T_north,M2_RandomForest
2025-12-18,Capped (Nov–Jan),0.8767891386490746,1.188198869595008,T_north,M2_RandomForest
2025-12-23,Capped (Nov–Jan),1.7305143146387694,1.9707075617900458,T_north,M2_RandomForest
2025-12-28,Capped (Nov–Jan),2.7274463690902753,2.6957011789558245,T_north,M2_RandomForest
2026-01-02,Capped (Nov–Jan),1.325937803135361,1.558148298285656,T_north,M2_RandomForest
2026-01-07,Capped (Nov–Jan),1.4380793506097505,1.6631015663501076,T_north,M2_RandomForest
2026-01-12,Capped (Nov–Jan),2.227810304324791,2.228116468682135,T_north,M2_RandomForest
2026-01-17,Capped (Nov–Jan),1.9410204472261312,2.0125037740568636,T_north,M2_RandomForest
2026-01-22,Capped (Nov–Jan),1.966270430222909,2.0077094115852465,T_north,M2_RandomForest
2026-01-27,Capped (Nov–Jan),1.7983801142568117,1.8512258181856482,T_north,M2_RandomForest
2026-02-01,Closed (Feb–Apr),1.451412371621818,1.7041385821611155,T_north,M2_RandomForest
2026-02-06,Closed (Feb–Apr),2.2468408648819587,2.336673063169913,T_north,M2_RandomForest
2026-02-11,Closed (Feb–Apr),2.0152591189823528,2.1419097098260007,T_north,M2_RandomForest
2026-02-16,Closed (Feb–Apr),2.0837853984732657,2.359783874436068,T_north,M2_RandomForest
2026-02-21,Closed (Feb–Apr),2.621472933173149,2.51373008762776,T_north,M2_RandomForest
2026-02-26,Closed (Feb–Apr),2.4195880381973174,2.486499574110953,T_north,M2_RandomForest
2026-03-03,Closed (Feb–Apr),3.1388439880106027,3.1360257050313147,T_north,M2_RandomForest
2026-03-08,Closed (Feb–Apr),2.9355104079815217,2.5783192716844576,T_north,M2_RandomForest
2026-03-18,Closed (Feb–Apr),2.4195880381973147,2.517602668425432,T_north,M2_RandomForest
2026-03-23,Closed (Feb–Apr),2.6307556769363853,2.6198144797796385,T_north,M2_RandomForest
2026-04-02,Closed (Feb–Apr),2.4092665719191673,2.589507464504437,T_north,M2_RandomForest
2026-04-14,Closed (Feb–Apr),2.7974528412405864,2.7849643375981277,T_north,M2_RandomForest
2026-04-17,Closed (Feb–Apr),1.8679295935395377,2.285554656720961,T_north,M2_RandomForest
2020-03-29,COVID closure 2020,2.2316337617538737,2.384438991546631,T_north,M3_XGBoost
2020-04-03,COVID closure 2020,2.436664254409141,2.598937749862671,T_north,M3_XGBoost
2020-10-10,COVID closure 2020,1.1141601831172299,1.1143248081207275,T_north,M3_XGBoost
2020-10-15,COVID closure 2020,1.9552445431085368,1.7572981119155884,T_north,M3_XGBoost
2020-10-20,COVID closure 2020,1.8727683544109681,2.515192985534668,T_north,M3_XGBoost
2024-11-03,Capped (Nov–Jan),2.428033925470952,2.5552308559417725,T_north,M3_XGBoost
2024-11-08,Capped (Nov–Jan),0.8767891386490749,1.1796056032180786,T_north,M3_XGBoost
2024-11-18,Capped (Nov–Jan),1.6362923141628005,1.8444163799285889,T_north,M3_XGBoost
2024-11-23,Capped (Nov–Jan),2.481922174073311,2.329072952270508,T_north,M3_XGBoost
2024-12-08,Capped (Nov–Jan),1.9842720048274518,2.0267696380615234,T_north,M3_XGBoost
2024-12-13,Capped (Nov–Jan),1.8335862502137692,1.97605562210083,T_north,M3_XGBoost
2024-12-18,Capped (Nov–Jan),1.5504746062396022,1.3101847171783447,T_north,M3_XGBoost
2024-12-23,Capped (Nov–Jan),1.421081390875387,1.6158316135406494,T_north,M3_XGBoost
2024-12-28,Capped (Nov–Jan),2.173325944004138,2.129743814468384,T_north,M3_XGBoost
2025-01-02,Capped (Nov–Jan),2.7974528127528178,2.4940743446350098,T_north,M3_XGBoost
2025-01-07,Capped (Nov–Jan),1.018177731803968,1.0850287675857544,T_north,M3_XGBoost
2025-01-12,Capped (Nov–Jan),1.0086344755020875,0.9351590871810913,T_north,M3_XGBoost
2025-01-17,Capped (Nov–Jan),1.3405253551496472,1.5576359033584595,T_north,M3_XGBoost
2025-01-22,Capped (Nov–Jan),3.3726514424680865,3.421945333480835,T_north,M3_XGBoost
2025-01-27,Capped (Nov–Jan),3.0959467510271255,3.0809857845306396,T_north,M3_XGBoost
2025-02-01,Closed (Feb–Apr),4.840292984327663,4.385322570800781,T_north,M3_XGBoost
2025-02-06,Closed (Feb–Apr),2.7510040202418775,3.2562789916992188,T_north,M3_XGBoost
2025-02-11,Closed (Feb–Apr),2.149403386465872,2.201561689376831,T_north,M3_XGBoost
2025-02-16,Closed (Feb–Apr),1.9155945946982427,2.2517430782318115,T_north,M3_XGBoost
2025-02-21,Closed (Feb–Apr),4.608520501809353,4.670121669769287,T_north,M3_XGBoost
2025-02-26,Closed (Feb–Apr),2.655319175771395,2.922045946121216,T_north,M3_XGBoost
2025-03-03,Closed (Feb–Apr),2.7155799253438233,2.923490524291992,T_north,M3_XGBoost
2025-03-08,Closed (Feb–Apr),1.664702340095471,2.0636260509490967,T_north,M3_XGBoost
2025-03-13,Closed (Feb–Apr),3.4525778227164317,2.8648266792297363,T_north,M3_XGBoost
2025-03-23,Closed (Feb–Apr),2.615262202178101,2.536046266555786,T_north,M3_XGBoost
2025-03-28,Closed (Feb–Apr),4.752825044222454,3.4509851932525635,T_north,M3_XGBoost
2025-04-02,Closed (Feb–Apr),2.5553340674514105,2.9845428466796875,T_north,M3_XGBoost
2025-04-12,Closed (Feb–Apr),2.6522635943291437,2.4919772148132324,T_north,M3_XGBoost
2025-09-06,Closed (May–Oct),2.777428779007122,2.5971784591674805,T_north,M3_XGBoost
2025-09-29,Closed (May–Oct),2.7304036833434493,2.852201223373413,T_north,M3_XGBoost
2025-10-14,Closed (May–Oct),2.177278742322498,2.262058973312378,T_north,M3_XGBoost
2025-10-19,Closed (May–Oct),1.461304954913536,1.3221380710601807,T_north,M3_XGBoost
2025-10-24,Closed (May–Oct),1.1099405016494772,1.4370204210281372,T_north,M3_XGBoost
2025-10-26,Closed (May–Oct),0.8550841276709905,1.2561310529708862,T_north,M3_XGBoost
2025-10-29,Closed (May–Oct),1.6590687945009608,1.4616904258728027,T_north,M3_XGBoost
2025-11-08,Capped (Nov–Jan),2.6323444555233837,2.7123398780822754,T_north,M3_XGBoost
2025-11-13,Capped (Nov–Jan),1.7007853785750962,1.31810462474823,T_north,M3_XGBoost
2025-11-15,Capped (Nov–Jan),1.3477545606332801,0.9980574250221252,T_north,M3_XGBoost
2025-11-18,Capped (Nov–Jan),2.2007949240513445,1.6483442783355713,T_north,M3_XGBoost
2025-11-23,Capped (Nov–Jan),1.843484440374583,2.048039674758911,T_north,M3_XGBoost
2025-11-28,Capped (Nov–Jan),1.3296620244785626,1.315076470375061,T_north,M3_XGBoost
2025-12-03,Capped (Nov–Jan),1.2462807924087131,1.7986407279968262,T_north,M3_XGBoost
2025-12-05,Capped (Nov–Jan),1.480468261079921,1.7161308526992798,T_north,M3_XGBoost
2025-12-08,Capped (Nov–Jan),2.4715291305079865,2.3948631286621094,T_north,M3_XGBoost
2025-12-13,Capped (Nov–Jan),1.2186115714130077,1.4162474870681763,T_north,M3_XGBoost
2025-12-18,Capped (Nov–Jan),0.8767891386490746,0.8743448257446289,T_north,M3_XGBoost
2025-12-23,Capped (Nov–Jan),1.7305143146387694,1.8616544008255005,T_north,M3_XGBoost
2025-12-28,Capped (Nov–Jan),2.7274463690902753,2.7926251888275146,T_north,M3_XGBoost
2026-01-02,Capped (Nov–Jan),1.325937803135361,1.5229346752166748,T_north,M3_XGBoost
2026-01-07,Capped (Nov–Jan),1.4380793506097505,1.6034538745880127,T_north,M3_XGBoost
2026-01-12,Capped (Nov–Jan),2.227810304324791,2.106891632080078,T_north,M3_XGBoost
2026-01-17,Capped (Nov–Jan),1.9410204472261312,1.9529162645339966,T_north,M3_XGBoost
2026-01-22,Capped (Nov–Jan),1.966270430222909,1.8416128158569336,T_north,M3_XGBoost
2026-01-27,Capped (Nov–Jan),1.7983801142568117,1.5740245580673218,T_north,M3_XGBoost
2026-02-01,Closed (Feb–Apr),1.451412371621818,1.595208764076233,T_north,M3_XGBoost
2026-02-06,Closed (Feb–Apr),2.2468408648819587,2.3759725093841553,T_north,M3_XGBoost
2026-02-11,Closed (Feb–Apr),2.0152591189823528,2.0323286056518555,T_north,M3_XGBoost
2026-02-16,Closed (Feb–Apr),2.0837853984732657,2.2933852672576904,T_north,M3_XGBoost
2026-02-21,Closed (Feb–Apr),2.621472933173149,2.5888404846191406,T_north,M3_XGBoost
2026-02-26,Closed (Feb–Apr),2.4195880381973174,2.544274091720581,T_north,M3_XGBoost
2026-03-03,Closed (Feb–Apr),3.1388439880106027,3.267638683319092,T_north,M3_XGBoost
2026-03-08,Closed (Feb–Apr),2.9355104079815217,2.558842182159424,T_north,M3_XGBoost
2026-03-18,Closed (Feb–Apr),2.4195880381973147,2.4101827144622803,T_north,M3_XGBoost
2026-03-23,Closed (Feb–Apr),2.6307556769363853,2.6968235969543457,T_north,M3_XGBoost
2026-04-02,Closed (Feb–Apr),2.4092665719191673,2.6111154556274414,T_north,M3_XGBoost
2026-04-14,Closed (Feb–Apr),2.7974528412405864,2.7331502437591553,T_north,M3_XGBoost
2026-04-17,Closed (Feb–Apr),1.8679295935395377,2.2447996139526367,T_north,M3_XGBoost
2020-03-29,COVID closure 2020,2.391934677377482,2.286623561079739,T_east,M0_Ratio
2020-04-03,COVID closure 2020,2.374436764876064,2.520831594853829,T_east,M0_Ratio
2020-10-10,COVID closure 2020,0.03081232853960121,0.4108986173728739,T_east,M0_Ratio
2020-10-15,COVID closure 2020,0.7873541885218414,0.7924117999326682,T_east,M0_Ratio
2020-10-20,COVID closure 2020,1.725151294313897,1.8630571024909428,T_east,M0_Ratio
2024-11-03,Capped (Nov–Jan),1.8679295935395386,2.0758970292512595,T_east,M0_Ratio
2024-11-08,Capped (Nov–Jan),0.9596997459300435,0.7094977028408349,T_east,M0_Ratio
2024-11-18,Capped (Nov–Jan),1.2962300101667503,1.2923002024480934,T_east,M0_Ratio
2024-11-23,Capped (Nov–Jan),2.12511641242664,2.336867465357493,T_east,M0_Ratio
2024-11-28,Capped (Nov–Jan),1.7143609114070317,1.772495350975112,T_east,M0_Ratio
2024-12-08,Capped (Nov–Jan),1.882396744883703,1.9245756749959464,T_east,M0_Ratio
2024-12-13,Capped (Nov–Jan),1.6814609110035803,1.8309549526017177,T_east,M0_Ratio
2024-12-18,Capped (Nov–Jan),0.9395282704505343,0.9085692002884339,T_east,M0_Ratio
2024-12-23,Capped (Nov–Jan),0.7989286085441172,1.458825153677191,T_east,M0_Ratio
2024-12-28,Capped (Nov–Jan),1.8085302077350829,2.3586239593896505,T_east,M0_Ratio
2025-01-02,Capped (Nov–Jan),3.426177258891764,2.699452034856628,T_east,M0_Ratio
2025-01-07,Capped (Nov–Jan),0.8659884873250357,0.8977900895629954,T_east,M0_Ratio
2025-01-12,Capped (Nov–Jan),0.887488175270015,0.7070921137834479,T_east,M0_Ratio
2025-01-17,Capped (Nov–Jan),0.8874881752700153,1.1710176016147351,T_east,M0_Ratio
2025-01-22,Capped (Nov–Jan),2.367389912825014,3.477622537117439,T_east,M0_Ratio
2025-01-27,Capped (Nov–Jan),2.780135299559171,2.92198548198899,T_east,M0_Ratio
2025-02-01,Closed (Feb–Apr),4.7895265919568315,4.675796726722077,T_east,M0_Ratio
2025-02-06,Closed (Feb–Apr),2.688658581677756,3.1867939147139226,T_east,M0_Ratio
2025-02-11,Closed (Feb–Apr),2.1574173045285034,2.2061465182036084,T_east,M0_Ratio
2025-02-16,Closed (Feb–Apr),1.867929593539535,1.8817159309874834,T_east,M0_Ratio
2025-02-21,Closed (Feb–Apr),4.506536911145095,4.803948107624431,T_east,M0_Ratio
2025-02-26,Closed (Feb–Apr),2.5680941710319574,2.834564223598338,T_east,M0_Ratio
2025-03-03,Closed (Feb–Apr),2.780135299559171,3.1667751189228146,T_east,M0_Ratio
2025-03-08,Closed (Feb–Apr),1.783014022405486,1.839880329485987,T_east,M0_Ratio
2025-03-13,Closed (Feb–Apr),2.797452845913731,2.85421250956407,T_east,M0_Ratio
2025-03-23,Closed (Feb–Apr),2.402353458479545,2.554412124327405,T_east,M0_Ratio
2025-03-28,Closed (Feb–Apr),3.7433388470746354,3.4624617049362647,T_east,M0_Ratio
2025-04-02,Closed (Feb–Apr),3.316731047626737,2.681775818386522,T_east,M0_Ratio
2025-04-12,Closed (Feb–Apr),2.6583704561532087,2.3382276071470423,T_east,M0_Ratio
2025-09-06,Closed (May–Oct),2.4770282436178124,2.322643055128395,T_east,M0_Ratio
2025-09-29,Closed (May–Oct),2.0370071077376544,2.183847427796358,T_east,M0_Ratio
2025-10-14,Closed (May–Oct),2.1210320837873513,1.7727528939316373,T_east,M0_Ratio
2025-10-19,Closed (May–Oct),0.9696542244231234,-0.6624996143573869,T_east,M0_Ratio
2025-10-24,Closed (May–Oct),0.260867625835415,-0.14280139842118436,T_east,M0_Ratio
2025-10-26,Closed (May–Oct),0.21238364891690414,-0.1382274641402695,T_east,M0_Ratio
2025-10-29,Closed (May–Oct),0.4342468693653934,0.44604899199917014,T_east,M0_Ratio
2025-11-08,Capped (Nov–Jan),2.33533077486071,2.2059117667896344,T_east,M0_Ratio
2025-11-13,Capped (Nov–Jan),1.8034644447951318,0.9479370979616479,T_east,M0_Ratio
2025-11-15,Capped (Nov–Jan),0.9596997459300433,0.5578286162641242,T_east,M0_Ratio
2025-11-18,Capped (Nov–Jan),0.7397042973017108,0.6872842492797214,T_east,M0_Ratio
2025-11-23,Capped (Nov–Jan),1.772673880139067,1.8046927931363426,T_east,M0_Ratio
2025-11-28,Capped (Nov–Jan),1.0181777318039675,0.8902350860075513,T_east,M0_Ratio
2025-12-03,Capped (Nov–Jan),0.8874881752700153,1.1174289897714544,T_east,M0_Ratio
2025-12-05,Capped (Nov–Jan),1.2502604731257545,1.229195810847676,T_east,M0_Ratio
2025-12-08,Capped (Nov–Jan),2.3245140141648433,2.2288431982395767,T_east,M0_Ratio
2025-12-13,Capped (Nov–Jan),1.1943144083070296,1.0818364448967686,T_east,M0_Ratio
2025-12-18,Capped (Nov–Jan),0.7756593100122376,0.49409334204764466,T_east,M0_Ratio
2025-12-23,Capped (Nov–Jan),1.687000633031447,1.85780322988882,T_east,M0_Ratio
2025-12-28,Capped (Nov–Jan),2.6059122596052835,2.766327997028835,T_east,M0_Ratio
2026-01-02,Capped (Nov–Jan),1.0276430097007925,1.1015397815162007,T_east,M0_Ratio
2026-01-07,Capped (Nov–Jan),0.9696542244231231,1.1641562564012078,T_east,M0_Ratio
2026-01-12,Capped (Nov–Jan),2.112831459507838,2.2173148849883124,T_east,M0_Ratio
2026-01-17,Capped (Nov–Jan),1.7830140224054867,1.8861783463136708,T_east,M0_Ratio
2026-01-22,Capped (Nov–Jan),1.7197668284448115,1.8418177340610196,T_east,M0_Ratio
2026-01-27,Capped (Nov–Jan),1.4905853851864155,1.621519720466348,T_east,M0_Ratio
2026-02-01,Closed (Feb–Apr),1.126988035634047,1.0884468840879487,T_east,M0_Ratio
2026-02-06,Closed (Feb–Apr),2.1373064408500095,2.282988023125912,T_east,M0_Ratio
2026-02-11,Closed (Feb–Apr),2.108715011060892,2.094285875244143,T_east,M0_Ratio
2026-02-16,Closed (Feb–Apr),2.1373064408500126,2.2414952275989353,T_east,M0_Ratio
2026-02-21,Closed (Feb–Apr),2.5965211693014907,2.6340383956845757,T_east,M0_Ratio
2026-02-26,Closed (Feb–Apr),2.486988040499495,2.623925074069202,T_east,M0_Ratio
2026-03-03,Closed (Feb–Apr),2.7421967869028956,3.255391541724689,T_east,M0_Ratio
2026-03-08,Closed (Feb–Apr),2.7743362399855784,2.6005396792000313,T_east,M0_Ratio
2026-03-18,Closed (Feb–Apr),2.443451416578764,2.1658415399073268,T_east,M0_Ratio
2026-03-23,Closed (Feb–Apr),2.5996561858674903,2.5934509841935927,T_east,M0_Ratio
2026-04-02,Closed (Feb–Apr),2.4535866104385566,2.4664734735890543,T_east,M0_Ratio
2026-04-14,Closed (Feb–Apr),2.6245715575517163,2.730677659906686,T_east,M0_Ratio
2026-04-17,Closed (Feb–Apr),1.3259378031353601,1.7937125033864758,T_east,M0_Ratio
2020-03-29,COVID closure 2020,2.391934677377482,2.343518476942103,T_east,M1_Ridge
2020-04-03,COVID closure 2020,2.374436764876064,2.618845912210165,T_east,M1_Ridge
2020-10-10,COVID closure 2020,0.03081232853960121,0.7632083674251844,T_east,M1_Ridge
2020-10-15,COVID closure 2020,0.7873541885218414,1.2775296893993624,T_east,M1_Ridge
2020-10-20,COVID closure 2020,1.725151294313897,1.9078669622544795,T_east,M1_Ridge
2024-11-03,Capped (Nov–Jan),1.8679295935395386,2.1259638428498295,T_east,M1_Ridge
2024-11-08,Capped (Nov–Jan),0.9596997459300435,0.8542985751903516,T_east,M1_Ridge
2024-11-18,Capped (Nov–Jan),1.2962300101667503,1.4205341362067796,T_east,M1_Ridge
2024-11-23,Capped (Nov–Jan),2.12511641242664,2.160121081996361,T_east,M1_Ridge
2024-11-28,Capped (Nov–Jan),1.7143609114070317,1.7279022246358073,T_east,M1_Ridge
2024-12-08,Capped (Nov–Jan),1.882396744883703,1.8727926020949979,T_east,M1_Ridge
2024-12-13,Capped (Nov–Jan),1.6814609110035803,1.8909460426719655,T_east,M1_Ridge
2024-12-18,Capped (Nov–Jan),0.9395282704505343,1.0315557755553766,T_east,M1_Ridge
2024-12-23,Capped (Nov–Jan),0.7989286085441172,1.4486716452174084,T_east,M1_Ridge
2024-12-28,Capped (Nov–Jan),1.8085302077350829,2.2244955999375624,T_east,M1_Ridge
2025-01-02,Capped (Nov–Jan),3.426177258891764,2.564695848136283,T_east,M1_Ridge
2025-01-07,Capped (Nov–Jan),0.8659884873250357,1.0695117710529825,T_east,M1_Ridge
2025-01-12,Capped (Nov–Jan),0.887488175270015,0.8548346637871367,T_east,M1_Ridge
2025-01-17,Capped (Nov–Jan),0.8874881752700153,1.2964733691157062,T_east,M1_Ridge
2025-01-22,Capped (Nov–Jan),2.367389912825014,3.218734633937938,T_east,M1_Ridge
2025-01-27,Capped (Nov–Jan),2.780135299559171,2.675437709805311,T_east,M1_Ridge
2025-02-01,Closed (Feb–Apr),4.7895265919568315,4.432094533132833,T_east,M1_Ridge
2025-02-06,Closed (Feb–Apr),2.688658581677756,2.9681231480199424,T_east,M1_Ridge
2025-02-11,Closed (Feb–Apr),2.1574173045285034,2.114922505179204,T_east,M1_Ridge
2025-02-16,Closed (Feb–Apr),1.867929593539535,1.87675224344093,T_east,M1_Ridge
2025-02-21,Closed (Feb–Apr),4.506536911145095,4.443119674321487,T_east,M1_Ridge
2025-02-26,Closed (Feb–Apr),2.5680941710319574,2.7050329319444657,T_east,M1_Ridge
2025-03-03,Closed (Feb–Apr),2.780135299559171,3.1769978328438437,T_east,M1_Ridge
2025-03-08,Closed (Feb–Apr),1.783014022405486,1.8425364396399209,T_east,M1_Ridge
2025-03-13,Closed (Feb–Apr),2.797452845913731,2.8478650808096684,T_east,M1_Ridge
2025-03-23,Closed (Feb–Apr),2.402353458479545,2.388922683459375,T_east,M1_Ridge
2025-03-28,Closed (Feb–Apr),3.7433388470746354,3.4877336765783244,T_east,M1_Ridge
2025-04-02,Closed (Feb–Apr),3.316731047626737,2.78878357106483,T_east,M1_Ridge
2025-04-12,Closed (Feb–Apr),2.6583704561532087,2.2950065304350384,T_east,M1_Ridge
2025-09-06,Closed (May–Oct),2.4770282436178124,2.6119975972932723,T_east,M1_Ridge
2025-09-29,Closed (May–Oct),2.0370071077376544,2.3725008386370656,T_east,M1_Ridge
2025-10-14,Closed (May–Oct),2.1210320837873513,1.8601980841433268,T_east,M1_Ridge
2025-10-19,Closed (May–Oct),0.9696542244231234,-0.14322766470007098,T_east,M1_Ridge
2025-10-24,Closed (May–Oct),0.260867625835415,0.19992577149564528,T_east,M1_Ridge
2025-10-26,Closed (May–Oct),0.21238364891690414,0.240812640153087,T_east,M1_Ridge
2025-10-29,Closed (May–Oct),0.4342468693653934,0.747160224857093,T_east,M1_Ridge
2025-11-08,Capped (Nov–Jan),2.33533077486071,2.029767965491379,T_east,M1_Ridge
2025-11-13,Capped (Nov–Jan),1.8034644447951318,1.0883830907095382,T_east,M1_Ridge
2025-11-15,Capped (Nov–Jan),0.9596997459300433,0.7221513218949389,T_east,M1_Ridge
2025-11-18,Capped (Nov–Jan),0.7397042973017108,0.8781775691590938,T_east,M1_Ridge
2025-11-23,Capped (Nov–Jan),1.772673880139067,1.7442487605847148,T_east,M1_Ridge
2025-11-28,Capped (Nov–Jan),1.0181777318039675,0.9782270670507887,T_east,M1_Ridge
2025-12-03,Capped (Nov–Jan),0.8874881752700153,1.3008258492953173,T_east,M1_Ridge
2025-12-05,Capped (Nov–Jan),1.2502604731257545,1.353051127039199,T_east,M1_Ridge
2025-12-08,Capped (Nov–Jan),2.3245140141648433,2.147997926010908,T_east,M1_Ridge
2025-12-13,Capped (Nov–Jan),1.1943144083070296,1.0980996826975349,T_east,M1_Ridge
2025-12-18,Capped (Nov–Jan),0.7756593100122376,0.6227667816971985,T_east,M1_Ridge
2025-12-23,Capped (Nov–Jan),1.687000633031447,1.8589236956814574,T_east,M1_Ridge
2025-12-28,Capped (Nov–Jan),2.6059122596052835,2.696285096928736,T_east,M1_Ridge
2026-01-02,Capped (Nov–Jan),1.0276430097007925,1.1736543352056912,T_east,M1_Ridge
2026-01-07,Capped (Nov–Jan),0.9696542244231231,1.2171483123749662,T_east,M1_Ridge
2026-01-12,Capped (Nov–Jan),2.112831459507838,2.1603459090541084,T_east,M1_Ridge
2026-01-17,Capped (Nov–Jan),1.7830140224054867,1.8470744545898463,T_east,M1_Ridge
2026-01-22,Capped (Nov–Jan),1.7197668284448115,1.7804617489663066,T_east,M1_Ridge
2026-01-27,Capped (Nov–Jan),1.4905853851864155,1.598665203196443,T_east,M1_Ridge
2026-02-01,Closed (Feb–Apr),1.126988035634047,1.1815240902730844,T_east,M1_Ridge
2026-02-06,Closed (Feb–Apr),2.1373064408500095,2.1370408312150184,T_east,M1_Ridge
2026-02-11,Closed (Feb–Apr),2.108715011060892,1.9530729544096146,T_east,M1_Ridge
2026-02-16,Closed (Feb–Apr),2.1373064408500126,2.1336288858076,T_east,M1_Ridge
2026-02-21,Closed (Feb–Apr),2.5965211693014907,2.5868474079902866,T_east,M1_Ridge
2026-02-26,Closed (Feb–Apr),2.486988040499495,2.5225266853842467,T_east,M1_Ridge
2026-03-03,Closed (Feb–Apr),2.7421967869028956,3.249326941208942,T_east,M1_Ridge
2026-03-08,Closed (Feb–Apr),2.7743362399855784,2.6736014963348635,T_east,M1_Ridge
2026-03-18,Closed (Feb–Apr),2.443451416578764,2.3453675040624904,T_east,M1_Ridge
2026-03-23,Closed (Feb–Apr),2.5996561858674903,2.629796612064199,T_east,M1_Ridge
2026-04-02,Closed (Feb–Apr),2.4535866104385566,2.4977910868180833,T_east,M1_Ridge
2026-04-14,Closed (Feb–Apr),2.6245715575517163,2.8555964259258886,T_east,M1_Ridge
2026-04-17,Closed (Feb–Apr),1.3259378031353601,2.073630225222725,T_east,M1_Ridge
2020-03-29,COVID closure 2020,2.391934677377482,2.46046755361587,T_east,M2_RandomForest
2020-04-03,COVID closure 2020,2.374436764876064,2.6206632468176423,T_east,M2_RandomForest
2020-10-10,COVID closure 2020,0.03081232853960121,0.6720332862141527,T_east,M2_RandomForest
2020-10-15,COVID closure 2020,0.7873541885218414,0.9384861547162157,T_east,M2_RandomForest
2020-10-20,COVID closure 2020,1.725151294313897,1.7989130259398407,T_east,M2_RandomForest
2024-11-03,Capped (Nov–Jan),1.8679295935395386,1.9467046195137896,T_east,M2_RandomForest
2024-11-08,Capped (Nov–Jan),0.9596997459300435,1.0059703703723308,T_east,M2_RandomForest
2024-11-18,Capped (Nov–Jan),1.2962300101667503,1.33426516179868,T_east,M2_RandomForest
2024-11-23,Capped (Nov–Jan),2.12511641242664,2.161083127095537,T_east,M2_RandomForest
2024-11-28,Capped (Nov–Jan),1.7143609114070317,1.6811566404260283,T_east,M2_RandomForest
2024-12-08,Capped (Nov–Jan),1.882396744883703,1.9182559778357378,T_east,M2_RandomForest
2024-12-13,Capped (Nov–Jan),1.6814609110035803,1.7426750800745594,T_east,M2_RandomForest
2024-12-18,Capped (Nov–Jan),0.9395282704505343,1.1692821181069237,T_east,M2_RandomForest
2024-12-23,Capped (Nov–Jan),0.7989286085441172,1.4223636659914969,T_east,M2_RandomForest
2024-12-28,Capped (Nov–Jan),1.8085302077350829,2.167095150515858,T_east,M2_RandomForest
2025-01-02,Capped (Nov–Jan),3.426177258891764,2.700358637071305,T_east,M2_RandomForest
2025-01-07,Capped (Nov–Jan),0.8659884873250357,1.2487850574259103,T_east,M2_RandomForest
2025-01-12,Capped (Nov–Jan),0.887488175270015,1.0696610036377543,T_east,M2_RandomForest
2025-01-17,Capped (Nov–Jan),0.8874881752700153,1.2794467878015292,T_east,M2_RandomForest
2025-01-22,Capped (Nov–Jan),2.367389912825014,3.5829706104388537,T_east,M2_RandomForest
2025-01-27,Capped (Nov–Jan),2.780135299559171,2.638836483493434,T_east,M2_RandomForest
2025-02-01,Closed (Feb–Apr),4.7895265919568315,4.092221879192128,T_east,M2_RandomForest
2025-02-06,Closed (Feb–Apr),2.688658581677756,2.746341560366539,T_east,M2_RandomForest
2025-02-11,Closed (Feb–Apr),2.1574173045285034,2.240099101008595,T_east,M2_RandomForest
2025-02-16,Closed (Feb–Apr),1.867929593539535,2.0417986953206446,T_east,M2_RandomForest
2025-02-21,Closed (Feb–Apr),4.506536911145095,4.300669694611248,T_east,M2_RandomForest
2025-02-26,Closed (Feb–Apr),2.5680941710319574,2.6531110563430564,T_east,M2_RandomForest
2025-03-03,Closed (Feb–Apr),2.780135299559171,2.801796746540843,T_east,M2_RandomForest
2025-03-08,Closed (Feb–Apr),1.783014022405486,2.0790942928051863,T_east,M2_RandomForest
2025-03-13,Closed (Feb–Apr),2.797452845913731,2.7646128511568238,T_east,M2_RandomForest
2025-03-23,Closed (Feb–Apr),2.402353458479545,2.543064798648304,T_east,M2_RandomForest
2025-03-28,Closed (Feb–Apr),3.7433388470746354,3.4118758529165554,T_east,M2_RandomForest
2025-04-02,Closed (Feb–Apr),3.316731047626737,2.873094158329188,T_east,M2_RandomForest
2025-04-12,Closed (Feb–Apr),2.6583704561532087,2.380409618644835,T_east,M2_RandomForest
2025-09-06,Closed (May–Oct),2.4770282436178124,2.342178983787331,T_east,M2_RandomForest
2025-09-29,Closed (May–Oct),2.0370071077376544,2.239446671074267,T_east,M2_RandomForest
2025-10-14,Closed (May–Oct),2.1210320837873513,1.7614934043103572,T_east,M2_RandomForest
2025-10-19,Closed (May–Oct),0.9696542244231234,0.6157132241395993,T_east,M2_RandomForest
2025-10-24,Closed (May–Oct),0.260867625835415,0.666128773937713,T_east,M2_RandomForest
2025-10-26,Closed (May–Oct),0.21238364891690414,0.6658883486519004,T_east,M2_RandomForest
2025-10-29,Closed (May–Oct),0.4342468693653934,0.8738230202635339,T_east,M2_RandomForest
2025-11-08,Capped (Nov–Jan),2.33533077486071,2.213685257169435,T_east,M2_RandomForest
2025-11-13,Capped (Nov–Jan),1.8034644447951318,1.1928638302329972,T_east,M2_RandomForest
2025-11-15,Capped (Nov–Jan),0.9596997459300433,0.9516407017560667,T_east,M2_RandomForest
2025-11-18,Capped (Nov–Jan),0.7397042973017108,0.9594529569059101,T_east,M2_RandomForest
2025-11-23,Capped (Nov–Jan),1.772673880139067,1.7744682427404666,T_east,M2_RandomForest
2025-11-28,Capped (Nov–Jan),1.0181777318039675,1.177992540086856,T_east,M2_RandomForest
2025-12-03,Capped (Nov–Jan),0.8874881752700153,1.201092772243879,T_east,M2_RandomForest
2025-12-05,Capped (Nov–Jan),1.2502604731257545,1.212539998701838,T_east,M2_RandomForest
2025-12-08,Capped (Nov–Jan),2.3245140141648433,2.142164958835571,T_east,M2_RandomForest
2025-12-13,Capped (Nov–Jan),1.1943144083070296,1.2256965421929402,T_east,M2_RandomForest
2025-12-18,Capped (Nov–Jan),0.7756593100122376,0.9263228071973671,T_east,M2_RandomForest
2025-12-23,Capped (Nov–Jan),1.687000633031447,1.8436477970036846,T_east,M2_RandomForest
2025-12-28,Capped (Nov–Jan),2.6059122596052835,2.6415351897022172,T_east,M2_RandomForest
2026-01-02,Capped (Nov–Jan),1.0276430097007925,1.2283559429801378,T_east,M2_RandomForest
2026-01-07,Capped (Nov–Jan),0.9696542244231231,1.4086344655142204,T_east,M2_RandomForest
2026-01-12,Capped (Nov–Jan),2.112831459507838,2.2092369703223276,T_east,M2_RandomForest
2026-01-17,Capped (Nov–Jan),1.7830140224054867,1.9305706221892935,T_east,M2_RandomForest
2026-01-22,Capped (Nov–Jan),1.7197668284448115,1.8537253722942082,T_east,M2_RandomForest
2026-01-27,Capped (Nov–Jan),1.4905853851864155,1.7497194650755405,T_east,M2_RandomForest
2026-02-01,Closed (Feb–Apr),1.126988035634047,1.484045648784797,T_east,M2_RandomForest
2026-02-06,Closed (Feb–Apr),2.1373064408500095,2.2529618191712926,T_east,M2_RandomForest
2026-02-11,Closed (Feb–Apr),2.108715011060892,2.0671813628201994,T_east,M2_RandomForest
2026-02-16,Closed (Feb–Apr),2.1373064408500126,2.251820259071323,T_east,M2_RandomForest
2026-02-21,Closed (Feb–Apr),2.5965211693014907,2.5505825047774016,T_east,M2_RandomForest
2026-02-26,Closed (Feb–Apr),2.486988040499495,2.521549283086398,T_east,M2_RandomForest
2026-03-03,Closed (Feb–Apr),2.7421967869028956,2.869601052298637,T_east,M2_RandomForest
2026-03-08,Closed (Feb–Apr),2.7743362399855784,2.6439747665334195,T_east,M2_RandomForest
2026-03-18,Closed (Feb–Apr),2.443451416578764,2.274646127656612,T_east,M2_RandomForest
2026-03-23,Closed (Feb–Apr),2.5996561858674903,2.683786923436965,T_east,M2_RandomForest
2026-04-02,Closed (Feb–Apr),2.4535866104385566,2.5658718127287377,T_east,M2_RandomForest
2026-04-14,Closed (Feb–Apr),2.6245715575517163,2.841930629937729,T_east,M2_RandomForest
2026-04-17,Closed (Feb–Apr),1.3259378031353601,2.1217097928976902,T_east,M2_RandomForest
2020-03-29,COVID closure 2020,2.391934677377482,2.3384008407592773,T_east,M3_XGBoost
2020-04-03,COVID closure 2020,2.374436764876064,2.518583059310913,T_east,M3_XGBoost
2020-10-10,COVID closure 2020,0.03081232853960121,0.5077059268951416,T_east,M3_XGBoost
2020-10-15,COVID closure 2020,0.7873541885218414,1.211134672164917,T_east,M3_XGBoost
2020-10-20,COVID closure 2020,1.725151294313897,1.8489166498184204,T_east,M3_XGBoost
2024-11-03,Capped (Nov–Jan),1.8679295935395386,1.9542341232299805,T_east,M3_XGBoost
2024-11-08,Capped (Nov–Jan),0.9596997459300435,0.9883291721343994,T_east,M3_XGBoost
2024-11-18,Capped (Nov–Jan),1.2962300101667503,1.4201351404190063,T_east,M3_XGBoost
2024-11-23,Capped (Nov–Jan),2.12511641242664,2.145744562149048,T_east,M3_XGBoost
2024-11-28,Capped (Nov–Jan),1.7143609114070317,1.675646424293518,T_east,M3_XGBoost
2024-12-08,Capped (Nov–Jan),1.882396744883703,1.7728543281555176,T_east,M3_XGBoost
2024-12-13,Capped (Nov–Jan),1.6814609110035803,1.7277458906173706,T_east,M3_XGBoost
2024-12-18,Capped (Nov–Jan),0.9395282704505343,1.2095471620559692,T_east,M3_XGBoost
2024-12-23,Capped (Nov–Jan),0.7989286085441172,1.3492319583892822,T_east,M3_XGBoost
2024-12-28,Capped (Nov–Jan),1.8085302077350829,2.1196751594543457,T_east,M3_XGBoost
2025-01-02,Capped (Nov–Jan),3.426177258891764,2.652327060699463,T_east,M3_XGBoost
2025-01-07,Capped (Nov–Jan),0.8659884873250357,1.1601895093917847,T_east,M3_XGBoost
2025-01-12,Capped (Nov–Jan),0.887488175270015,0.8579616546630859,T_east,M3_XGBoost
2025-01-17,Capped (Nov–Jan),0.8874881752700153,1.1376581192016602,T_east,M3_XGBoost
2025-01-22,Capped (Nov–Jan),2.367389912825014,3.3490352630615234,T_east,M3_XGBoost
2025-01-27,Capped (Nov–Jan),2.780135299559171,2.660438299179077,T_east,M3_XGBoost
2025-02-01,Closed (Feb–Apr),4.7895265919568315,4.575624465942383,T_east,M3_XGBoost
2025-02-06,Closed (Feb–Apr),2.688658581677756,2.862870693206787,T_east,M3_XGBoost
2025-02-11,Closed (Feb–Apr),2.1574173045285034,2.13034725189209,T_east,M3_XGBoost
2025-02-16,Closed (Feb–Apr),1.867929593539535,2.051375389099121,T_east,M3_XGBoost
2025-02-21,Closed (Feb–Apr),4.506536911145095,4.746726036071777,T_east,M3_XGBoost
2025-02-26,Closed (Feb–Apr),2.5680941710319574,2.786746025085449,T_east,M3_XGBoost
2025-03-03,Closed (Feb–Apr),2.780135299559171,2.9256718158721924,T_east,M3_XGBoost
2025-03-08,Closed (Feb–Apr),1.783014022405486,2.0742838382720947,T_east,M3_XGBoost
2025-03-13,Closed (Feb–Apr),2.797452845913731,2.8991596698760986,T_east,M3_XGBoost
2025-03-23,Closed (Feb–Apr),2.402353458479545,2.4597818851470947,T_east,M3_XGBoost
2025-03-28,Closed (Feb–Apr),3.7433388470746354,3.607302188873291,T_east,M3_XGBoost
2025-04-02,Closed (Feb–Apr),3.316731047626737,2.8631885051727295,T_east,M3_XGBoost
2025-04-12,Closed (Feb–Apr),2.6583704561532087,2.266465187072754,T_east,M3_XGBoost
2025-09-06,Closed (May–Oct),2.4770282436178124,2.14646577835083,T_east,M3_XGBoost
2025-09-29,Closed (May–Oct),2.0370071077376544,2.744935989379883,T_east,M3_XGBoost
2025-10-14,Closed (May–Oct),2.1210320837873513,1.8773938417434692,T_east,M3_XGBoost
2025-10-19,Closed (May–Oct),0.9696542244231234,0.36867576837539673,T_east,M3_XGBoost
2025-10-24,Closed (May–Oct),0.260867625835415,0.4885402321815491,T_east,M3_XGBoost
2025-10-26,Closed (May–Oct),0.21238364891690414,0.5856281518936157,T_east,M3_XGBoost
2025-10-29,Closed (May–Oct),0.4342468693653934,0.6508767008781433,T_east,M3_XGBoost
2025-11-08,Capped (Nov–Jan),2.33533077486071,2.134050130844116,T_east,M3_XGBoost
2025-11-13,Capped (Nov–Jan),1.8034644447951318,1.2500065565109253,T_east,M3_XGBoost
2025-11-15,Capped (Nov–Jan),0.9596997459300433,0.7851729989051819,T_east,M3_XGBoost
2025-11-18,Capped (Nov–Jan),0.7397042973017108,0.9364015460014343,T_east,M3_XGBoost
2025-11-23,Capped (Nov–Jan),1.772673880139067,1.9082506895065308,T_east,M3_XGBoost
2025-11-28,Capped (Nov–Jan),1.0181777318039675,1.2394068241119385,T_east,M3_XGBoost
2025-12-03,Capped (Nov–Jan),0.8874881752700153,1.2999517917633057,T_east,M3_XGBoost
2025-12-05,Capped (Nov–Jan),1.2502604731257545,1.2537118196487427,T_east,M3_XGBoost
2025-12-08,Capped (Nov–Jan),2.3245140141648433,2.1475813388824463,T_east,M3_XGBoost
2025-12-13,Capped (Nov–Jan),1.1943144083070296,1.3451228141784668,T_east,M3_XGBoost
2025-12-18,Capped (Nov–Jan),0.7756593100122376,0.6203520894050598,T_east,M3_XGBoost
2025-12-23,Capped (Nov–Jan),1.687000633031447,1.8612267971038818,T_east,M3_XGBoost
2025-12-28,Capped (Nov–Jan),2.6059122596052835,2.5630314350128174,T_east,M3_XGBoost
2026-01-02,Capped (Nov–Jan),1.0276430097007925,1.213248610496521,T_east,M3_XGBoost
2026-01-07,Capped (Nov–Jan),0.9696542244231231,1.1925591230392456,T_east,M3_XGBoost
2026-01-12,Capped (Nov–Jan),2.112831459507838,2.1695988178253174,T_east,M3_XGBoost
2026-01-17,Capped (Nov–Jan),1.7830140224054867,1.9330658912658691,T_east,M3_XGBoost
2026-01-22,Capped (Nov–Jan),1.7197668284448115,1.8294973373413086,T_east,M3_XGBoost
2026-01-27,Capped (Nov–Jan),1.4905853851864155,1.6594727039337158,T_east,M3_XGBoost
2026-02-01,Closed (Feb–Apr),1.126988035634047,1.2385785579681396,T_east,M3_XGBoost
2026-02-06,Closed (Feb–Apr),2.1373064408500095,2.1188724040985107,T_east,M3_XGBoost
2026-02-11,Closed (Feb–Apr),2.108715011060892,2.0799310207366943,T_east,M3_XGBoost
2026-02-16,Closed (Feb–Apr),2.1373064408500126,2.195338726043701,T_east,M3_XGBoost
2026-02-21,Closed (Feb–Apr),2.5965211693014907,2.4582674503326416,T_east,M3_XGBoost
2026-02-26,Closed (Feb–Apr),2.486988040499495,2.5392727851867676,T_east,M3_XGBoost
2026-03-03,Closed (Feb–Apr),2.7421967869028956,3.0206222534179688,T_east,M3_XGBoost
2026-03-08,Closed (Feb–Apr),2.7743362399855784,2.5226945877075195,T_east,M3_XGBoost
2026-03-18,Closed (Feb–Apr),2.443451416578764,2.362321376800537,T_east,M3_XGBoost
2026-03-23,Closed (Feb–Apr),2.5996561858674903,2.660846471786499,T_east,M3_XGBoost
2026-04-02,Closed (Feb–Apr),2.4535866104385566,2.464118003845215,T_east,M3_XGBoost
2026-04-14,Closed (Feb–Apr),2.6245715575517163,2.7154133319854736,T_east,M3_XGBoost
2026-04-17,Closed (Feb–Apr),1.3259378031353601,2.1090166568756104,T_east,M3_XGBoost
2020-03-29,COVID closure 2020,2.071168596973843,2.340366688102839,T_west,M0_Ratio
2020-04-03,COVID closure 2020,2.381456216620187,2.574574721876929,T_west,M0_Ratio
2020-10-10,COVID closure 2020,1.0511343676019627,0.4646417443959737,T_west,M0_Ratio
2020-10-15,COVID closure 2020,2.336494996537011,0.846154926955768,T_west,M0_Ratio
2020-10-20,COVID closure 2020,1.589520631314882,1.9168002295140427,T_west,M0_Ratio
2024-11-03,Capped (Nov–Jan),2.739253982894373,2.129640156274359,T_west,M0_Ratio
2024-11-08,Capped (Nov–Jan),0.6645129301190019,0.7632408298639347,T_west,M0_Ratio
2024-11-18,Capped (Nov–Jan),1.3549414983779458,1.3460433294711933,T_west,M0_Ratio
2024-11-23,Capped (Nov–Jan),2.461715197631465,2.3906105923805927,T_west,M0_Ratio
2024-12-08,Capped (Nov–Jan),1.8257867011716786,1.9783188020190463,T_west,M0_Ratio
2024-12-13,Capped (Nov–Jan),2.5034753023025456,1.8846980796248176,T_west,M0_Ratio
2024-12-18,Capped (Nov–Jan),1.4808885568686203,0.9623123273115337,T_west,M0_Ratio
2024-12-23,Capped (Nov–Jan),1.63053626129978,1.512568280700291,T_west,M0_Ratio
2024-12-28,Capped (Nov–Jan),2.3830918877098193,2.4123670864127504,T_west,M0_Ratio
2025-01-02,Capped (Nov–Jan),2.759779556268472,2.753195161879728,T_west,M0_Ratio
2025-01-07,Capped (Nov–Jan),0.7756593100122389,0.9515332165860952,T_west,M0_Ratio
2025-01-12,Capped (Nov–Jan),0.3158707858863335,0.7608352408065477,T_west,M0_Ratio
2025-01-17,Capped (Nov–Jan),1.3297879343456185,1.224760728637835,T_west,M0_Ratio
2025-01-22,Capped (Nov–Jan),3.678923370592736,3.531365664140539,T_west,M0_Ratio
2025-01-27,Capped (Nov–Jan),3.0216623845842894,2.97572860901209,T_west,M0_Ratio
2025-02-01,Closed (Feb–Apr),4.665085033879992,4.729539853745177,T_west,M0_Ratio
2025-02-06,Closed (Feb–Apr),2.7126039171137704,3.2405370417370225,T_west,M0_Ratio
2025-02-11,Closed (Feb–Apr),2.1291901860152227,2.2598896452267083,T_west,M0_Ratio
2025-02-16,Closed (Feb–Apr),1.9155945946982436,1.9354590580105833,T_west,M0_Ratio
2025-02-21,Closed (Feb–Apr),4.597507159835254,4.857691234647531,T_west,M0_Ratio
2025-02-26,Closed (Feb–Apr),2.5870883595583,2.888307350621438,T_west,M0_Ratio
2025-03-03,Closed (Feb–Apr),2.739253982894377,3.2205182459459145,T_west,M0_Ratio
2025-03-08,Closed (Feb–Apr),1.6362923141628052,1.8936234565090868,T_west,M0_Ratio
2025-03-13,Closed (Feb–Apr),3.1668695801077495,2.90795563658717,T_west,M0_Ratio
2025-03-23,Closed (Feb–Apr),2.612150045961732,2.608155251350505,T_west,M0_Ratio
2025-03-28,Closed (Feb–Apr),4.572731844314226,3.5162048319593646,T_west,M0_Ratio
2025-04-02,Closed (Feb–Apr),2.5744447886318005,2.735518945409622,T_west,M0_Ratio
2025-04-12,Closed (Feb–Apr),2.1890792637674648,2.391970734170142,T_west,M0_Ratio
2025-09-06,Closed (May–Oct),2.8268099432918867,2.376386182151495,T_west,M0_Ratio
2025-09-24,Closed (May–Oct),3.244143704480977,2.7352797709795307,T_west,M0_Ratio
2025-09-29,Closed (May–Oct),2.6230466140261846,2.237590554819458,T_west,M0_Ratio
2025-10-14,Closed (May–Oct),1.6362923141627996,1.8264960209547372,T_west,M0_Ratio
2025-10-19,Closed (May–Oct),1.069014216123073,-0.6087564873342871,T_west,M0_Ratio
2025-10-24,Closed (May–Oct),0.7276213558834276,-0.08905827139808456,T_west,M0_Ratio
2025-10-26,Closed (May–Oct),0.8710517083222504,-0.08448433711716971,T_west,M0_Ratio
2025-10-29,Closed (May–Oct),1.0459489774950828,0.49979211902226994,T_west,M0_Ratio
2025-11-08,Capped (Nov–Jan),2.7348916618686827,2.2596548938127343,T_west,M0_Ratio
2025-11-13,Capped (Nov–Jan),1.3405253551496454,1.0016802249847476,T_west,M0_Ratio
2025-11-15,Capped (Nov–Jan),0.8711867857930459,0.611571743287224,T_west,M0_Ratio
2025-11-18,Capped (Nov–Jan),2.4621878096930345,0.7410273763028212,T_west,M0_Ratio
2025-11-23,Capped (Nov–Jan),2.015259118982355,1.8584359201594425,T_west,M0_Ratio
2025-11-28,Capped (Nov–Jan),1.1485385459537494,0.9439782130306511,T_west,M0_Ratio
2025-12-03,Capped (Nov–Jan),1.329315133029322,1.1711721167945544,T_west,M0_Ratio
2025-12-05,Capped (Nov–Jan),1.7649345536060361,1.2829389378707758,T_west,M0_Ratio
2025-12-13,Capped (Nov–Jan),0.7276213558834276,1.1355795719198682,T_west,M0_Ratio
2025-12-18,Capped (Nov–Jan),0.33359718301756985,0.5478364690707445,T_west,M0_Ratio
2025-12-23,Capped (Nov–Jan),1.5746437819972432,1.91154635691192,T_west,M0_Ratio
2025-12-28,Capped (Nov–Jan),2.6276658742383123,2.820071124051935,T_west,M0_Ratio
2026-01-02,Capped (Nov–Jan),1.0738478279360517,1.1552829085393006,T_west,M0_Ratio
2026-01-07,Capped (Nov–Jan),0.8044759191663502,1.2178993834243077,T_west,M0_Ratio
2026-01-12,Capped (Nov–Jan),2.0711685969738474,2.2710580120114123,T_west,M0_Ratio
2026-01-17,Capped (Nov–Jan),1.7570162604019943,1.9399214733367707,T_west,M0_Ratio
2026-01-22,Capped (Nov–Jan),1.7358561932565444,1.8955608610841195,T_west,M0_Ratio
2026-01-27,Capped (Nov–Jan),1.592669242683368,1.675262847489448,T_west,M0_Ratio
2026-02-01,Closed (Feb–Apr),1.1902557309897064,1.1421900111110486,T_west,M0_Ratio
2026-02-06,Closed (Feb–Apr),1.9887383864643413,2.336731150149012,T_west,M0_Ratio
2026-02-11,Closed (Feb–Apr),1.99763115888772,2.1480290022672426,T_west,M0_Ratio
2026-02-16,Closed (Feb–Apr),2.0262236765540007,2.295238354622035,T_west,M0_Ratio
2026-02-21,Closed (Feb–Apr),2.5392712011944396,2.6877815227076756,T_west,M0_Ratio
2026-02-26,Closed (Feb–Apr),2.4468358016986795,2.677668201092302,T_west,M0_Ratio
2026-03-03,Closed (Feb–Apr),2.7392539828943754,3.309134668747789,T_west,M0_Ratio
2026-03-08,Closed (Feb–Apr),2.7714317667939667,2.654282806223131,T_west,M0_Ratio
2026-03-18,Closed (Feb–Apr),2.1851553363886795,2.2195846669304267,T_west,M0_Ratio
2026-03-23,Closed (Feb–Apr),2.5839345933664357,2.6471941112166926,T_west,M0_Ratio
2026-04-02,Closed (Feb–Apr),2.4023534584795447,2.5202166006121542,T_west,M0_Ratio
2026-04-14,Closed (Feb–Apr),3.194518663136399,2.784420786929786,T_west,M0_Ratio
2026-04-17,Closed (Feb–Apr),1.8967186546234607,1.8474556304095757,T_west,M0_Ratio
2020-03-29,COVID closure 2020,2.071168596973843,2.141481968959415,T_west,M1_Ridge
2020-04-03,COVID closure 2020,2.381456216620187,2.643890219708829,T_west,M1_Ridge
2020-10-10,COVID closure 2020,1.0511343676019627,1.2725968649937989,T_west,M1_Ridge
2020-10-15,COVID closure 2020,2.336494996537011,2.516687458787018,T_west,M1_Ridge
2020-10-20,COVID closure 2020,1.589520631314882,2.4506616282280884,T_west,M1_Ridge
2024-11-03,Capped (Nov–Jan),2.739253982894373,2.6637181149206133,T_west,M1_Ridge
2024-11-08,Capped (Nov–Jan),0.6645129301190019,0.9545256625856133,T_west,M1_Ridge
2024-11-18,Capped (Nov–Jan),1.3549414983779458,1.3203329931370162,T_west,M1_Ridge
2024-11-23,Capped (Nov–Jan),2.461715197631465,2.3231601963829918,T_west,M1_Ridge
2024-12-08,Capped (Nov–Jan),1.8257867011716786,1.9673258627202763,T_west,M1_Ridge
2024-12-13,Capped (Nov–Jan),2.5034753023025456,2.2085037372300276,T_west,M1_Ridge
2024-12-18,Capped (Nov–Jan),1.4808885568686203,0.8115532868285356,T_west,M1_Ridge
2024-12-23,Capped (Nov–Jan),1.63053626129978,1.5407833667188384,T_west,M1_Ridge
2024-12-28,Capped (Nov–Jan),2.3830918877098193,2.3382365537128935,T_west,M1_Ridge
2025-01-02,Capped (Nov–Jan),2.759779556268472,2.300411339739925,T_west,M1_Ridge
2025-01-07,Capped (Nov–Jan),0.7756593100122389,0.8499983428674809,T_west,M1_Ridge
2025-01-12,Capped (Nov–Jan),0.3158707858863335,0.4402803952374239,T_west,M1_Ridge
2025-01-17,Capped (Nov–Jan),1.3297879343456185,1.227042592694898,T_west,M1_Ridge
2025-01-22,Capped (Nov–Jan),3.678923370592736,3.6329344690168908,T_west,M1_Ridge
2025-01-27,Capped (Nov–Jan),3.0216623845842894,2.6437629509045752,T_west,M1_Ridge
2025-02-01,Closed (Feb–Apr),4.665085033879992,4.31319767380047,T_west,M1_Ridge
2025-02-06,Closed (Feb–Apr),2.7126039171137704,2.8113450999425567,T_west,M1_Ridge
2025-02-11,Closed (Feb–Apr),2.1291901860152227,1.8738618733913195,T_west,M1_Ridge
2025-02-16,Closed (Feb–Apr),1.9155945946982436,1.710781230036472,T_west,M1_Ridge
2025-02-21,Closed (Feb–Apr),4.597507159835254,4.51220594398607,T_west,M1_Ridge
2025-02-26,Closed (Feb–Apr),2.5870883595583,2.66914305258858,T_west,M1_Ridge
2025-03-03,Closed (Feb–Apr),2.739253982894377,3.1055189696044794,T_west,M1_Ridge
2025-03-08,Closed (Feb–Apr),1.6362923141628052,1.6051115874301096,T_west,M1_Ridge
2025-03-13,Closed (Feb–Apr),3.1668695801077495,2.8250078079377996,T_west,M1_Ridge
2025-03-23,Closed (Feb–Apr),2.612150045961732,2.482107357416753,T_west,M1_Ridge
2025-03-28,Closed (Feb–Apr),4.572731844314226,3.961710562462731,T_west,M1_Ridge
2025-04-02,Closed (Feb–Apr),2.5744447886318005,2.8969784086523633,T_west,M1_Ridge
2025-04-12,Closed (Feb–Apr),2.1890792637674648,2.5338433616464306,T_west,M1_Ridge
2025-09-06,Closed (May–Oct),2.8268099432918867,3.2266243421803074,T_west,M1_Ridge
2025-09-24,Closed (May–Oct),3.244143704480977,3.2142375937335026,T_west,M1_Ridge
2025-09-29,Closed (May–Oct),2.6230466140261846,3.2323073146296153,T_west,M1_Ridge
2025-10-14,Closed (May–Oct),1.6362923141627996,2.1044677061740398,T_west,M1_Ridge
2025-10-19,Closed (May–Oct),1.069014216123073,0.38909435671063664,T_west,M1_Ridge
2025-10-24,Closed (May–Oct),0.7276213558834276,0.8965496405867721,T_west,M1_Ridge
2025-10-26,Closed (May–Oct),0.8710517083222504,0.6585832033682375,T_west,M1_Ridge
2025-10-29,Closed (May–Oct),1.0459489774950828,1.392145638279561,T_west,M1_Ridge
2025-11-08,Capped (Nov–Jan),2.7348916618686827,2.5537215477068367,T_west,M1_Ridge
2025-11-13,Capped (Nov–Jan),1.3405253551496454,0.9141993076840522,T_west,M1_Ridge
2025-11-15,Capped (Nov–Jan),0.8711867857930459,0.8188694645818495,T_west,M1_Ridge
2025-11-18,Capped (Nov–Jan),2.4621878096930345,1.518812075612396,T_west,M1_Ridge
2025-11-23,Capped (Nov–Jan),2.015259118982355,1.7947212640327685,T_west,M1_Ridge
2025-11-28,Capped (Nov–Jan),1.1485385459537494,0.9060449080971811,T_west,M1_Ridge
2025-12-03,Capped (Nov–Jan),1.329315133029322,1.6758018884769341,T_west,M1_Ridge
2025-12-05,Capped (Nov–Jan),1.7649345536060361,1.387865257682619,T_west,M1_Ridge
2025-12-13,Capped (Nov–Jan),0.7276213558834276,0.7930085229064598,T_west,M1_Ridge
2025-12-18,Capped (Nov–Jan),0.33359718301756985,0.41784185776913585,T_west,M1_Ridge
2025-12-23,Capped (Nov–Jan),1.5746437819972432,1.7562365686332804,T_west,M1_Ridge
2025-12-28,Capped (Nov–Jan),2.6276658742383123,2.541047373553288,T_west,M1_Ridge
2026-01-02,Capped (Nov–Jan),1.0738478279360517,0.9693217520634754,T_west,M1_Ridge
2026-01-07,Capped (Nov–Jan),0.8044759191663502,1.1181034112562829,T_west,M1_Ridge
2026-01-12,Capped (Nov–Jan),2.0711685969738474,2.0663639030238325,T_west,M1_Ridge
2026-01-17,Capped (Nov–Jan),1.7570162604019943,1.6542622303018233,T_west,M1_Ridge
2026-01-22,Capped (Nov–Jan),1.7358561932565444,1.703084615396246,T_west,M1_Ridge
2026-01-27,Capped (Nov–Jan),1.592669242683368,1.6608945245713422,T_west,M1_Ridge
2026-02-01,Closed (Feb–Apr),1.1902557309897064,1.1062726400821832,T_west,M1_Ridge
2026-02-06,Closed (Feb–Apr),1.9887383864643413,2.183088903921316,T_west,M1_Ridge
2026-02-11,Closed (Feb–Apr),1.99763115888772,1.7078629911066279,T_west,M1_Ridge
2026-02-16,Closed (Feb–Apr),2.0262236765540007,1.9273992333518215,T_west,M1_Ridge
2026-02-21,Closed (Feb–Apr),2.5392712011944396,2.4272580192991455,T_west,M1_Ridge
2026-02-26,Closed (Feb–Apr),2.4468358016986795,2.3348780854930204,T_west,M1_Ridge
2026-03-03,Closed (Feb–Apr),2.7392539828943754,3.4659440136090214,T_west,M1_Ridge
2026-03-08,Closed (Feb–Apr),2.7714317667939667,2.637337076182479,T_west,M1_Ridge
2026-03-18,Closed (Feb–Apr),2.1851553363886795,2.610191245599934,T_west,M1_Ridge
2026-03-23,Closed (Feb–Apr),2.5839345933664357,2.5940118362902935,T_west,M1_Ridge
2026-04-02,Closed (Feb–Apr),2.4023534584795447,2.5458943420510933,T_west,M1_Ridge
2026-04-14,Closed (Feb–Apr),3.194518663136399,3.192053620796055,T_west,M1_Ridge
2026-04-17,Closed (Feb–Apr),1.8967186546234607,2.2892684557495215,T_west,M1_Ridge
2020-03-29,COVID closure 2020,2.071168596973843,2.44308700814496,T_west,M2_RandomForest
2020-04-03,COVID closure 2020,2.381456216620187,2.5510286119174204,T_west,M2_RandomForest
2020-10-10,COVID closure 2020,1.0511343676019627,1.3793730657902312,T_west,M2_RandomForest
2020-10-15,COVID closure 2020,2.336494996537011,1.7965636483108223,T_west,M2_RandomForest
2020-10-20,COVID closure 2020,1.589520631314882,2.3448276353962823,T_west,M2_RandomForest
2024-11-03,Capped (Nov–Jan),2.739253982894373,2.2295739713744056,T_west,M2_RandomForest
2024-11-08,Capped (Nov–Jan),0.6645129301190019,1.0866257668999042,T_west,M2_RandomForest
2024-11-18,Capped (Nov–Jan),1.3549414983779458,1.44347441470339,T_west,M2_RandomForest
2024-11-23,Capped (Nov–Jan),2.461715197631465,2.2809600952578175,T_west,M2_RandomForest
2024-12-08,Capped (Nov–Jan),1.8257867011716786,1.8813705046167657,T_west,M2_RandomForest
2024-12-13,Capped (Nov–Jan),2.5034753023025456,1.8649124381493405,T_west,M2_RandomForest
2024-12-18,Capped (Nov–Jan),1.4808885568686203,0.9879132403458009,T_west,M2_RandomForest
2024-12-23,Capped (Nov–Jan),1.63053626129978,1.4908502163153954,T_west,M2_RandomForest
2024-12-28,Capped (Nov–Jan),2.3830918877098193,2.175284907997766,T_west,M2_RandomForest
2025-01-02,Capped (Nov–Jan),2.759779556268472,2.6898895195623362,T_west,M2_RandomForest
2025-01-07,Capped (Nov–Jan),0.7756593100122389,1.041148197769472,T_west,M2_RandomForest
2025-01-12,Capped (Nov–Jan),0.3158707858863335,0.8898344187053976,T_west,M2_RandomForest
2025-01-17,Capped (Nov–Jan),1.3297879343456185,1.2849142274192422,T_west,M2_RandomForest
2025-01-22,Capped (Nov–Jan),3.678923370592736,3.3118451978621253,T_west,M2_RandomForest
2025-01-27,Capped (Nov–Jan),3.0216623845842894,3.0162046494817507,T_west,M2_RandomForest
2025-02-01,Closed (Feb–Apr),4.665085033879992,3.9253176776156096,T_west,M2_RandomForest
2025-02-06,Closed (Feb–Apr),2.7126039171137704,3.0366862339184832,T_west,M2_RandomForest
2025-02-11,Closed (Feb–Apr),2.1291901860152227,2.1518115256772314,T_west,M2_RandomForest
2025-02-16,Closed (Feb–Apr),1.9155945946982436,2.0944329933605403,T_west,M2_RandomForest
2025-02-21,Closed (Feb–Apr),4.597507159835254,4.07866778575885,T_west,M2_RandomForest
2025-02-26,Closed (Feb–Apr),2.5870883595583,2.938698618760424,T_west,M2_RandomForest
2025-03-03,Closed (Feb–Apr),2.739253982894377,2.7825703686628884,T_west,M2_RandomForest
2025-03-08,Closed (Feb–Apr),1.6362923141628052,2.071495464906713,T_west,M2_RandomForest
2025-03-13,Closed (Feb–Apr),3.1668695801077495,2.8816369258284404,T_west,M2_RandomForest
2025-03-23,Closed (Feb–Apr),2.612150045961732,2.50010807345141,T_west,M2_RandomForest
2025-03-28,Closed (Feb–Apr),4.572731844314226,3.312947740185753,T_west,M2_RandomForest
2025-04-02,Closed (Feb–Apr),2.5744447886318005,2.7965157641695146,T_west,M2_RandomForest
2025-04-12,Closed (Feb–Apr),2.1890792637674648,2.6011718911424726,T_west,M2_RandomForest
2025-09-06,Closed (May–Oct),2.8268099432918867,2.9686374129169373,T_west,M2_RandomForest
2025-09-24,Closed (May–Oct),3.244143704480977,3.3780975087922855,T_west,M2_RandomForest
2025-09-29,Closed (May–Oct),2.6230466140261846,2.8487593208397595,T_west,M2_RandomForest
2025-10-14,Closed (May–Oct),1.6362923141627996,2.138109269347743,T_west,M2_RandomForest
2025-10-19,Closed (May–Oct),1.069014216123073,1.4060482707206785,T_west,M2_RandomForest
2025-10-24,Closed (May–Oct),0.7276213558834276,1.4272018699305493,T_west,M2_RandomForest
2025-10-26,Closed (May–Oct),0.8710517083222504,1.2519071039510623,T_west,M2_RandomForest
2025-10-29,Closed (May–Oct),1.0459489774950828,1.5866654100437376,T_west,M2_RandomForest
2025-11-08,Capped (Nov–Jan),2.7348916618686827,2.495982592348916,T_west,M2_RandomForest
2025-11-13,Capped (Nov–Jan),1.3405253551496454,1.2351060372864584,T_west,M2_RandomForest
2025-11-15,Capped (Nov–Jan),0.8711867857930459,0.9452942016817673,T_west,M2_RandomForest
2025-11-18,Capped (Nov–Jan),2.4621878096930345,1.254350350652269,T_west,M2_RandomForest
2025-11-23,Capped (Nov–Jan),2.015259118982355,1.9434976510872357,T_west,M2_RandomForest
2025-11-28,Capped (Nov–Jan),1.1485385459537494,0.9728873113630255,T_west,M2_RandomForest
2025-12-03,Capped (Nov–Jan),1.329315133029322,1.3723955354693649,T_west,M2_RandomForest
2025-12-05,Capped (Nov–Jan),1.7649345536060361,1.3458343616705464,T_west,M2_RandomForest
2025-12-13,Capped (Nov–Jan),0.7276213558834276,1.0001131652923108,T_west,M2_RandomForest
2025-12-18,Capped (Nov–Jan),0.33359718301756985,0.7063935085756636,T_west,M2_RandomForest
2025-12-23,Capped (Nov–Jan),1.5746437819972432,1.8689480199615318,T_west,M2_RandomForest
2025-12-28,Capped (Nov–Jan),2.6276658742383123,2.696307025222948,T_west,M2_RandomForest
2026-01-02,Capped (Nov–Jan),1.0738478279360517,1.1414426611087023,T_west,M2_RandomForest
2026-01-07,Capped (Nov–Jan),0.8044759191663502,1.334633837769051,T_west,M2_RandomForest
2026-01-12,Capped (Nov–Jan),2.0711685969738474,2.111268202120314,T_west,M2_RandomForest
2026-01-17,Capped (Nov–Jan),1.7570162604019943,1.882809949303225,T_west,M2_RandomForest
2026-01-22,Capped (Nov–Jan),1.7358561932565444,1.931415232275365,T_west,M2_RandomForest
2026-01-27,Capped (Nov–Jan),1.592669242683368,1.7333345555191981,T_west,M2_RandomForest
2026-02-01,Closed (Feb–Apr),1.1902557309897064,1.3740080082417894,T_west,M2_RandomForest
2026-02-06,Closed (Feb–Apr),1.9887383864643413,2.2066950182270726,T_west,M2_RandomForest
2026-02-11,Closed (Feb–Apr),1.99763115888772,2.0210553582875077,T_west,M2_RandomForest
2026-02-16,Closed (Feb–Apr),2.0262236765540007,2.2938441745806726,T_west,M2_RandomForest
2026-02-21,Closed (Feb–Apr),2.5392712011944396,2.4687577599627204,T_west,M2_RandomForest
2026-02-26,Closed (Feb–Apr),2.4468358016986795,2.432160411230534,T_west,M2_RandomForest
2026-03-03,Closed (Feb–Apr),2.7392539828943754,2.983210210665777,T_west,M2_RandomForest
2026-03-08,Closed (Feb–Apr),2.7714317667939667,2.533911113514779,T_west,M2_RandomForest
2026-03-18,Closed (Feb–Apr),2.1851553363886795,2.4619446984554108,T_west,M2_RandomForest
2026-03-23,Closed (Feb–Apr),2.5839345933664357,2.583680127490494,T_west,M2_RandomForest
2026-04-02,Closed (Feb–Apr),2.4023534584795447,2.558702234365437,T_west,M2_RandomForest
2026-04-14,Closed (Feb–Apr),3.194518663136399,2.9723517298678512,T_west,M2_RandomForest
2026-04-17,Closed (Feb–Apr),1.8967186546234607,2.2848304128895034,T_west,M2_RandomForest
2020-03-29,COVID closure 2020,2.071168596973843,2.2547833919525146,T_west,M3_XGBoost
2020-04-03,COVID closure 2020,2.381456216620187,2.58404803276062,T_west,M3_XGBoost
2020-10-10,COVID closure 2020,1.0511343676019627,0.8509300947189331,T_west,M3_XGBoost
2020-10-15,COVID closure 2020,2.336494996537011,2.1735424995422363,T_west,M3_XGBoost
2020-10-20,COVID closure 2020,1.589520631314882,2.5638668537139893,T_west,M3_XGBoost
2024-11-03,Capped (Nov–Jan),2.739253982894373,2.3677384853363037,T_west,M3_XGBoost
2024-11-08,Capped (Nov–Jan),0.6645129301190019,0.8143209218978882,T_west,M3_XGBoost
2024-11-18,Capped (Nov–Jan),1.3549414983779458,1.4850634336471558,T_west,M3_XGBoost
2024-11-23,Capped (Nov–Jan),2.461715197631465,2.1995551586151123,T_west,M3_XGBoost
2024-12-08,Capped (Nov–Jan),1.8257867011716786,1.9341298341751099,T_west,M3_XGBoost
2024-12-13,Capped (Nov–Jan),2.5034753023025456,1.9058486223220825,T_west,M3_XGBoost
2024-12-18,Capped (Nov–Jan),1.4808885568686203,1.005163550376892,T_west,M3_XGBoost
2024-12-23,Capped (Nov–Jan),1.63053626129978,1.5180150270462036,T_west,M3_XGBoost
2024-12-28,Capped (Nov–Jan),2.3830918877098193,2.1845178604125977,T_west,M3_XGBoost
2025-01-02,Capped (Nov–Jan),2.759779556268472,2.639572858810425,T_west,M3_XGBoost
2025-01-07,Capped (Nov–Jan),0.7756593100122389,0.9586827754974365,T_west,M3_XGBoost
2025-01-12,Capped (Nov–Jan),0.3158707858863335,0.459014356136322,T_west,M3_XGBoost
2025-01-17,Capped (Nov–Jan),1.3297879343456185,1.2641665935516357,T_west,M3_XGBoost
2025-01-22,Capped (Nov–Jan),3.678923370592736,3.4015753269195557,T_west,M3_XGBoost
2025-01-27,Capped (Nov–Jan),3.0216623845842894,3.0770416259765625,T_west,M3_XGBoost
2025-02-01,Closed (Feb–Apr),4.665085033879992,4.261441230773926,T_west,M3_XGBoost
2025-02-06,Closed (Feb–Apr),2.7126039171137704,2.960569381713867,T_west,M3_XGBoost
2025-02-11,Closed (Feb–Apr),2.1291901860152227,1.9349921941757202,T_west,M3_XGBoost
2025-02-16,Closed (Feb–Apr),1.9155945946982436,2.080437183380127,T_west,M3_XGBoost
2025-02-21,Closed (Feb–Apr),4.597507159835254,4.644293785095215,T_west,M3_XGBoost
2025-02-26,Closed (Feb–Apr),2.5870883595583,3.1358540058135986,T_west,M3_XGBoost
2025-03-03,Closed (Feb–Apr),2.739253982894377,2.73712420463562,T_west,M3_XGBoost
2025-03-08,Closed (Feb–Apr),1.6362923141628052,1.9797018766403198,T_west,M3_XGBoost
2025-03-13,Closed (Feb–Apr),3.1668695801077495,3.1557674407958984,T_west,M3_XGBoost
2025-03-23,Closed (Feb–Apr),2.612150045961732,2.4913477897644043,T_west,M3_XGBoost
2025-03-28,Closed (Feb–Apr),4.572731844314226,3.7193593978881836,T_west,M3_XGBoost
2025-04-02,Closed (Feb–Apr),2.5744447886318005,3.0311028957366943,T_west,M3_XGBoost
2025-04-12,Closed (Feb–Apr),2.1890792637674648,2.449363946914673,T_west,M3_XGBoost
2025-09-06,Closed (May–Oct),2.8268099432918867,3.0933382511138916,T_west,M3_XGBoost
2025-09-24,Closed (May–Oct),3.244143704480977,3.7648158073425293,T_west,M3_XGBoost
2025-09-29,Closed (May–Oct),2.6230466140261846,3.289804458618164,T_west,M3_XGBoost
2025-10-14,Closed (May–Oct),1.6362923141627996,2.1798930168151855,T_west,M3_XGBoost
2025-10-19,Closed (May–Oct),1.069014216123073,1.2267860174179077,T_west,M3_XGBoost
2025-10-24,Closed (May–Oct),0.7276213558834276,1.4232559204101562,T_west,M3_XGBoost
2025-10-26,Closed (May–Oct),0.8710517083222504,0.981689453125,T_west,M3_XGBoost
2025-10-29,Closed (May–Oct),1.0459489774950828,1.5003336668014526,T_west,M3_XGBoost
2025-11-08,Capped (Nov–Jan),2.7348916618686827,2.6180622577667236,T_west,M3_XGBoost
2025-11-13,Capped (Nov–Jan),1.3405253551496454,1.0662583112716675,T_west,M3_XGBoost
2025-11-15,Capped (Nov–Jan),0.8711867857930459,0.6755111217498779,T_west,M3_XGBoost
2025-11-18,Capped (Nov–Jan),2.4621878096930345,1.2466109991073608,T_west,M3_XGBoost
2025-11-23,Capped (Nov–Jan),2.015259118982355,1.7964222431182861,T_west,M3_XGBoost
2025-11-28,Capped (Nov–Jan),1.1485385459537494,1.0086216926574707,T_west,M3_XGBoost
2025-12-03,Capped (Nov–Jan),1.329315133029322,1.3585127592086792,T_west,M3_XGBoost
2025-12-05,Capped (Nov–Jan),1.7649345536060361,1.383804440498352,T_west,M3_XGBoost
2025-12-13,Capped (Nov–Jan),0.7276213558834276,0.8844106197357178,T_west,M3_XGBoost
2025-12-18,Capped (Nov–Jan),0.33359718301756985,0.17432533204555511,T_west,M3_XGBoost
2025-12-23,Capped (Nov–Jan),1.5746437819972432,1.7653087377548218,T_west,M3_XGBoost
2025-12-28,Capped (Nov–Jan),2.6276658742383123,2.7097439765930176,T_west,M3_XGBoost
2026-01-02,Capped (Nov–Jan),1.0738478279360517,1.0511267185211182,T_west,M3_XGBoost
2026-01-07,Capped (Nov–Jan),0.8044759191663502,1.2174100875854492,T_west,M3_XGBoost
2026-01-12,Capped (Nov–Jan),2.0711685969738474,2.0360305309295654,T_west,M3_XGBoost
2026-01-17,Capped (Nov–Jan),1.7570162604019943,1.805627703666687,T_west,M3_XGBoost
2026-01-22,Capped (Nov–Jan),1.7358561932565444,1.9476021528244019,T_west,M3_XGBoost
2026-01-27,Capped (Nov–Jan),1.592669242683368,1.5433202981948853,T_west,M3_XGBoost
2026-02-01,Closed (Feb–Apr),1.1902557309897064,1.2969410419464111,T_west,M3_XGBoost
2026-02-06,Closed (Feb–Apr),1.9887383864643413,2.2710039615631104,T_west,M3_XGBoost
2026-02-11,Closed (Feb–Apr),1.99763115888772,1.9329627752304077,T_west,M3_XGBoost
2026-02-16,Closed (Feb–Apr),2.0262236765540007,2.1684491634368896,T_west,M3_XGBoost
2026-02-21,Closed (Feb–Apr),2.5392712011944396,2.41227388381958,T_west,M3_XGBoost
2026-02-26,Closed (Feb–Apr),2.4468358016986795,2.334414482116699,T_west,M3_XGBoost
2026-03-03,Closed (Feb–Apr),2.7392539828943754,3.1489758491516113,T_west,M3_XGBoost
2026-03-08,Closed (Feb–Apr),2.7714317667939667,2.5458858013153076,T_west,M3_XGBoost
2026-03-18,Closed (Feb–Apr),2.1851553363886795,2.5458788871765137,T_west,M3_XGBoost
2026-03-23,Closed (Feb–Apr),2.5839345933664357,2.6530508995056152,T_west,M3_XGBoost
2026-04-02,Closed (Feb–Apr),2.4023534584795447,2.3706088066101074,T_west,M3_XGBoost
2026-04-14,Closed (Feb–Apr),3.194518663136399,3.2387454509735107,T_west,M3_XGBoost
2026-04-17,Closed (Feb–Apr),1.8967186546234607,2.151045799255371,T_west,M3_XGBoost
2020-03-29,COVID closure 2020,2.2201366947737204,2.2318572538240793,T_south,M0_Ratio
2020-04-03,COVID closure 2020,2.381456216620187,2.4660652875981692,T_south,M0_Ratio
2020-10-10,COVID closure 2020,0.5766943243314917,0.3561323101172139,T_south,M0_Ratio
2020-10-15,COVID closure 2020,1.509726869659721,0.7376454926770082,T_south,M0_Ratio
2020-10-20,COVID closure 2020,1.7089332339895917,1.808290795235283,T_south,M0_Ratio
2024-11-03,Capped (Nov–Jan),1.703483584104774,2.0211307219955996,T_south,M0_Ratio
2024-11-08,Capped (Nov–Jan),0.9990120131565633,0.6547313955851749,T_south,M0_Ratio
2024-11-18,Capped (Nov–Jan),1.4109797497060865,1.2375338951924335,T_south,M0_Ratio
2024-11-23,Capped (Nov–Jan),2.2278103043247905,2.282101158101833,T_south,M0_Ratio
2024-12-08,Capped (Nov–Jan),1.7305143146387698,1.8698093677402865,T_south,M0_Ratio
2024-12-13,Capped (Nov–Jan),2.4400608285843295,1.7761886453460578,T_south,M0_Ratio
2024-12-18,Capped (Nov–Jan),1.1690511500331617,0.8538028930327739,T_south,M0_Ratio
2024-12-23,Capped (Nov–Jan),1.6590687945009603,1.4040588464215311,T_south,M0_Ratio
2024-12-28,Capped (Nov–Jan),2.1870709407597233,2.3038576521339906,T_south,M0_Ratio
2025-01-02,Capped (Nov–Jan),3.371509212984661,2.6446857276009683,T_south,M0_Ratio
2025-01-07,Capped (Nov–Jan),0.8046234920276328,0.8430237823073354,T_south,M0_Ratio
2025-01-12,Capped (Nov–Jan),0.5263538339035784,0.6523258065277879,T_south,M0_Ratio
2025-01-17,Capped (Nov–Jan),1.1314135934072351,1.1162512943590752,T_south,M0_Ratio
2025-01-22,Capped (Nov–Jan),3.512579007200122,3.4228562298617793,T_south,M0_Ratio
2025-01-27,Capped (Nov–Jan),2.658370456153209,2.86721917473333,T_south,M0_Ratio
2025-02-01,Closed (Feb–Apr),4.7706717551424305,4.6210304194664165,T_south,M0_Ratio
2025-02-06,Closed (Feb–Apr),2.6856478314066927,3.1320276074582627,T_south,M0_Ratio
2025-02-11,Closed (Feb–Apr),2.1413489934043244,2.1513802109479485,T_south,M0_Ratio
2025-02-16,Closed (Feb–Apr),1.8967186546234613,1.8269496237318235,T_south,M0_Ratio
2025-02-21,Closed (Feb–Apr),4.85140591146948,4.7491818003687705,T_south,M0_Ratio
2025-02-26,Closed (Feb–Apr),2.587088359558295,2.779797916342678,T_south,M0_Ratio
2025-03-03,Closed (Feb–Apr),2.756857831749694,3.1120088116671547,T_south,M0_Ratio
2025-03-08,Closed (Feb–Apr),1.675898109499358,1.785114022230327,T_south,M0_Ratio
2025-03-13,Closed (Feb–Apr),3.46500918098216,2.79944620230841,T_south,M0_Ratio
2025-03-23,Closed (Feb–Apr),2.367389912825013,2.499645817071745,T_south,M0_Ratio
2025-03-28,Closed (Feb–Apr),4.363429856829229,3.407695397680605,T_south,M0_Ratio
2025-04-02,Closed (Feb–Apr),2.59652116930149,2.6270095111308622,T_south,M0_Ratio
2025-04-12,Closed (Feb–Apr),2.463668193651551,2.2834612998913824,T_south,M0_Ratio
2025-09-06,Closed (May–Oct),2.6028245851170095,2.267876747872735,T_south,M0_Ratio
2025-09-24,Closed (May–Oct),2.7137904858216726,2.626770336700771,T_south,M0_Ratio
2025-09-29,Closed (May–Oct),2.267061186176355,2.129081120540698,T_south,M0_Ratio
2025-10-14,Closed (May–Oct),1.4041118872689229,1.7179865866759774,T_south,M0_Ratio
2025-10-19,Closed (May–Oct),0.8286560406040043,-0.7172659216130469,T_south,M0_Ratio
2025-10-24,Closed (May–Oct),0.0876915727243819,-0.19756770567684434,T_south,M0_Ratio
2025-10-26,Closed (May–Oct),0.29893833671676595,-0.1929937713959295,T_south,M0_Ratio
2025-10-29,Closed (May–Oct),0.8499125065882018,0.39128268474351013,T_south,M0_Ratio
2025-11-08,Capped (Nov–Jan),2.5034753023025447,2.1511454595339745,T_south,M0_Ratio
2025-11-13,Capped (Nov–Jan),0.9991465125921312,0.8931707907059879,T_south,M0_Ratio
2025-11-15,Capped (Nov–Jan),0.5554081133164149,0.5030623090084643,T_south,M0_Ratio
2025-11-18,Capped (Nov–Jan),1.8335862502137692,0.6325179420240614,T_south,M0_Ratio
2025-11-23,Capped (Nov–Jan),1.6925175033948716,1.7499264858806827,T_south,M0_Ratio
2025-11-28,Capped (Nov–Jan),0.7988082529496514,0.8354687787518913,T_south,M0_Ratio
2025-12-03,Capped (Nov–Jan),1.1861043063301762,1.0626626825157945,T_south,M0_Ratio
2025-12-05,Capped (Nov–Jan),1.4646056254790552,1.174429503592016,T_south,M0_Ratio
2025-12-13,Capped (Nov–Jan),0.7638414915468393,1.0270701376411084,T_south,M0_Ratio
2025-12-18,Capped (Nov–Jan),0.5554081133164152,0.43932703479198465,T_south,M0_Ratio
2025-12-23,Capped (Nov–Jan),1.6477295934987688,1.8030369226331602,T_south,M0_Ratio
2025-12-28,Capped (Nov–Jan),2.5489241379712477,2.711561689773175,T_south,M0_Ratio
2026-01-02,Capped (Nov–Jan),1.0505260217426882,1.0467734742605408,T_south,M0_Ratio
2026-01-07,Capped (Nov–Jan),0.7873541885218397,1.109389949145548,T_south,M0_Ratio
2026-01-12,Capped (Nov–Jan),2.121032083787351,2.1625485777326525,T_south,M0_Ratio
2026-01-17,Capped (Nov–Jan),1.6980117466390217,1.8314120390580109,T_south,M0_Ratio
2026-01-22,Capped (Nov–Jan),1.7197668284448084,1.7870514268053597,T_south,M0_Ratio
2026-01-27,Capped (Nov–Jan),1.5410050331863279,1.5667534132106882,T_south,M0_Ratio
2026-02-01,Closed (Feb–Apr),1.1095402101988943,1.0336805768322888,T_south,M0_Ratio
2026-02-06,Closed (Feb–Apr),2.023995992612391,2.228221715870252,T_south,M0_Ratio
2026-02-11,Closed (Feb–Apr),2.028345494960213,2.039519567988483,T_south,M0_Ratio
2026-02-16,Closed (Feb–Apr),2.0626995608053007,2.1867289203432754,T_south,M0_Ratio
2026-02-21,Closed (Feb–Apr),2.523079918739554,2.5792720884289158,T_south,M0_Ratio
2026-02-26,Closed (Feb–Apr),2.519825842106964,2.5691587668135423,T_south,M0_Ratio
2026-03-03,Closed (Feb–Apr),2.718552065895059,3.200625234469029,T_south,M0_Ratio
2026-03-08,Closed (Feb–Apr),2.6705343855317554,2.5457733719443714,T_south,M0_Ratio
2026-03-18,Closed (Feb–Apr),2.503475302302546,2.111075232651667,T_south,M0_Ratio
2026-03-23,Closed (Feb–Apr),2.580776191939219,2.5386846769379328,T_south,M0_Ratio
2026-04-02,Closed (Feb–Apr),2.480353904909049,2.4117071663333944,T_south,M0_Ratio
2026-04-14,Closed (Feb–Apr),2.7480718958623864,2.6759113526510263,T_south,M0_Ratio
2026-04-17,Closed (Feb–Apr),2.092139823144559,1.738946196130816,T_south,M0_Ratio
2020-03-29,COVID closure 2020,2.2201366947737204,2.233734445218659,T_south,M1_Ridge
2020-04-03,COVID closure 2020,2.381456216620187,2.655404404672504,T_south,M1_Ridge
2020-10-10,COVID closure 2020,0.5766943243314917,0.6489930159833088,T_south,M1_Ridge
2020-10-15,COVID closure 2020,1.509726869659721,1.7969401078970906,T_south,M1_Ridge
2020-10-20,COVID closure 2020,1.7089332339895917,1.9937030190893343,T_south,M1_Ridge
2024-11-03,Capped (Nov–Jan),1.703483584104774,2.2501554814618325,T_south,M1_Ridge
2024-11-08,Capped (Nov–Jan),0.9990120131565633,0.5970121798093257,T_south,M1_Ridge
2024-11-18,Capped (Nov–Jan),1.4109797497060865,1.1349762268365646,T_south,M1_Ridge
2024-11-23,Capped (Nov–Jan),2.2278103043247905,2.108866671608078,T_south,M1_Ridge
2024-12-08,Capped (Nov–Jan),1.7305143146387698,1.7760093601381246,T_south,M1_Ridge
2024-12-13,Capped (Nov–Jan),2.4400608285843295,1.9772895767373448,T_south,M1_Ridge
2024-12-18,Capped (Nov–Jan),1.1690511500331617,0.7654675166499354,T_south,M1_Ridge
2024-12-23,Capped (Nov–Jan),1.6590687945009603,1.3703872433510411,T_south,M1_Ridge
2024-12-28,Capped (Nov–Jan),2.1870709407597233,2.2623989458647324,T_south,M1_Ridge
2025-01-02,Capped (Nov–Jan),3.371509212984661,2.3857613339512,T_south,M1_Ridge
2025-01-07,Capped (Nov–Jan),0.8046234920276328,0.8379907365246917,T_south,M1_Ridge
2025-01-12,Capped (Nov–Jan),0.5263538339035784,0.5509810322756796,T_south,M1_Ridge
2025-01-17,Capped (Nov–Jan),1.1314135934072351,1.1646907088271252,T_south,M1_Ridge
2025-01-22,Capped (Nov–Jan),3.512579007200122,3.527765592009816,T_south,M1_Ridge
2025-01-27,Capped (Nov–Jan),2.658370456153209,2.7110280682458896,T_south,M1_Ridge
2025-02-01,Closed (Feb–Apr),4.7706717551424305,4.513952844799306,T_south,M1_Ridge
2025-02-06,Closed (Feb–Apr),2.6856478314066927,2.9861647971945433,T_south,M1_Ridge
2025-02-11,Closed (Feb–Apr),2.1413489934043244,2.021682801153792,T_south,M1_Ridge
2025-02-16,Closed (Feb–Apr),1.8967186546234613,1.7887853447865494,T_south,M1_Ridge
2025-02-21,Closed (Feb–Apr),4.85140591146948,4.603611300685252,T_south,M1_Ridge
2025-02-26,Closed (Feb–Apr),2.587088359558295,2.7126577684517423,T_south,M1_Ridge
2025-03-03,Closed (Feb–Apr),2.756857831749694,3.1733227891336857,T_south,M1_Ridge
2025-03-08,Closed (Feb–Apr),1.675898109499358,1.6731433584977573,T_south,M1_Ridge
2025-03-13,Closed (Feb–Apr),3.46500918098216,2.905207376145079,T_south,M1_Ridge
2025-03-23,Closed (Feb–Apr),2.367389912825013,2.4224061247812694,T_south,M1_Ridge
2025-03-28,Closed (Feb–Apr),4.363429856829229,3.8996880865517825,T_south,M1_Ridge
2025-04-02,Closed (Feb–Apr),2.59652116930149,2.81768835673808,T_south,M1_Ridge
2025-04-12,Closed (Feb–Apr),2.463668193651551,2.470553907802823,T_south,M1_Ridge
2025-09-06,Closed (May–Oct),2.6028245851170095,2.6023060004722707,T_south,M1_Ridge
2025-09-24,Closed (May–Oct),2.7137904858216726,2.70601869880767,T_south,M1_Ridge
2025-09-29,Closed (May–Oct),2.267061186176355,2.3919601830226127,T_south,M1_Ridge
2025-10-14,Closed (May–Oct),1.4041118872689229,1.6329061846424655,T_south,M1_Ridge
2025-10-19,Closed (May–Oct),0.8286560406040043,-0.3155318580700963,T_south,M1_Ridge
2025-10-24,Closed (May–Oct),0.0876915727243819,0.30664183535712075,T_south,M1_Ridge
2025-10-26,Closed (May–Oct),0.29893833671676595,0.09719084448563153,T_south,M1_Ridge
2025-10-29,Closed (May–Oct),0.8499125065882018,0.8178106134661516,T_south,M1_Ridge
2025-11-08,Capped (Nov–Jan),2.5034753023025447,2.077651309870418,T_south,M1_Ridge
2025-11-13,Capped (Nov–Jan),0.9991465125921312,0.6629956460165525,T_south,M1_Ridge
2025-11-15,Capped (Nov–Jan),0.5554081133164149,0.5320537185158445,T_south,M1_Ridge
2025-11-18,Capped (Nov–Jan),1.8335862502137692,1.0833355010612995,T_south,M1_Ridge
2025-11-23,Capped (Nov–Jan),1.6925175033948716,1.6194096293874147,T_south,M1_Ridge
2025-11-28,Capped (Nov–Jan),0.7988082529496514,0.7184703511428969,T_south,M1_Ridge
2025-12-03,Capped (Nov–Jan),1.1861043063301762,1.3284149249375286,T_south,M1_Ridge
2025-12-05,Capped (Nov–Jan),1.4646056254790552,1.1787426350013388,T_south,M1_Ridge
2025-12-13,Capped (Nov–Jan),0.7638414915468393,0.7577197958941637,T_south,M1_Ridge
2025-12-18,Capped (Nov–Jan),0.5554081133164152,0.3825152484221759,T_south,M1_Ridge
2025-12-23,Capped (Nov–Jan),1.6477295934987688,1.7105818380351123,T_south,M1_Ridge
2025-12-28,Capped (Nov–Jan),2.5489241379712477,2.5540585619475165,T_south,M1_Ridge
2026-01-02,Capped (Nov–Jan),1.0505260217426882,0.9845140234029834,T_south,M1_Ridge
2026-01-07,Capped (Nov–Jan),0.7873541885218397,1.0894455465297914,T_south,M1_Ridge
2026-01-12,Capped (Nov–Jan),2.121032083787351,2.0606455870269027,T_south,M1_Ridge
2026-01-17,Capped (Nov–Jan),1.6980117466390217,1.7164248083400768,T_south,M1_Ridge
2026-01-22,Capped (Nov–Jan),1.7197668284448084,1.6940490870336078,T_south,M1_Ridge
2026-01-27,Capped (Nov–Jan),1.5410050331863279,1.5701490537085243,T_south,M1_Ridge
2026-02-01,Closed (Feb–Apr),1.1095402101988943,1.1002885390231822,T_south,M1_Ridge
2026-02-06,Closed (Feb–Apr),2.023995992612391,2.1807724107430895,T_south,M1_Ridge
2026-02-11,Closed (Feb–Apr),2.028345494960213,1.8159995865180074,T_south,M1_Ridge
2026-02-16,Closed (Feb–Apr),2.0626995608053007,2.072453464321437,T_south,M1_Ridge
2026-02-21,Closed (Feb–Apr),2.523079918739554,2.514095581130714,T_south,M1_Ridge
2026-02-26,Closed (Feb–Apr),2.519825842106964,2.439322177764161,T_south,M1_Ridge
2026-03-03,Closed (Feb–Apr),2.718552065895059,3.5004086595989268,T_south,M1_Ridge
2026-03-08,Closed (Feb–Apr),2.6705343855317554,2.7201202764108894,T_south,M1_Ridge
2026-03-18,Closed (Feb–Apr),2.503475302302546,2.538187535037952,T_south,M1_Ridge
2026-03-23,Closed (Feb–Apr),2.580776191939219,2.5682160352601624,T_south,M1_Ridge
2026-04-02,Closed (Feb–Apr),2.480353904909049,2.5235595842545786,T_south,M1_Ridge
2026-04-14,Closed (Feb–Apr),2.7480718958623864,3.0836174573965525,T_south,M1_Ridge
2026-04-17,Closed (Feb–Apr),2.092139823144559,2.1497143582400016,T_south,M1_Ridge
2020-03-29,COVID closure 2020,2.2201366947737204,2.396820883875491,T_south,M2_RandomForest
2020-04-03,COVID closure 2020,2.381456216620187,2.611667465116994,T_south,M2_RandomForest
2020-10-10,COVID closure 2020,0.5766943243314917,0.6221461305178627,T_south,M2_RandomForest
2020-10-15,COVID closure 2020,1.509726869659721,1.0075780781736616,T_south,M2_RandomForest
2020-10-20,COVID closure 2020,1.7089332339895917,1.8670383816942595,T_south,M2_RandomForest
2024-11-03,Capped (Nov–Jan),1.703483584104774,1.9456108872500686,T_south,M2_RandomForest
2024-11-08,Capped (Nov–Jan),0.9990120131565633,0.757497750931262,T_south,M2_RandomForest
2024-11-18,Capped (Nov–Jan),1.4109797497060865,1.142218559590935,T_south,M2_RandomForest
2024-11-23,Capped (Nov–Jan),2.2278103043247905,2.089850179761046,T_south,M2_RandomForest
2024-12-08,Capped (Nov–Jan),1.7305143146387698,1.8503162509569702,T_south,M2_RandomForest
2024-12-13,Capped (Nov–Jan),2.4400608285843295,1.7616607396632753,T_south,M2_RandomForest
2024-12-18,Capped (Nov–Jan),1.1690511500331617,0.9411413233973599,T_south,M2_RandomForest
2024-12-23,Capped (Nov–Jan),1.6590687945009603,1.314539007650374,T_south,M2_RandomForest
2024-12-28,Capped (Nov–Jan),2.1870709407597233,2.131817325965457,T_south,M2_RandomForest
2025-01-02,Capped (Nov–Jan),3.371509212984661,2.817461767524429,T_south,M2_RandomForest
2025-01-07,Capped (Nov–Jan),0.8046234920276328,1.0111774520574892,T_south,M2_RandomForest
2025-01-12,Capped (Nov–Jan),0.5263538339035784,0.9007766885407846,T_south,M2_RandomForest
2025-01-17,Capped (Nov–Jan),1.1314135934072351,1.1382351837443703,T_south,M2_RandomForest
2025-01-22,Capped (Nov–Jan),3.512579007200122,3.5806275686836937,T_south,M2_RandomForest
2025-01-27,Capped (Nov–Jan),2.658370456153209,3.0033909735763005,T_south,M2_RandomForest
2025-02-01,Closed (Feb–Apr),4.7706717551424305,4.08812637808255,T_south,M2_RandomForest
2025-02-06,Closed (Feb–Apr),2.6856478314066927,2.9839444160245927,T_south,M2_RandomForest
2025-02-11,Closed (Feb–Apr),2.1413489934043244,2.1240314308998074,T_south,M2_RandomForest
2025-02-16,Closed (Feb–Apr),1.8967186546234613,1.9869555880485452,T_south,M2_RandomForest
2025-02-21,Closed (Feb–Apr),4.85140591146948,4.096519179762098,T_south,M2_RandomForest
2025-02-26,Closed (Feb–Apr),2.587088359558295,2.8114024505259203,T_south,M2_RandomForest
2025-03-03,Closed (Feb–Apr),2.756857831749694,2.8903532088153527,T_south,M2_RandomForest
2025-03-08,Closed (Feb–Apr),1.675898109499358,2.0589889426452723,T_south,M2_RandomForest
2025-03-13,Closed (Feb–Apr),3.46500918098216,2.8739715063434494,T_south,M2_RandomForest
2025-03-23,Closed (Feb–Apr),2.367389912825013,2.5312687143274846,T_south,M2_RandomForest
2025-03-28,Closed (Feb–Apr),4.363429856829229,3.5372484942334417,T_south,M2_RandomForest
2025-04-02,Closed (Feb–Apr),2.59652116930149,2.9232519708566445,T_south,M2_RandomForest
2025-04-12,Closed (Feb–Apr),2.463668193651551,2.4362501691084972,T_south,M2_RandomForest
2025-09-06,Closed (May–Oct),2.6028245851170095,2.3142651917859913,T_south,M2_RandomForest
2025-09-24,Closed (May–Oct),2.7137904858216726,2.860504654950046,T_south,M2_RandomForest
2025-09-29,Closed (May–Oct),2.267061186176355,2.2052588540341387,T_south,M2_RandomForest
2025-10-14,Closed (May–Oct),1.4041118872689229,1.8512346576426904,T_south,M2_RandomForest
2025-10-19,Closed (May–Oct),0.8286560406040043,0.6670898922962925,T_south,M2_RandomForest
2025-10-24,Closed (May–Oct),0.0876915727243819,0.7157328790676362,T_south,M2_RandomForest
2025-10-26,Closed (May–Oct),0.29893833671676595,0.5976881485317649,T_south,M2_RandomForest
2025-10-29,Closed (May–Oct),0.8499125065882018,0.792168258431397,T_south,M2_RandomForest
2025-11-08,Capped (Nov–Jan),2.5034753023025447,2.074420793387259,T_south,M2_RandomForest
2025-11-13,Capped (Nov–Jan),0.9991465125921312,0.9581206206083294,T_south,M2_RandomForest
2025-11-15,Capped (Nov–Jan),0.5554081133164149,0.6155381927626783,T_south,M2_RandomForest
2025-11-18,Capped (Nov–Jan),1.8335862502137692,0.8543696952424599,T_south,M2_RandomForest
2025-11-23,Capped (Nov–Jan),1.6925175033948716,1.763191792729196,T_south,M2_RandomForest
2025-11-28,Capped (Nov–Jan),0.7988082529496514,0.8622954478258245,T_south,M2_RandomForest
2025-12-03,Capped (Nov–Jan),1.1861043063301762,0.9848717156059481,T_south,M2_RandomForest
2025-12-05,Capped (Nov–Jan),1.4646056254790552,1.0629959640160154,T_south,M2_RandomForest
2025-12-13,Capped (Nov–Jan),0.7638414915468393,0.9620711557486968,T_south,M2_RandomForest
2025-12-18,Capped (Nov–Jan),0.5554081133164152,0.6160320099154308,T_south,M2_RandomForest
2025-12-23,Capped (Nov–Jan),1.6477295934987688,1.868974421963736,T_south,M2_RandomForest
2025-12-28,Capped (Nov–Jan),2.5489241379712477,2.6769965562798466,T_south,M2_RandomForest
2026-01-02,Capped (Nov–Jan),1.0505260217426882,1.0729620853284945,T_south,M2_RandomForest
2026-01-07,Capped (Nov–Jan),0.7873541885218397,1.3188962471874879,T_south,M2_RandomForest
2026-01-12,Capped (Nov–Jan),2.121032083787351,2.0635855459211743,T_south,M2_RandomForest
2026-01-17,Capped (Nov–Jan),1.6980117466390217,1.861385127949446,T_south,M2_RandomForest
2026-01-22,Capped (Nov–Jan),1.7197668284448084,1.906892185431928,T_south,M2_RandomForest
2026-01-27,Capped (Nov–Jan),1.5410050331863279,1.7365135645201477,T_south,M2_RandomForest
2026-02-01,Closed (Feb–Apr),1.1095402101988943,1.382271104730342,T_south,M2_RandomForest
2026-02-06,Closed (Feb–Apr),2.023995992612391,2.165702439752915,T_south,M2_RandomForest
2026-02-11,Closed (Feb–Apr),2.028345494960213,1.9648390459102019,T_south,M2_RandomForest
2026-02-16,Closed (Feb–Apr),2.0626995608053007,2.1756586456062035,T_south,M2_RandomForest
2026-02-21,Closed (Feb–Apr),2.523079918739554,2.554048159082809,T_south,M2_RandomForest
2026-02-26,Closed (Feb–Apr),2.519825842106964,2.492445644961706,T_south,M2_RandomForest
2026-03-03,Closed (Feb–Apr),2.718552065895059,3.0800613258354783,T_south,M2_RandomForest
2026-03-08,Closed (Feb–Apr),2.6705343855317554,2.5828131526889324,T_south,M2_RandomForest
2026-03-18,Closed (Feb–Apr),2.503475302302546,2.3108512075275542,T_south,M2_RandomForest
2026-03-23,Closed (Feb–Apr),2.580776191939219,2.5900566639360316,T_south,M2_RandomForest
2026-04-02,Closed (Feb–Apr),2.480353904909049,2.5760733777735783,T_south,M2_RandomForest
2026-04-14,Closed (Feb–Apr),2.7480718958623864,2.9627656105047198,T_south,M2_RandomForest
2026-04-17,Closed (Feb–Apr),2.092139823144559,2.2096939744348445,T_south,M2_RandomForest
2020-03-29,COVID closure 2020,2.2201366947737204,2.3907504081726074,T_south,M3_XGBoost
2020-04-03,COVID closure 2020,2.381456216620187,2.5747532844543457,T_south,M3_XGBoost
2020-10-10,COVID closure 2020,0.5766943243314917,0.30050143599510193,T_south,M3_XGBoost
2020-10-15,COVID closure 2020,1.509726869659721,1.4693197011947632,T_south,M3_XGBoost
2020-10-20,COVID closure 2020,1.7089332339895917,1.8642102479934692,T_south,M3_XGBoost
2024-11-03,Capped (Nov–Jan),1.703483584104774,2.0106899738311768,T_south,M3_XGBoost
2024-11-08,Capped (Nov–Jan),0.9990120131565633,0.7185912728309631,T_south,M3_XGBoost
2024-11-18,Capped (Nov–Jan),1.4109797497060865,1.1610268354415894,T_south,M3_XGBoost
2024-11-23,Capped (Nov–Jan),2.2278103043247905,1.94016695022583,T_south,M3_XGBoost
2024-12-08,Capped (Nov–Jan),1.7305143146387698,1.7441973686218262,T_south,M3_XGBoost
2024-12-13,Capped (Nov–Jan),2.4400608285843295,1.7834603786468506,T_south,M3_XGBoost
2024-12-18,Capped (Nov–Jan),1.1690511500331617,0.9637442231178284,T_south,M3_XGBoost
2024-12-23,Capped (Nov–Jan),1.6590687945009603,1.3375699520111084,T_south,M3_XGBoost
2024-12-28,Capped (Nov–Jan),2.1870709407597233,2.17183518409729,T_south,M3_XGBoost
2025-01-02,Capped (Nov–Jan),3.371509212984661,2.755970001220703,T_south,M3_XGBoost
2025-01-07,Capped (Nov–Jan),0.8046234920276328,1.023403286933899,T_south,M3_XGBoost
2025-01-12,Capped (Nov–Jan),0.5263538339035784,0.7991997003555298,T_south,M3_XGBoost
2025-01-17,Capped (Nov–Jan),1.1314135934072351,1.1888301372528076,T_south,M3_XGBoost
2025-01-22,Capped (Nov–Jan),3.512579007200122,3.387237548828125,T_south,M3_XGBoost
2025-01-27,Capped (Nov–Jan),2.658370456153209,3.072489023208618,T_south,M3_XGBoost
2025-02-01,Closed (Feb–Apr),4.7706717551424305,4.5380072593688965,T_south,M3_XGBoost
2025-02-06,Closed (Feb–Apr),2.6856478314066927,3.0142035484313965,T_south,M3_XGBoost
2025-02-11,Closed (Feb–Apr),2.1413489934043244,2.071959972381592,T_south,M3_XGBoost
2025-02-16,Closed (Feb–Apr),1.8967186546234613,1.9442638158798218,T_south,M3_XGBoost
2025-02-21,Closed (Feb–Apr),4.85140591146948,4.480223655700684,T_south,M3_XGBoost
2025-02-26,Closed (Feb–Apr),2.587088359558295,3.0206239223480225,T_south,M3_XGBoost
2025-03-03,Closed (Feb–Apr),2.756857831749694,3.0183944702148438,T_south,M3_XGBoost
2025-03-08,Closed (Feb–Apr),1.675898109499358,1.951198697090149,T_south,M3_XGBoost
2025-03-13,Closed (Feb–Apr),3.46500918098216,3.1084258556365967,T_south,M3_XGBoost
2025-03-23,Closed (Feb–Apr),2.367389912825013,2.4075448513031006,T_south,M3_XGBoost
2025-03-28,Closed (Feb–Apr),4.363429856829229,3.5602195262908936,T_south,M3_XGBoost
2025-04-02,Closed (Feb–Apr),2.59652116930149,3.0915439128875732,T_south,M3_XGBoost
2025-04-12,Closed (Feb–Apr),2.463668193651551,2.384639024734497,T_south,M3_XGBoost
2025-09-06,Closed (May–Oct),2.6028245851170095,2.4773077964782715,T_south,M3_XGBoost
2025-09-24,Closed (May–Oct),2.7137904858216726,3.1887764930725098,T_south,M3_XGBoost
2025-09-29,Closed (May–Oct),2.267061186176355,2.3023085594177246,T_south,M3_XGBoost
2025-10-14,Closed (May–Oct),1.4041118872689229,1.831907868385315,T_south,M3_XGBoost
2025-10-19,Closed (May–Oct),0.8286560406040043,0.45827150344848633,T_south,M3_XGBoost
2025-10-24,Closed (May–Oct),0.0876915727243819,0.5503220558166504,T_south,M3_XGBoost
2025-10-26,Closed (May–Oct),0.29893833671676595,0.3972492814064026,T_south,M3_XGBoost
2025-10-29,Closed (May–Oct),0.8499125065882018,0.6848574876785278,T_south,M3_XGBoost
2025-11-08,Capped (Nov–Jan),2.5034753023025447,2.0325253009796143,T_south,M3_XGBoost
2025-11-13,Capped (Nov–Jan),0.9991465125921312,0.9089832901954651,T_south,M3_XGBoost
2025-11-15,Capped (Nov–Jan),0.5554081133164149,0.395257830619812,T_south,M3_XGBoost
2025-11-18,Capped (Nov–Jan),1.8335862502137692,1.0125148296356201,T_south,M3_XGBoost
2025-11-23,Capped (Nov–Jan),1.6925175033948716,1.7775193452835083,T_south,M3_XGBoost
2025-11-28,Capped (Nov–Jan),0.7988082529496514,0.8598100543022156,T_south,M3_XGBoost
2025-12-03,Capped (Nov–Jan),1.1861043063301762,1.039505958557129,T_south,M3_XGBoost
2025-12-05,Capped (Nov–Jan),1.4646056254790552,1.1638028621673584,T_south,M3_XGBoost
2025-12-13,Capped (Nov–Jan),0.7638414915468393,0.993585467338562,T_south,M3_XGBoost
2025-12-18,Capped (Nov–Jan),0.5554081133164152,0.3698802888393402,T_south,M3_XGBoost
2025-12-23,Capped (Nov–Jan),1.6477295934987688,1.808786153793335,T_south,M3_XGBoost
2025-12-28,Capped (Nov–Jan),2.5489241379712477,2.8245344161987305,T_south,M3_XGBoost
2026-01-02,Capped (Nov–Jan),1.0505260217426882,1.0283937454223633,T_south,M3_XGBoost
2026-01-07,Capped (Nov–Jan),0.7873541885218397,1.0498199462890625,T_south,M3_XGBoost
2026-01-12,Capped (Nov–Jan),2.121032083787351,1.9936531782150269,T_south,M3_XGBoost
2026-01-17,Capped (Nov–Jan),1.6980117466390217,1.815065622329712,T_south,M3_XGBoost
2026-01-22,Capped (Nov–Jan),1.7197668284448084,1.8832817077636719,T_south,M3_XGBoost
2026-01-27,Capped (Nov–Jan),1.5410050331863279,1.5693800449371338,T_south,M3_XGBoost
2026-02-01,Closed (Feb–Apr),1.1095402101988943,1.173849105834961,T_south,M3_XGBoost
2026-02-06,Closed (Feb–Apr),2.023995992612391,2.1834280490875244,T_south,M3_XGBoost
2026-02-11,Closed (Feb–Apr),2.028345494960213,1.9596762657165527,T_south,M3_XGBoost
2026-02-16,Closed (Feb–Apr),2.0626995608053007,2.111553907394409,T_south,M3_XGBoost
2026-02-21,Closed (Feb–Apr),2.523079918739554,2.5070512294769287,T_south,M3_XGBoost
2026-02-26,Closed (Feb–Apr),2.519825842106964,2.3876333236694336,T_south,M3_XGBoost
2026-03-03,Closed (Feb–Apr),2.718552065895059,3.4422364234924316,T_south,M3_XGBoost
2026-03-08,Closed (Feb–Apr),2.6705343855317554,2.5698859691619873,T_south,M3_XGBoost
2026-03-18,Closed (Feb–Apr),2.503475302302546,2.418177366256714,T_south,M3_XGBoost
2026-03-23,Closed (Feb–Apr),2.580776191939219,2.5411927700042725,T_south,M3_XGBoost
2026-04-02,Closed (Feb–Apr),2.480353904909049,2.5358829498291016,T_south,M3_XGBoost
2026-04-14,Closed (Feb–Apr),2.7480718958623864,3.220163106918335,T_south,M3_XGBoost
2026-04-17,Closed (Feb–Apr),2.092139823144559,2.237318992614746,T_south,M3_XGBoost
2020-03-29,COVID closure 2020,2.177278742322498,2.398937430767526,T_north_deep,M0_Ratio
2020-04-03,COVID closure 2020,2.4179686726371106,2.633145464541616,T_north_deep,M0_Ratio
2020-10-10,COVID closure 2020,1.046345336784377,0.5232124870606607,T_north_deep,M0_Ratio
2020-10-15,COVID closure 2020,1.6042156193350956,0.9047256696204549,T_north_deep,M0_Ratio
2020-10-20,COVID closure 2020,1.757016260401996,1.9753709721787296,T_north_deep,M0_Ratio
2024-11-03,Capped (Nov–Jan),2.405813323177239,2.188210898939046,T_north_deep,M0_Ratio
2024-11-08,Capped (Nov–Jan),0.7989286085441172,0.8218115725286217,T_north_deep,M0_Ratio
2024-11-18,Capped (Nov–Jan),1.6758981094993581,1.4046140721358802,T_north_deep,M0_Ratio
2024-11-23,Capped (Nov–Jan),2.496897014744024,2.44918133504528,T_north_deep,M0_Ratio
2024-12-08,Capped (Nov–Jan),1.9752986418145544,2.036889544683733,T_north_deep,M0_Ratio
2024-12-13,Capped (Nov–Jan),1.7089332339895906,1.9432688222895045,T_north_deep,M0_Ratio
2024-12-18,Capped (Nov–Jan),1.5285852391923314,1.0208830699762206,T_north_deep,M0_Ratio
2024-12-23,Capped (Nov–Jan),1.3691907744394478,1.5711390233649778,T_north_deep,M0_Ratio
2024-12-28,Capped (Nov–Jan),2.1332535546768856,2.4709378290774375,T_north_deep,M0_Ratio
2025-01-02,Capped (Nov–Jan),2.794574526648832,2.811765904544415,T_north_deep,M0_Ratio
2025-01-07,Capped (Nov–Jan),0.969654224423122,1.0101039592507821,T_north_deep,M0_Ratio
2025-01-12,Capped (Nov–Jan),0.9293080069135586,0.8194059834712346,T_north_deep,M0_Ratio
2025-01-17,Capped (Nov–Jan),1.3185783613765407,1.283331471302522,T_north_deep,M0_Ratio
2025-01-22,Capped (Nov–Jan),3.3216885863751804,3.589936406805226,T_north_deep,M0_Ratio
2025-01-27,Capped (Nov–Jan),2.9123635709318036,3.034299351676777,T_north_deep,M0_Ratio
2025-02-01,Closed (Feb–Apr),4.833131902352841,4.788110596409863,T_north_deep,M0_Ratio
2025-02-06,Closed (Feb–Apr),2.739253982894378,3.2991077844017096,T_north_deep,M0_Ratio
2025-02-11,Closed (Feb–Apr),2.133253554676886,2.3184603878913954,T_north_deep,M0_Ratio
2025-02-16,Closed (Feb–Apr),1.906187591922353,1.9940298006752701,T_north_deep,M0_Ratio
2025-02-21,Closed (Feb–Apr),4.585929994830365,4.916261977312217,T_north_deep,M0_Ratio
2025-02-26,Closed (Feb–Apr),2.655319175771395,2.946878093286125,T_north_deep,M0_Ratio
2025-03-03,Closed (Feb–Apr),2.721520580427185,3.2790889886106016,T_north_deep,M0_Ratio
2025-03-08,Closed (Feb–Apr),1.636292314162802,1.9521941991737737,T_north_deep,M0_Ratio
2025-03-13,Closed (Feb–Apr),3.500396957604854,2.966526379251857,T_north_deep,M0_Ratio
2025-03-23,Closed (Feb–Apr),2.6027864630522277,2.666725994015192,T_north_deep,M0_Ratio
2025-03-28,Closed (Feb–Apr),4.7281432889395285,3.5747755746240517,T_north_deep,M0_Ratio
2025-04-02,Closed (Feb–Apr),2.5649116042403355,2.794089688074309,T_north_deep,M0_Ratio
2025-04-12,Closed (Feb–Apr),2.639999162443535,2.4505414768348293,T_north_deep,M0_Ratio
2025-09-06,Closed (May–Oct),2.690435157910696,2.434956924816182,T_north_deep,M0_Ratio
2025-09-29,Closed (May–Oct),2.706640659347738,2.296161297484145,T_north_deep,M0_Ratio
2025-10-14,Closed (May–Oct),2.1890792637674648,1.885066763619424,T_north_deep,M0_Ratio
2025-10-19,Closed (May–Oct),1.3031689992373778,-0.5501857446696001,T_north_deep,M0_Ratio
2025-10-24,Closed (May–Oct),0.7873541885218389,-0.030487528733397606,T_north_deep,M0_Ratio
2025-10-26,Closed (May–Oct),0.7454809113495211,-0.025913594452482758,T_north_deep,M0_Ratio
2025-10-29,Closed (May–Oct),1.2930048537113676,0.5583628616869569,T_north_deep,M0_Ratio
2025-11-08,Capped (Nov–Jan),2.621472933173149,2.3182256364774214,T_north_deep,M0_Ratio
2025-11-13,Capped (Nov–Jan),1.6619774482062537,1.0602509676494347,T_north_deep,M0_Ratio
2025-11-15,Capped (Nov–Jan),1.2424259233265729,0.670142485951911,T_north_deep,M0_Ratio
2025-11-18,Capped (Nov–Jan),2.125116412426642,0.7995981189675081,T_north_deep,M0_Ratio
2025-11-23,Capped (Nov–Jan),1.8484074689222156,1.9170066628241293,T_north_deep,M0_Ratio
2025-11-28,Capped (Nov–Jan),1.2463498271786424,1.002548955695338,T_north_deep,M0_Ratio
2025-12-03,Capped (Nov–Jan),1.1694755204960434,1.2297428594592412,T_north_deep,M0_Ratio
2025-12-05,Capped (Nov–Jan),1.4246029991483433,1.3415096805354627,T_north_deep,M0_Ratio
2025-12-08,Capped (Nov–Jan),2.419588038197314,2.3411570679273637,T_north_deep,M0_Ratio
2025-12-13,Capped (Nov–Jan),1.177837249955196,1.1941503145845553,T_north_deep,M0_Ratio
2025-12-18,Capped (Nov–Jan),0.8103852913144685,0.6064072117354313,T_north_deep,M0_Ratio
2025-12-23,Capped (Nov–Jan),1.6925175033948712,1.9701170995766069,T_north_deep,M0_Ratio
2025-12-28,Capped (Nov–Jan),2.6916652756393855,2.878641866716622,T_north_deep,M0_Ratio
2026-01-02,Capped (Nov–Jan),1.2962300101667477,1.2138536512039875,T_north_deep,M0_Ratio
2026-01-07,Capped (Nov–Jan),1.4313593111200702,1.2764701260889946,T_north_deep,M0_Ratio
2026-01-12,Capped (Nov–Jan),2.196899139605921,2.3296287546760994,T_north_deep,M0_Ratio
2026-01-17,Capped (Nov–Jan),1.922585475971557,1.9984922160014575,T_north_deep,M0_Ratio
2026-01-22,Capped (Nov–Jan),1.9388477594480023,1.9541316037488063,T_north_deep,M0_Ratio
2026-01-27,Capped (Nov–Jan),1.7778536192756875,1.7338335901541349,T_north_deep,M0_Ratio
2026-02-01,Closed (Feb–Apr),1.410979749706089,1.2007607537757354,T_north_deep,M0_Ratio
2026-02-06,Closed (Feb–Apr),2.2239778731104867,2.395301892813699,T_north_deep,M0_Ratio
2026-02-11,Closed (Feb–Apr),1.988738386464337,2.2065997449319297,T_north_deep,M0_Ratio
2026-02-16,Closed (Feb–Apr),2.0626995608053025,2.3538090972867223,T_north_deep,M0_Ratio
2026-02-21,Closed (Feb–Apr),2.571271968997296,2.7463522653723627,T_north_deep,M0_Ratio
2026-02-26,Closed (Feb–Apr),2.402353458479545,2.736238943756989,T_north_deep,M0_Ratio
2026-03-03,Closed (Feb–Apr),3.102069707934987,3.367705411412476,T_north_deep,M0_Ratio
2026-03-08,Closed (Feb–Apr),2.935854984327983,2.7128535488878183,T_north_deep,M0_Ratio
2026-03-18,Closed (Feb–Apr),2.391934677377482,2.2781554095951138,T_north_deep,M0_Ratio
2026-03-23,Closed (Feb–Apr),2.633841219951272,2.7057648538813797,T_north_deep,M0_Ratio
2026-04-02,Closed (Feb–Apr),2.4058133231772354,2.5787873432768413,T_north_deep,M0_Ratio
2026-04-14,Closed (Feb–Apr),2.7801352995591704,2.842991529594473,T_north_deep,M0_Ratio
2026-04-17,Closed (Feb–Apr),1.757016260401996,1.9060263730742626,T_north_deep,M0_Ratio
2020-03-29,COVID closure 2020,2.177278742322498,2.3130147176083042,T_north_deep,M1_Ridge
2020-04-03,COVID closure 2020,2.4179686726371106,2.476343689779979,T_north_deep,M1_Ridge
2020-10-10,COVID closure 2020,1.046345336784377,1.225790243864104,T_north_deep,M1_Ridge
2020-10-15,COVID closure 2020,1.6042156193350956,1.834447836290157,T_north_deep,M1_Ridge
2020-10-20,COVID closure 2020,1.757016260401996,2.307748962295045,T_north_deep,M1_Ridge
2024-11-03,Capped (Nov–Jan),2.405813323177239,2.624643484716035,T_north_deep,M1_Ridge
2024-11-08,Capped (Nov–Jan),0.7989286085441172,1.153688515172994,T_north_deep,M1_Ridge
2024-11-18,Capped (Nov–Jan),1.6758981094993581,1.601454369008522,T_north_deep,M1_Ridge
2024-11-23,Capped (Nov–Jan),2.496897014744024,2.466186839125693,T_north_deep,M1_Ridge
2024-12-08,Capped (Nov–Jan),1.9752986418145544,2.0429265529853784,T_north_deep,M1_Ridge
2024-12-13,Capped (Nov–Jan),1.7089332339895906,2.0826724583447502,T_north_deep,M1_Ridge
2024-12-18,Capped (Nov–Jan),1.5285852391923314,1.1276522689480593,T_north_deep,M1_Ridge
2024-12-23,Capped (Nov–Jan),1.3691907744394478,1.6369499740851168,T_north_deep,M1_Ridge
2024-12-28,Capped (Nov–Jan),2.1332535546768856,2.3524484229176994,T_north_deep,M1_Ridge
2025-01-02,Capped (Nov–Jan),2.794574526648832,2.474260379301847,T_north_deep,M1_Ridge
2025-01-07,Capped (Nov–Jan),0.969654224423122,1.1134655430032365,T_north_deep,M1_Ridge
2025-01-12,Capped (Nov–Jan),0.9293080069135586,0.7394099709353181,T_north_deep,M1_Ridge
2025-01-17,Capped (Nov–Jan),1.3185783613765407,1.3475939542743023,T_north_deep,M1_Ridge
2025-01-22,Capped (Nov–Jan),3.3216885863751804,3.446554630874094,T_north_deep,M1_Ridge
2025-01-27,Capped (Nov–Jan),2.9123635709318036,2.7002784998007865,T_north_deep,M1_Ridge
2025-02-01,Closed (Feb–Apr),4.833131902352841,4.337422580089472,T_north_deep,M1_Ridge
2025-02-06,Closed (Feb–Apr),2.739253982894378,2.9648671820889647,T_north_deep,M1_Ridge
2025-02-11,Closed (Feb–Apr),2.133253554676886,2.051587595216753,T_north_deep,M1_Ridge
2025-02-16,Closed (Feb–Apr),1.906187591922353,1.9531861048775179,T_north_deep,M1_Ridge
2025-02-21,Closed (Feb–Apr),4.585929994830365,4.382197273579539,T_north_deep,M1_Ridge
2025-02-26,Closed (Feb–Apr),2.655319175771395,2.7546770000151994,T_north_deep,M1_Ridge
2025-03-03,Closed (Feb–Apr),2.721520580427185,3.153010645762108,T_north_deep,M1_Ridge
2025-03-08,Closed (Feb–Apr),1.636292314162802,1.7586870669086119,T_north_deep,M1_Ridge
2025-03-13,Closed (Feb–Apr),3.500396957604854,2.7802789176839293,T_north_deep,M1_Ridge
2025-03-23,Closed (Feb–Apr),2.6027864630522277,2.572394158244226,T_north_deep,M1_Ridge
2025-03-28,Closed (Feb–Apr),4.7281432889395285,3.611797359226194,T_north_deep,M1_Ridge
2025-04-02,Closed (Feb–Apr),2.5649116042403355,2.965308528343693,T_north_deep,M1_Ridge
2025-04-12,Closed (Feb–Apr),2.639999162443535,2.3034236334338387,T_north_deep,M1_Ridge
2025-09-06,Closed (May–Oct),2.690435157910696,2.624889311125406,T_north_deep,M1_Ridge
2025-09-29,Closed (May–Oct),2.706640659347738,2.7168873618274665,T_north_deep,M1_Ridge
2025-10-14,Closed (May–Oct),2.1890792637674648,2.2357538478427674,T_north_deep,M1_Ridge
2025-10-19,Closed (May–Oct),1.3031689992373778,0.3723871756486692,T_north_deep,M1_Ridge
2025-10-24,Closed (May–Oct),0.7873541885218389,0.840397494650539,T_north_deep,M1_Ridge
2025-10-26,Closed (May–Oct),0.7454809113495211,0.8166150500357168,T_north_deep,M1_Ridge
2025-10-29,Closed (May–Oct),1.2930048537113676,1.1812656123404148,T_north_deep,M1_Ridge
2025-11-08,Capped (Nov–Jan),2.621472933173149,2.593419733308364,T_north_deep,M1_Ridge
2025-11-13,Capped (Nov–Jan),1.6619774482062537,1.1808404089626168,T_north_deep,M1_Ridge
2025-11-15,Capped (Nov–Jan),1.2424259233265729,1.113082285862604,T_north_deep,M1_Ridge
2025-11-18,Capped (Nov–Jan),2.125116412426642,1.561007940315933,T_north_deep,M1_Ridge
2025-11-23,Capped (Nov–Jan),1.8484074689222156,2.1124425445880552,T_north_deep,M1_Ridge
2025-11-28,Capped (Nov–Jan),1.2463498271786424,1.2546283288587872,T_north_deep,M1_Ridge
2025-12-03,Capped (Nov–Jan),1.1694755204960434,1.707084535669739,T_north_deep,M1_Ridge
2025-12-05,Capped (Nov–Jan),1.4246029991483433,1.536913027373409,T_north_deep,M1_Ridge
2025-12-08,Capped (Nov–Jan),2.419588038197314,2.36026209012039,T_north_deep,M1_Ridge
2025-12-13,Capped (Nov–Jan),1.177837249955196,1.1520184525885802,T_north_deep,M1_Ridge
2025-12-18,Capped (Nov–Jan),0.8103852913144685,0.7132245024260606,T_north_deep,M1_Ridge
2025-12-23,Capped (Nov–Jan),1.6925175033948712,1.9584523919125831,T_north_deep,M1_Ridge
2025-12-28,Capped (Nov–Jan),2.6916652756393855,2.6841306482501603,T_north_deep,M1_Ridge
2026-01-02,Capped (Nov–Jan),1.2962300101667477,1.196623002001005,T_north_deep,M1_Ridge
2026-01-07,Capped (Nov–Jan),1.4313593111200702,1.316073108616769,T_north_deep,M1_Ridge
2026-01-12,Capped (Nov–Jan),2.196899139605921,2.0940848958435945,T_north_deep,M1_Ridge
2026-01-17,Capped (Nov–Jan),1.922585475971557,1.798346871132628,T_north_deep,M1_Ridge
2026-01-22,Capped (Nov–Jan),1.9388477594480023,1.8948878623685297,T_north_deep,M1_Ridge
2026-01-27,Capped (Nov–Jan),1.7778536192756875,1.7264369832729143,T_north_deep,M1_Ridge
2026-02-01,Closed (Feb–Apr),1.410979749706089,1.2352389366215157,T_north_deep,M1_Ridge
2026-02-06,Closed (Feb–Apr),2.2239778731104867,2.378342643263131,T_north_deep,M1_Ridge
2026-02-11,Closed (Feb–Apr),1.988738386464337,1.8341211036537783,T_north_deep,M1_Ridge
2026-02-16,Closed (Feb–Apr),2.0626995608053025,2.0948200115883404,T_north_deep,M1_Ridge
2026-02-21,Closed (Feb–Apr),2.571271968997296,2.655751116630839,T_north_deep,M1_Ridge
2026-02-26,Closed (Feb–Apr),2.402353458479545,2.433454571645465,T_north_deep,M1_Ridge
2026-03-03,Closed (Feb–Apr),3.102069707934987,3.2690667610110182,T_north_deep,M1_Ridge
2026-03-08,Closed (Feb–Apr),2.935854984327983,2.567661932112953,T_north_deep,M1_Ridge
2026-03-18,Closed (Feb–Apr),2.391934677377482,2.33871619303273,T_north_deep,M1_Ridge
2026-03-23,Closed (Feb–Apr),2.633841219951272,2.7097962174945027,T_north_deep,M1_Ridge
2026-04-02,Closed (Feb–Apr),2.4058133231772354,2.652535023191194,T_north_deep,M1_Ridge
2026-04-14,Closed (Feb–Apr),2.7801352995591704,2.948685503928023,T_north_deep,M1_Ridge
2026-04-17,Closed (Feb–Apr),1.757016260401996,2.196245723386612,T_north_deep,M1_Ridge
2020-03-29,COVID closure 2020,2.177278742322498,2.483081910991957,T_north_deep,M2_RandomForest
2020-04-03,COVID closure 2020,2.4179686726371106,2.542798309652612,T_north_deep,M2_RandomForest
2020-10-10,COVID closure 2020,1.046345336784377,1.3456450457744917,T_north_deep,M2_RandomForest
2020-10-15,COVID closure 2020,1.6042156193350956,1.49821905652972,T_north_deep,M2_RandomForest
2020-10-20,COVID closure 2020,1.757016260401996,2.290604463355003,T_north_deep,M2_RandomForest
2024-11-03,Capped (Nov–Jan),2.405813323177239,2.2700822684311244,T_north_deep,M2_RandomForest
2024-11-08,Capped (Nov–Jan),0.7989286085441172,1.2064272079813443,T_north_deep,M2_RandomForest
2024-11-18,Capped (Nov–Jan),1.6758981094993581,1.6872541857597005,T_north_deep,M2_RandomForest
2024-11-23,Capped (Nov–Jan),2.496897014744024,2.2754199417084213,T_north_deep,M2_RandomForest
2024-12-08,Capped (Nov–Jan),1.9752986418145544,2.0664217130917613,T_north_deep,M2_RandomForest
2024-12-13,Capped (Nov–Jan),1.7089332339895906,1.980066017429679,T_north_deep,M2_RandomForest
2024-12-18,Capped (Nov–Jan),1.5285852391923314,1.292934128123111,T_north_deep,M2_RandomForest
2024-12-23,Capped (Nov–Jan),1.3691907744394478,1.7193222630386382,T_north_deep,M2_RandomForest
2024-12-28,Capped (Nov–Jan),2.1332535546768856,2.225209691562958,T_north_deep,M2_RandomForest
2025-01-02,Capped (Nov–Jan),2.794574526648832,2.5182695186826303,T_north_deep,M2_RandomForest
2025-01-07,Capped (Nov–Jan),0.969654224423122,1.2699087817374695,T_north_deep,M2_RandomForest
2025-01-12,Capped (Nov–Jan),0.9293080069135586,1.1748226258195116,T_north_deep,M2_RandomForest
2025-01-17,Capped (Nov–Jan),1.3185783613765407,1.6079632506847361,T_north_deep,M2_RandomForest
2025-01-22,Capped (Nov–Jan),3.3216885863751804,3.2360903879042273,T_north_deep,M2_RandomForest
2025-01-27,Capped (Nov–Jan),2.9123635709318036,3.001406439235052,T_north_deep,M2_RandomForest
2025-02-01,Closed (Feb–Apr),4.833131902352841,4.087409488164136,T_north_deep,M2_RandomForest
2025-02-06,Closed (Feb–Apr),2.739253982894378,3.0799160230646856,T_north_deep,M2_RandomForest
2025-02-11,Closed (Feb–Apr),2.133253554676886,2.246077353576576,T_north_deep,M2_RandomForest
2025-02-16,Closed (Feb–Apr),1.906187591922353,2.170820696422759,T_north_deep,M2_RandomForest
2025-02-21,Closed (Feb–Apr),4.585929994830365,4.179491319354168,T_north_deep,M2_RandomForest
2025-02-26,Closed (Feb–Apr),2.655319175771395,2.8507848187303213,T_north_deep,M2_RandomForest
2025-03-03,Closed (Feb–Apr),2.721520580427185,2.8972200147981217,T_north_deep,M2_RandomForest
2025-03-08,Closed (Feb–Apr),1.636292314162802,2.113972895012684,T_north_deep,M2_RandomForest
2025-03-13,Closed (Feb–Apr),3.500396957604854,2.8198119163483915,T_north_deep,M2_RandomForest
2025-03-23,Closed (Feb–Apr),2.6027864630522277,2.526631370988584,T_north_deep,M2_RandomForest
2025-03-28,Closed (Feb–Apr),4.7281432889395285,3.19342475625233,T_north_deep,M2_RandomForest
2025-04-02,Closed (Feb–Apr),2.5649116042403355,2.754872622008531,T_north_deep,M2_RandomForest
2025-04-12,Closed (Feb–Apr),2.639999162443535,2.4521612897386422,T_north_deep,M2_RandomForest
2025-09-06,Closed (May–Oct),2.690435157910696,2.3646428435187543,T_north_deep,M2_RandomForest
2025-09-29,Closed (May–Oct),2.706640659347738,2.426164939440596,T_north_deep,M2_RandomForest
2025-10-14,Closed (May–Oct),2.1890792637674648,2.0720657855006976,T_north_deep,M2_RandomForest
2025-10-19,Closed (May–Oct),1.3031689992373778,1.3436569241415277,T_north_deep,M2_RandomForest
2025-10-24,Closed (May–Oct),0.7873541885218389,1.38362832572802,T_north_deep,M2_RandomForest
2025-10-26,Closed (May–Oct),0.7454809113495211,1.2606023791667402,T_north_deep,M2_RandomForest
2025-10-29,Closed (May–Oct),1.2930048537113676,1.3157391946013874,T_north_deep,M2_RandomForest
2025-11-08,Capped (Nov–Jan),2.621472933173149,2.5036355644242416,T_north_deep,M2_RandomForest
2025-11-13,Capped (Nov–Jan),1.6619774482062537,1.43282986509543,T_north_deep,M2_RandomForest
2025-11-15,Capped (Nov–Jan),1.2424259233265729,1.1399391405139092,T_north_deep,M2_RandomForest
2025-11-18,Capped (Nov–Jan),2.125116412426642,1.3772463794873828,T_north_deep,M2_RandomForest
2025-11-23,Capped (Nov–Jan),1.8484074689222156,1.9614132786098522,T_north_deep,M2_RandomForest
2025-11-28,Capped (Nov–Jan),1.2463498271786424,1.129444315023483,T_north_deep,M2_RandomForest
2025-12-03,Capped (Nov–Jan),1.1694755204960434,1.6195198980021712,T_north_deep,M2_RandomForest
2025-12-05,Capped (Nov–Jan),1.4246029991483433,1.6621598761220586,T_north_deep,M2_RandomForest
2025-12-08,Capped (Nov–Jan),2.419588038197314,2.208152500436636,T_north_deep,M2_RandomForest
2025-12-13,Capped (Nov–Jan),1.177837249955196,1.4349243176591213,T_north_deep,M2_RandomForest
2025-12-18,Capped (Nov–Jan),0.8103852913144685,1.074938741323396,T_north_deep,M2_RandomForest
2025-12-23,Capped (Nov–Jan),1.6925175033948712,1.924249236345975,T_north_deep,M2_RandomForest
2025-12-28,Capped (Nov–Jan),2.6916652756393855,2.672077330319617,T_north_deep,M2_RandomForest
2026-01-02,Capped (Nov–Jan),1.2962300101667477,1.4887314094504196,T_north_deep,M2_RandomForest
2026-01-07,Capped (Nov–Jan),1.4313593111200702,1.618359875257396,T_north_deep,M2_RandomForest
2026-01-12,Capped (Nov–Jan),2.196899139605921,2.1810593234844715,T_north_deep,M2_RandomForest
2026-01-17,Capped (Nov–Jan),1.922585475971557,1.9829376891803827,T_north_deep,M2_RandomForest
2026-01-22,Capped (Nov–Jan),1.9388477594480023,1.9377353223038833,T_north_deep,M2_RandomForest
2026-01-27,Capped (Nov–Jan),1.7778536192756875,1.7838727632046258,T_north_deep,M2_RandomForest
2026-02-01,Closed (Feb–Apr),1.410979749706089,1.6260705283500718,T_north_deep,M2_RandomForest
2026-02-06,Closed (Feb–Apr),2.2239778731104867,2.323049205038491,T_north_deep,M2_RandomForest
2026-02-11,Closed (Feb–Apr),1.988738386464337,2.0950099945265745,T_north_deep,M2_RandomForest
2026-02-16,Closed (Feb–Apr),2.0626995608053025,2.3125018329677927,T_north_deep,M2_RandomForest
2026-02-21,Closed (Feb–Apr),2.571271968997296,2.4783078480518173,T_north_deep,M2_RandomForest
2026-02-26,Closed (Feb–Apr),2.402353458479545,2.4480662653562053,T_north_deep,M2_RandomForest
2026-03-03,Closed (Feb–Apr),3.102069707934987,3.0491234544125194,T_north_deep,M2_RandomForest
2026-03-08,Closed (Feb–Apr),2.935854984327983,2.5400844174828645,T_north_deep,M2_RandomForest
2026-03-18,Closed (Feb–Apr),2.391934677377482,2.4617473442927826,T_north_deep,M2_RandomForest
2026-03-23,Closed (Feb–Apr),2.633841219951272,2.593084636804341,T_north_deep,M2_RandomForest
2026-04-02,Closed (Feb–Apr),2.4058133231772354,2.555401878436445,T_north_deep,M2_RandomForest
2026-04-14,Closed (Feb–Apr),2.7801352995591704,2.754627877679888,T_north_deep,M2_RandomForest
2026-04-17,Closed (Feb–Apr),1.757016260401996,2.2563384291659974,T_north_deep,M2_RandomForest
2020-03-29,COVID closure 2020,2.177278742322498,2.397006034851074,T_north_deep,M3_XGBoost
2020-04-03,COVID closure 2020,2.4179686726371106,2.5276825428009033,T_north_deep,M3_XGBoost
2020-10-10,COVID closure 2020,1.046345336784377,0.9779882431030273,T_north_deep,M3_XGBoost
2020-10-15,COVID closure 2020,1.6042156193350956,1.525802731513977,T_north_deep,M3_XGBoost
2020-10-20,COVID closure 2020,1.757016260401996,2.264946699142456,T_north_deep,M3_XGBoost
2024-11-03,Capped (Nov–Jan),2.405813323177239,2.4871180057525635,T_north_deep,M3_XGBoost
2024-11-08,Capped (Nov–Jan),0.7989286085441172,1.0336472988128662,T_north_deep,M3_XGBoost
2024-11-18,Capped (Nov–Jan),1.6758981094993581,1.8105990886688232,T_north_deep,M3_XGBoost
2024-11-23,Capped (Nov–Jan),2.496897014744024,2.313190221786499,T_north_deep,M3_XGBoost
2024-12-08,Capped (Nov–Jan),1.9752986418145544,1.9571826457977295,T_north_deep,M3_XGBoost
2024-12-13,Capped (Nov–Jan),1.7089332339895906,1.811809778213501,T_north_deep,M3_XGBoost
2024-12-18,Capped (Nov–Jan),1.5285852391923314,1.2300946712493896,T_north_deep,M3_XGBoost
2024-12-23,Capped (Nov–Jan),1.3691907744394478,1.5349202156066895,T_north_deep,M3_XGBoost
2024-12-28,Capped (Nov–Jan),2.1332535546768856,2.086477041244507,T_north_deep,M3_XGBoost
2025-01-02,Capped (Nov–Jan),2.794574526648832,2.3864784240722656,T_north_deep,M3_XGBoost
2025-01-07,Capped (Nov–Jan),0.969654224423122,0.9439414143562317,T_north_deep,M3_XGBoost
2025-01-12,Capped (Nov–Jan),0.9293080069135586,0.8532942533493042,T_north_deep,M3_XGBoost
2025-01-17,Capped (Nov–Jan),1.3185783613765407,1.5086787939071655,T_north_deep,M3_XGBoost
2025-01-22,Capped (Nov–Jan),3.3216885863751804,3.336601734161377,T_north_deep,M3_XGBoost
2025-01-27,Capped (Nov–Jan),2.9123635709318036,3.045121669769287,T_north_deep,M3_XGBoost
2025-02-01,Closed (Feb–Apr),4.833131902352841,4.436162948608398,T_north_deep,M3_XGBoost
2025-02-06,Closed (Feb–Apr),2.739253982894378,3.045301675796509,T_north_deep,M3_XGBoost
2025-02-11,Closed (Feb–Apr),2.133253554676886,2.1661417484283447,T_north_deep,M3_XGBoost
2025-02-16,Closed (Feb–Apr),1.906187591922353,2.259887933731079,T_north_deep,M3_XGBoost
2025-02-21,Closed (Feb–Apr),4.585929994830365,4.616237163543701,T_north_deep,M3_XGBoost
2025-02-26,Closed (Feb–Apr),2.655319175771395,2.8941454887390137,T_north_deep,M3_XGBoost
2025-03-03,Closed (Feb–Apr),2.721520580427185,2.9604475498199463,T_north_deep,M3_XGBoost
2025-03-08,Closed (Feb–Apr),1.636292314162802,1.9891287088394165,T_north_deep,M3_XGBoost
2025-03-13,Closed (Feb–Apr),3.500396957604854,2.880251169204712,T_north_deep,M3_XGBoost
2025-03-23,Closed (Feb–Apr),2.6027864630522277,2.5379207134246826,T_north_deep,M3_XGBoost
2025-03-28,Closed (Feb–Apr),4.7281432889395285,3.452155113220215,T_north_deep,M3_XGBoost
2025-04-02,Closed (Feb–Apr),2.5649116042403355,2.95332932472229,T_north_deep,M3_XGBoost
2025-04-12,Closed (Feb–Apr),2.639999162443535,2.2580227851867676,T_north_deep,M3_XGBoost
2025-09-06,Closed (May–Oct),2.690435157910696,2.3377575874328613,T_north_deep,M3_XGBoost
2025-09-29,Closed (May–Oct),2.706640659347738,2.838054895401001,T_north_deep,M3_XGBoost
2025-10-14,Closed (May–Oct),2.1890792637674648,2.2344303131103516,T_north_deep,M3_XGBoost
2025-10-19,Closed (May–Oct),1.3031689992373778,1.1141018867492676,T_north_deep,M3_XGBoost
2025-10-24,Closed (May–Oct),0.7873541885218389,1.2261285781860352,T_north_deep,M3_XGBoost
2025-10-26,Closed (May–Oct),0.7454809113495211,1.113564372062683,T_north_deep,M3_XGBoost
2025-10-29,Closed (May–Oct),1.2930048537113676,1.196460247039795,T_north_deep,M3_XGBoost
2025-11-08,Capped (Nov–Jan),2.621472933173149,2.6248600482940674,T_north_deep,M3_XGBoost
2025-11-13,Capped (Nov–Jan),1.6619774482062537,1.199608325958252,T_north_deep,M3_XGBoost
2025-11-15,Capped (Nov–Jan),1.2424259233265729,0.9705953598022461,T_north_deep,M3_XGBoost
2025-11-18,Capped (Nov–Jan),2.125116412426642,1.5981043577194214,T_north_deep,M3_XGBoost
2025-11-23,Capped (Nov–Jan),1.8484074689222156,1.9873944520950317,T_north_deep,M3_XGBoost
2025-11-28,Capped (Nov–Jan),1.2463498271786424,1.1785937547683716,T_north_deep,M3_XGBoost
2025-12-03,Capped (Nov–Jan),1.1694755204960434,1.6411265134811401,T_north_deep,M3_XGBoost
2025-12-05,Capped (Nov–Jan),1.4246029991483433,1.61467707157135,T_north_deep,M3_XGBoost
2025-12-08,Capped (Nov–Jan),2.419588038197314,2.3486571311950684,T_north_deep,M3_XGBoost
2025-12-13,Capped (Nov–Jan),1.177837249955196,1.2496200799942017,T_north_deep,M3_XGBoost
2025-12-18,Capped (Nov–Jan),0.8103852913144685,0.7483970522880554,T_north_deep,M3_XGBoost
2025-12-23,Capped (Nov–Jan),1.6925175033948712,1.807285189628601,T_north_deep,M3_XGBoost
2025-12-28,Capped (Nov–Jan),2.6916652756393855,2.7045366764068604,T_north_deep,M3_XGBoost
2026-01-02,Capped (Nov–Jan),1.2962300101667477,1.4564489126205444,T_north_deep,M3_XGBoost
2026-01-07,Capped (Nov–Jan),1.4313593111200702,1.535874605178833,T_north_deep,M3_XGBoost
2026-01-12,Capped (Nov–Jan),2.196899139605921,2.0908987522125244,T_north_deep,M3_XGBoost
2026-01-17,Capped (Nov–Jan),1.922585475971557,1.943239450454712,T_north_deep,M3_XGBoost
2026-01-22,Capped (Nov–Jan),1.9388477594480023,1.8183964490890503,T_north_deep,M3_XGBoost
2026-01-27,Capped (Nov–Jan),1.7778536192756875,1.5581034421920776,T_north_deep,M3_XGBoost
2026-02-01,Closed (Feb–Apr),1.410979749706089,1.5251504182815552,T_north_deep,M3_XGBoost
2026-02-06,Closed (Feb–Apr),2.2239778731104867,2.311112880706787,T_north_deep,M3_XGBoost
2026-02-11,Closed (Feb–Apr),1.988738386464337,1.982744812965393,T_north_deep,M3_XGBoost
2026-02-16,Closed (Feb–Apr),2.0626995608053025,2.2031781673431396,T_north_deep,M3_XGBoost
2026-02-21,Closed (Feb–Apr),2.571271968997296,2.5502865314483643,T_north_deep,M3_XGBoost
2026-02-26,Closed (Feb–Apr),2.402353458479545,2.4928221702575684,T_north_deep,M3_XGBoost
2026-03-03,Closed (Feb–Apr),3.102069707934987,3.2666850090026855,T_north_deep,M3_XGBoost
2026-03-08,Closed (Feb–Apr),2.935854984327983,2.5807950496673584,T_north_deep,M3_XGBoost
2026-03-18,Closed (Feb–Apr),2.391934677377482,2.437302350997925,T_north_deep,M3_XGBoost
2026-03-23,Closed (Feb–Apr),2.633841219951272,2.7796590328216553,T_north_deep,M3_XGBoost
2026-04-02,Closed (Feb–Apr),2.4058133231772354,2.503429651260376,T_north_deep,M3_XGBoost
2026-04-14,Closed (Feb–Apr),2.7801352995591704,2.676368474960327,T_north_deep,M3_XGBoost
2026-04-17,Closed (Feb–Apr),1.757016260401996,2.1666030883789062,T_north_deep,M3_XGBoost
2020-03-29,COVID closure 2020,2.395414239728545,2.237259378934101,T_east_deep,M0_Ratio
2020-04-03,COVID closure 2020,2.353212522812129,2.471467412708191,T_east_deep,M0_Ratio
2020-10-10,COVID closure 2020,-0.360908144256354,0.36153443522723544,T_east_deep,M0_Ratio
2020-10-15,COVID closure 2020,0.6037237690580997,0.7430476177870298,T_east_deep,M0_Ratio
2020-10-20,COVID closure 2020,1.571539801049879,1.8136929203453045,T_east_deep,M0_Ratio
2024-11-03,Capped (Nov–Jan),1.7089332339895908,2.0265328471056208,T_east_deep,M0_Ratio
2024-11-08,Capped (Nov–Jan),0.865988487325036,0.6601335206951964,T_east_deep,M0_Ratio
2024-11-18,Capped (Nov–Jan),1.362086721997876,1.242936020302455,T_east_deep,M0_Ratio
2024-11-23,Capped (Nov–Jan),2.092139823144559,2.2875032832118545,T_east_deep,M0_Ratio
2024-11-28,Capped (Nov–Jan),1.607256507937949,1.7231311688294737,T_east_deep,M0_Ratio
2024-12-08,Capped (Nov–Jan),1.8679295935395395,1.875211492850308,T_east_deep,M0_Ratio
2024-12-13,Capped (Nov–Jan),1.5954593947706168,1.7815907704560794,T_east_deep,M0_Ratio
2024-12-18,Capped (Nov–Jan),0.908589566325373,0.8592050181427955,T_east_deep,M0_Ratio
2024-12-23,Capped (Nov–Jan),0.6901872133187686,1.4094609715315527,T_east_deep,M0_Ratio
2024-12-28,Capped (Nov–Jan),1.7570162604019945,2.309259777244012,T_east_deep,M0_Ratio
2025-01-02,Capped (Nov–Jan),3.3467164336825377,2.65008785271099,T_east_deep,M0_Ratio
2025-01-07,Capped (Nov–Jan),0.7873541885218434,0.848425907417357,T_east_deep,M0_Ratio
2025-01-12,Capped (Nov–Jan),0.763841491546843,0.6577279316378095,T_east_deep,M0_Ratio
2025-01-17,Capped (Nov–Jan),0.8329554767263877,1.1216534194690968,T_east_deep,M0_Ratio
2025-01-22,Capped (Nov–Jan),2.3172656174527755,3.428258354971801,T_east_deep,M0_Ratio
2025-01-27,Capped (Nov–Jan),2.768523793500188,2.8726212998433516,T_east_deep,M0_Ratio
2025-02-01,Closed (Feb–Apr),4.728498876142434,4.6264325445764385,T_east_deep,M0_Ratio
2025-02-06,Closed (Feb–Apr),2.670534385531753,3.1374297325682843,T_east_deep,M0_Ratio
2025-02-11,Closed (Feb–Apr),2.1332535546768874,2.15678233605797,T_east_deep,M0_Ratio
2025-02-16,Closed (Feb–Apr),1.8484074689222156,1.832351748841845,T_east_deep,M0_Ratio
2025-02-21,Closed (Feb–Apr),4.429789419467282,4.7545839254787925,T_east_deep,M0_Ratio
2025-02-26,Closed (Feb–Apr),2.5489241379712477,2.7852000414526996,T_east_deep,M0_Ratio
2025-03-03,Closed (Feb–Apr),2.794574526648833,3.1174109367771763,T_east_deep,M0_Ratio
2025-03-08,Closed (Feb–Apr),1.7622553842102435,1.7905161473403486,T_east_deep,M0_Ratio
2025-03-13,Closed (Feb–Apr),2.7830297059391547,2.8048483274184317,T_east_deep,M0_Ratio
2025-03-23,Closed (Feb–Apr),2.391934677377482,2.5050479421817666,T_east_deep,M0_Ratio
2025-03-28,Closed (Feb–Apr),3.8086258475464665,3.4130975227906264,T_east_deep,M0_Ratio
2025-04-02,Closed (Feb–Apr),3.358083872923992,2.632411636240884,T_east_deep,M0_Ratio
2025-04-12,Closed (Feb–Apr),2.6276658742383145,2.288863425001404,T_east_deep,M0_Ratio
2025-09-06,Closed (May–Oct),2.4502142717598914,2.2732788729827567,T_east_deep,M0_Ratio
2025-09-29,Closed (May–Oct),1.818606693360522,2.1344832456507197,T_east_deep,M0_Ratio
2025-10-14,Closed (May–Oct),2.129190186015224,1.723388711785999,T_east_deep,M0_Ratio
2025-10-24,Closed (May–Oct),0.053911515903260716,-0.1921655805668228,T_east_deep,M0_Ratio
2025-10-26,Closed (May–Oct),0.05391151590326661,-0.18759164628590796,T_east_deep,M0_Ratio
2025-10-29,Closed (May–Oct),0.2795168159118815,0.39668480985353166,T_east_deep,M0_Ratio
2025-11-08,Capped (Nov–Jan),2.3099869672316715,2.156547584643996,T_east_deep,M0_Ratio
2025-11-13,Capped (Nov–Jan),1.777853619275688,0.8985729158160094,T_east_deep,M0_Ratio
2025-11-15,Capped (Nov–Jan),0.8217267647990569,0.5084644341184857,T_east_deep,M0_Ratio
2025-11-18,Capped (Nov–Jan),0.3068976997835848,0.637920067134083,T_east_deep,M0_Ratio
2025-11-23,Capped (Nov–Jan),1.7305143146387694,1.7553286109907043,T_east_deep,M0_Ratio
2025-11-28,Capped (Nov–Jan),0.9395282704505292,0.8408709038619129,T_east_deep,M0_Ratio
2025-12-03,Capped (Nov–Jan),0.7873541885218421,1.0680648076258161,T_east_deep,M0_Ratio
2025-12-05,Capped (Nov–Jan),1.234540131193851,1.1798316287020376,T_east_deep,M0_Ratio
2025-12-08,Capped (Nov–Jan),2.258156095491918,2.1794790160939383,T_east_deep,M0_Ratio
2025-12-13,Capped (Nov–Jan),1.100718369693553,1.03247226275113,T_east_deep,M0_Ratio
2025-12-18,Capped (Nov–Jan),0.7028054378335551,0.4447291599020062,T_east_deep,M0_Ratio
2025-12-23,Capped (Nov–Jan),1.6647023400954757,1.8084390477431818,T_east_deep,M0_Ratio
2025-12-28,Capped (Nov–Jan),2.5839345933664366,2.7169638148831967,T_east_deep,M0_Ratio
2026-01-02,Capped (Nov–Jan),0.9696542244231241,1.0521755993705624,T_east_deep,M0_Ratio
2026-01-07,Capped (Nov–Jan),0.918995707098193,1.1147920742555695,T_east_deep,M0_Ratio
2026-01-12,Capped (Nov–Jan),2.0753856795352252,2.167950702842674,T_east_deep,M0_Ratio
2026-01-17,Capped (Nov–Jan),1.751756970527272,1.8368141641680324,T_east_deep,M0_Ratio
2026-01-22,Capped (Nov–Jan),1.7089332339895906,1.7924535519153812,T_east_deep,M0_Ratio
2026-01-27,Capped (Nov–Jan),1.458026213317957,1.5721555383207098,T_east_deep,M0_Ratio
2026-02-01,Closed (Feb–Apr),1.0918297743107208,1.0390827019423103,T_east_deep,M0_Ratio
2026-02-06,Closed (Feb–Apr),2.1169371248223667,2.2336238409802736,T_east_deep,M0_Ratio
2026-02-11,Closed (Feb–Apr),2.079591252001895,2.0449216930985044,T_east_deep,M0_Ratio
2026-02-16,Closed (Feb–Apr),2.1087150110608928,2.192131045453297,T_east_deep,M0_Ratio
2026-02-21,Closed (Feb–Apr),2.580776191939219,2.5846742135389373,T_east_deep,M0_Ratio
2026-02-26,Closed (Feb–Apr),2.46366819365155,2.574560891923564,T_east_deep,M0_Ratio
2026-03-03,Closed (Feb–Apr),2.7539327319791598,3.2060273595790507,T_east_deep,M0_Ratio
2026-03-08,Closed (Feb–Apr),2.7801352995591704,2.551175497054393,T_east_deep,M0_Ratio
2026-03-18,Closed (Feb–Apr),2.4264372396815115,2.1164773577616884,T_east_deep,M0_Ratio
2026-03-23,Closed (Feb–Apr),2.6276658742383145,2.5440868020479543,T_east_deep,M0_Ratio
2026-04-02,Closed (Feb–Apr),2.4332614047906462,2.417109291443416,T_east_deep,M0_Ratio
2026-04-14,Closed (Feb–Apr),2.5776128934097984,2.681313477761048,T_east_deep,M0_Ratio
2026-04-17,Closed (Feb–Apr),1.2266022705533168,1.7443483212408375,T_east_deep,M0_Ratio
2020-03-29,COVID closure 2020,2.395414239728545,2.3094943398932686,T_east_deep,M1_Ridge
2020-04-03,COVID closure 2020,2.353212522812129,2.570380909716991,T_east_deep,M1_Ridge
2020-10-10,COVID closure 2020,-0.360908144256354,0.579187542298063,T_east_deep,M1_Ridge
2020-10-15,COVID closure 2020,0.6037237690580997,1.2305082075005902,T_east_deep,M1_Ridge
2020-10-20,COVID closure 2020,1.571539801049879,1.8300571590487538,T_east_deep,M1_Ridge
2024-11-03,Capped (Nov–Jan),1.7089332339895908,2.0643564864242037,T_east_deep,M1_Ridge
2024-11-08,Capped (Nov–Jan),0.865988487325036,0.7286379147495583,T_east_deep,M1_Ridge
2024-11-18,Capped (Nov–Jan),1.362086721997876,1.3727839248125475,T_east_deep,M1_Ridge
2024-11-23,Capped (Nov–Jan),2.092139823144559,2.1143913260278073,T_east_deep,M1_Ridge
2024-11-28,Capped (Nov–Jan),1.607256507937949,1.664207278834396,T_east_deep,M1_Ridge
2024-12-08,Capped (Nov–Jan),1.8679295935395395,1.818080946633547,T_east_deep,M1_Ridge
2024-12-13,Capped (Nov–Jan),1.5954593947706168,1.8473550886017398,T_east_deep,M1_Ridge
2024-12-18,Capped (Nov–Jan),0.908589566325373,0.9682636901815254,T_east_deep,M1_Ridge
2024-12-23,Capped (Nov–Jan),0.6901872133187686,1.373079755014119,T_east_deep,M1_Ridge
2024-12-28,Capped (Nov–Jan),1.7570162604019945,2.2057030979236814,T_east_deep,M1_Ridge
2025-01-02,Capped (Nov–Jan),3.3467164336825377,2.562124445999845,T_east_deep,M1_Ridge
2025-01-07,Capped (Nov–Jan),0.7873541885218434,0.9850903169941423,T_east_deep,M1_Ridge
2025-01-12,Capped (Nov–Jan),0.763841491546843,0.7687997062431147,T_east_deep,M1_Ridge
2025-01-17,Capped (Nov–Jan),0.8329554767263877,1.2198909127501074,T_east_deep,M1_Ridge
2025-01-22,Capped (Nov–Jan),2.3172656174527755,3.1926852375357146,T_east_deep,M1_Ridge
2025-01-27,Capped (Nov–Jan),2.768523793500188,2.6814395240007407,T_east_deep,M1_Ridge
2025-02-01,Closed (Feb–Apr),4.728498876142434,4.4597284910467945,T_east_deep,M1_Ridge
2025-02-06,Closed (Feb–Apr),2.670534385531753,2.9541136539814676,T_east_deep,M1_Ridge
2025-02-11,Closed (Feb–Apr),2.1332535546768874,2.0913420734797907,T_east_deep,M1_Ridge
2025-02-16,Closed (Feb–Apr),1.8484074689222156,1.854749739745686,T_east_deep,M1_Ridge
2025-02-21,Closed (Feb–Apr),4.429789419467282,4.4685341115108175,T_east_deep,M1_Ridge
2025-02-26,Closed (Feb–Apr),2.5489241379712477,2.6954504144489486,T_east_deep,M1_Ridge
2025-03-03,Closed (Feb–Apr),2.794574526648833,3.1621144166166397,T_east_deep,M1_Ridge
2025-03-08,Closed (Feb–Apr),1.7622553842102435,1.7762119726580994,T_east_deep,M1_Ridge
2025-03-13,Closed (Feb–Apr),2.7830297059391547,2.8369019101339172,T_east_deep,M1_Ridge
2025-03-23,Closed (Feb–Apr),2.391934677377482,2.347261453426209,T_east_deep,M1_Ridge
2025-03-28,Closed (Feb–Apr),3.8086258475464665,3.47927722566494,T_east_deep,M1_Ridge
2025-04-02,Closed (Feb–Apr),3.358083872923992,2.7728486759402986,T_east_deep,M1_Ridge
2025-04-12,Closed (Feb–Apr),2.6276658742383145,2.2935724779081648,T_east_deep,M1_Ridge
2025-09-06,Closed (May–Oct),2.4502142717598914,2.4592788497567137,T_east_deep,M1_Ridge
2025-09-29,Closed (May–Oct),1.818606693360522,2.2180076378810214,T_east_deep,M1_Ridge
2025-10-14,Closed (May–Oct),2.129190186015224,1.7559533211436895,T_east_deep,M1_Ridge
2025-10-24,Closed (May–Oct),0.053911515903260716,0.07076210242272163,T_east_deep,M1_Ridge
2025-10-26,Closed (May–Oct),0.05391151590326661,0.0799575341690777,T_east_deep,M1_Ridge
2025-10-29,Closed (May–Oct),0.2795168159118815,0.6586048349102323,T_east_deep,M1_Ridge
2025-11-08,Capped (Nov–Jan),2.3099869672316715,1.9966150279736476,T_east_deep,M1_Ridge
2025-11-13,Capped (Nov–Jan),1.777853619275688,1.0016719362093,T_east_deep,M1_Ridge
2025-11-15,Capped (Nov–Jan),0.8217267647990569,0.6082548029188553,T_east_deep,M1_Ridge
2025-11-18,Capped (Nov–Jan),0.3068976997835848,0.7573890323111983,T_east_deep,M1_Ridge
2025-11-23,Capped (Nov–Jan),1.7305143146387694,1.704634414643961,T_east_deep,M1_Ridge
2025-11-28,Capped (Nov–Jan),0.9395282704505292,0.8874835000943451,T_east_deep,M1_Ridge
2025-12-03,Capped (Nov–Jan),0.7873541885218421,1.2321487811065657,T_east_deep,M1_Ridge
2025-12-05,Capped (Nov–Jan),1.234540131193851,1.3185147617720472,T_east_deep,M1_Ridge
2025-12-08,Capped (Nov–Jan),2.258156095491918,2.1255120077160186,T_east_deep,M1_Ridge
2025-12-13,Capped (Nov–Jan),1.100718369693553,1.0262850867111186,T_east_deep,M1_Ridge
2025-12-18,Capped (Nov–Jan),0.7028054378335551,0.5330540108100175,T_east_deep,M1_Ridge
2025-12-23,Capped (Nov–Jan),1.6647023400954757,1.8092640575971521,T_east_deep,M1_Ridge
2025-12-28,Capped (Nov–Jan),2.5839345933664366,2.6455505073302303,T_east_deep,M1_Ridge
2026-01-02,Capped (Nov–Jan),0.9696542244231241,1.1168197617675149,T_east_deep,M1_Ridge
2026-01-07,Capped (Nov–Jan),0.918995707098193,1.1568716027047707,T_east_deep,M1_Ridge
2026-01-12,Capped (Nov–Jan),2.0753856795352252,2.1085737578510733,T_east_deep,M1_Ridge
2026-01-17,Capped (Nov–Jan),1.751756970527272,1.8104059372507253,T_east_deep,M1_Ridge
2026-01-22,Capped (Nov–Jan),1.7089332339895906,1.7552690599856644,T_east_deep,M1_Ridge
2026-01-27,Capped (Nov–Jan),1.458026213317957,1.5555311070835027,T_east_deep,M1_Ridge
2026-02-01,Closed (Feb–Apr),1.0918297743107208,1.1189969031002511,T_east_deep,M1_Ridge
2026-02-06,Closed (Feb–Apr),2.1169371248223667,2.1413442254660398,T_east_deep,M1_Ridge
2026-02-11,Closed (Feb–Apr),2.079591252001895,1.89065508593482,T_east_deep,M1_Ridge
2026-02-16,Closed (Feb–Apr),2.1087150110608928,2.1140307484249417,T_east_deep,M1_Ridge
2026-02-21,Closed (Feb–Apr),2.580776191939219,2.5765139120592253,T_east_deep,M1_Ridge
2026-02-26,Closed (Feb–Apr),2.46366819365155,2.4757670642291463,T_east_deep,M1_Ridge
2026-03-03,Closed (Feb–Apr),2.7539327319791598,3.2242156321204196,T_east_deep,M1_Ridge
2026-03-08,Closed (Feb–Apr),2.7801352995591704,2.675383580700292,T_east_deep,M1_Ridge
2026-03-18,Closed (Feb–Apr),2.4264372396815115,2.3415683912650134,T_east_deep,M1_Ridge
2026-03-23,Closed (Feb–Apr),2.6276658742383145,2.6033367626647506,T_east_deep,M1_Ridge
2026-04-02,Closed (Feb–Apr),2.4332614047906462,2.462631673985208,T_east_deep,M1_Ridge
2026-04-14,Closed (Feb–Apr),2.5776128934097984,2.8261776756942183,T_east_deep,M1_Ridge
2026-04-17,Closed (Feb–Apr),1.2266022705533168,2.03954482177949,T_east_deep,M1_Ridge
2020-03-29,COVID closure 2020,2.395414239728545,2.428168719950213,T_east_deep,M2_RandomForest
2020-04-03,COVID closure 2020,2.353212522812129,2.5736753295958716,T_east_deep,M2_RandomForest
2020-10-10,COVID closure 2020,-0.360908144256354,0.4756338430894628,T_east_deep,M2_RandomForest
2020-10-15,COVID closure 2020,0.6037237690580997,0.776397238881307,T_east_deep,M2_RandomForest
2020-10-20,COVID closure 2020,1.571539801049879,1.6390477283624798,T_east_deep,M2_RandomForest
2024-11-03,Capped (Nov–Jan),1.7089332339895908,1.9380299783691857,T_east_deep,M2_RandomForest
2024-11-08,Capped (Nov–Jan),0.865988487325036,0.9309029069129879,T_east_deep,M2_RandomForest
2024-11-18,Capped (Nov–Jan),1.362086721997876,1.2039868264716356,T_east_deep,M2_RandomForest
2024-11-23,Capped (Nov–Jan),2.092139823144559,2.1474718790897613,T_east_deep,M2_RandomForest
2024-11-28,Capped (Nov–Jan),1.607256507937949,1.61095385293935,T_east_deep,M2_RandomForest
2024-12-08,Capped (Nov–Jan),1.8679295935395395,1.8746188762156017,T_east_deep,M2_RandomForest
2024-12-13,Capped (Nov–Jan),1.5954593947706168,1.6623419178367524,T_east_deep,M2_RandomForest
2024-12-18,Capped (Nov–Jan),0.908589566325373,1.1075279794746133,T_east_deep,M2_RandomForest
2024-12-23,Capped (Nov–Jan),0.6901872133187686,1.3508341760517757,T_east_deep,M2_RandomForest
2024-12-28,Capped (Nov–Jan),1.7570162604019945,2.120891853109587,T_east_deep,M2_RandomForest
2025-01-02,Capped (Nov–Jan),3.3467164336825377,2.6889894486559505,T_east_deep,M2_RandomForest
2025-01-07,Capped (Nov–Jan),0.7873541885218434,1.2092298293033077,T_east_deep,M2_RandomForest
2025-01-12,Capped (Nov–Jan),0.763841491546843,1.0227932913635434,T_east_deep,M2_RandomForest
2025-01-17,Capped (Nov–Jan),0.8329554767263877,1.218036062740774,T_east_deep,M2_RandomForest
2025-01-22,Capped (Nov–Jan),2.3172656174527755,3.4605816515179297,T_east_deep,M2_RandomForest
2025-01-27,Capped (Nov–Jan),2.768523793500188,2.663972003862361,T_east_deep,M2_RandomForest
2025-02-01,Closed (Feb–Apr),4.728498876142434,4.074333921237677,T_east_deep,M2_RandomForest
2025-02-06,Closed (Feb–Apr),2.670534385531753,2.7502173670179904,T_east_deep,M2_RandomForest
2025-02-11,Closed (Feb–Apr),2.1332535546768874,2.1849323153884574,T_east_deep,M2_RandomForest
2025-02-16,Closed (Feb–Apr),1.8484074689222156,1.9991420820102146,T_east_deep,M2_RandomForest
2025-02-21,Closed (Feb–Apr),4.429789419467282,4.24662117624424,T_east_deep,M2_RandomForest
2025-02-26,Closed (Feb–Apr),2.5489241379712477,2.6715298609011997,T_east_deep,M2_RandomForest
2025-03-03,Closed (Feb–Apr),2.794574526648833,2.8315019682615414,T_east_deep,M2_RandomForest
2025-03-08,Closed (Feb–Apr),1.7622553842102435,2.0510778546353183,T_east_deep,M2_RandomForest
2025-03-13,Closed (Feb–Apr),2.7830297059391547,2.7650722446690095,T_east_deep,M2_RandomForest
2025-03-23,Closed (Feb–Apr),2.391934677377482,2.4763336045280906,T_east_deep,M2_RandomForest
2025-03-28,Closed (Feb–Apr),3.8086258475464665,3.378133978415231,T_east_deep,M2_RandomForest
2025-04-02,Closed (Feb–Apr),3.358083872923992,2.8607349026582236,T_east_deep,M2_RandomForest
2025-04-12,Closed (Feb–Apr),2.6276658742383145,2.355384298848023,T_east_deep,M2_RandomForest
2025-09-06,Closed (May–Oct),2.4502142717598914,2.270951582924637,T_east_deep,M2_RandomForest
2025-09-29,Closed (May–Oct),1.818606693360522,2.136500514234232,T_east_deep,M2_RandomForest
2025-10-14,Closed (May–Oct),2.129190186015224,1.6763038083398374,T_east_deep,M2_RandomForest
2025-10-24,Closed (May–Oct),0.053911515903260716,0.486591503694684,T_east_deep,M2_RandomForest
2025-10-26,Closed (May–Oct),0.05391151590326661,0.49452624150544,T_east_deep,M2_RandomForest
2025-10-29,Closed (May–Oct),0.2795168159118815,0.7259444326977146,T_east_deep,M2_RandomForest
2025-11-08,Capped (Nov–Jan),2.3099869672316715,2.186520224211178,T_east_deep,M2_RandomForest
2025-11-13,Capped (Nov–Jan),1.777853619275688,1.0995924063223832,T_east_deep,M2_RandomForest
2025-11-15,Capped (Nov–Jan),0.8217267647990569,0.8437583617053498,T_east_deep,M2_RandomForest
2025-11-18,Capped (Nov–Jan),0.3068976997835848,0.8608833763874332,T_east_deep,M2_RandomForest
2025-11-23,Capped (Nov–Jan),1.7305143146387694,1.6625249680185312,T_east_deep,M2_RandomForest
2025-11-28,Capped (Nov–Jan),0.9395282704505292,1.121231325346532,T_east_deep,M2_RandomForest
2025-12-03,Capped (Nov–Jan),0.7873541885218421,1.0906878982454238,T_east_deep,M2_RandomForest
2025-12-05,Capped (Nov–Jan),1.234540131193851,1.1324938569336893,T_east_deep,M2_RandomForest
2025-12-08,Capped (Nov–Jan),2.258156095491918,2.1065727148514624,T_east_deep,M2_RandomForest
2025-12-13,Capped (Nov–Jan),1.100718369693553,1.1973793513816353,T_east_deep,M2_RandomForest
2025-12-18,Capped (Nov–Jan),0.7028054378335551,0.8088316476849409,T_east_deep,M2_RandomForest
2025-12-23,Capped (Nov–Jan),1.6647023400954757,1.7887673750818684,T_east_deep,M2_RandomForest
2025-12-28,Capped (Nov–Jan),2.5839345933664366,2.624913088909152,T_east_deep,M2_RandomForest
2026-01-02,Capped (Nov–Jan),0.9696542244231241,1.1527417014526185,T_east_deep,M2_RandomForest
2026-01-07,Capped (Nov–Jan),0.918995707098193,1.2817670207291476,T_east_deep,M2_RandomForest
2026-01-12,Capped (Nov–Jan),2.0753856795352252,2.1280810029147794,T_east_deep,M2_RandomForest
2026-01-17,Capped (Nov–Jan),1.751756970527272,1.905181664212742,T_east_deep,M2_RandomForest
2026-01-22,Capped (Nov–Jan),1.7089332339895906,1.7751594497455807,T_east_deep,M2_RandomForest
2026-01-27,Capped (Nov–Jan),1.458026213317957,1.7243194083384634,T_east_deep,M2_RandomForest
2026-02-01,Closed (Feb–Apr),1.0918297743107208,1.3916829852992978,T_east_deep,M2_RandomForest
2026-02-06,Closed (Feb–Apr),2.1169371248223667,2.2220357127105,T_east_deep,M2_RandomForest
2026-02-11,Closed (Feb–Apr),2.079591252001895,2.008379317668526,T_east_deep,M2_RandomForest
2026-02-16,Closed (Feb–Apr),2.1087150110608928,2.2233238802108115,T_east_deep,M2_RandomForest
2026-02-21,Closed (Feb–Apr),2.580776191939219,2.5284403752455584,T_east_deep,M2_RandomForest
2026-02-26,Closed (Feb–Apr),2.46366819365155,2.5044921457924287,T_east_deep,M2_RandomForest
2026-03-03,Closed (Feb–Apr),2.7539327319791598,2.898762335982188,T_east_deep,M2_RandomForest
2026-03-08,Closed (Feb–Apr),2.7801352995591704,2.602752129789645,T_east_deep,M2_RandomForest
2026-03-18,Closed (Feb–Apr),2.4264372396815115,2.233622852654959,T_east_deep,M2_RandomForest
2026-03-23,Closed (Feb–Apr),2.6276658742383145,2.6515459103652312,T_east_deep,M2_RandomForest
2026-04-02,Closed (Feb–Apr),2.4332614047906462,2.523335988989278,T_east_deep,M2_RandomForest
2026-04-14,Closed (Feb–Apr),2.5776128934097984,2.8170979989480682,T_east_deep,M2_RandomForest
2026-04-17,Closed (Feb–Apr),1.2266022705533168,2.0415495031538184,T_east_deep,M2_RandomForest
2020-03-29,COVID closure 2020,2.395414239728545,2.335585832595825,T_east_deep,M3_XGBoost
2020-04-03,COVID closure 2020,2.353212522812129,2.508272171020508,T_east_deep,M3_XGBoost
2020-10-10,COVID closure 2020,-0.360908144256354,0.20098565518856049,T_east_deep,M3_XGBoost
2020-10-15,COVID closure 2020,0.6037237690580997,1.0514315366744995,T_east_deep,M3_XGBoost
2020-10-20,COVID closure 2020,1.571539801049879,1.7237457036972046,T_east_deep,M3_XGBoost
2024-11-03,Capped (Nov–Jan),1.7089332339895908,1.8608745336532593,T_east_deep,M3_XGBoost
2024-11-08,Capped (Nov–Jan),0.865988487325036,0.7839052081108093,T_east_deep,M3_XGBoost
2024-11-18,Capped (Nov–Jan),1.362086721997876,1.224145770072937,T_east_deep,M3_XGBoost
2024-11-23,Capped (Nov–Jan),2.092139823144559,2.105391025543213,T_east_deep,M3_XGBoost
2024-11-28,Capped (Nov–Jan),1.607256507937949,1.6776312589645386,T_east_deep,M3_XGBoost
2024-12-08,Capped (Nov–Jan),1.8679295935395395,1.6777478456497192,T_east_deep,M3_XGBoost
2024-12-13,Capped (Nov–Jan),1.5954593947706168,1.6200963258743286,T_east_deep,M3_XGBoost
2024-12-18,Capped (Nov–Jan),0.908589566325373,1.1681077480316162,T_east_deep,M3_XGBoost
2024-12-23,Capped (Nov–Jan),0.6901872133187686,1.2307571172714233,T_east_deep,M3_XGBoost
2024-12-28,Capped (Nov–Jan),1.7570162604019945,2.0661439895629883,T_east_deep,M3_XGBoost
2025-01-02,Capped (Nov–Jan),3.3467164336825377,2.732881784439087,T_east_deep,M3_XGBoost
2025-01-07,Capped (Nov–Jan),0.7873541885218434,1.1287299394607544,T_east_deep,M3_XGBoost
2025-01-12,Capped (Nov–Jan),0.763841491546843,0.8441051840782166,T_east_deep,M3_XGBoost
2025-01-17,Capped (Nov–Jan),0.8329554767263877,1.1241774559020996,T_east_deep,M3_XGBoost
2025-01-22,Capped (Nov–Jan),2.3172656174527755,3.038179874420166,T_east_deep,M3_XGBoost
2025-01-27,Capped (Nov–Jan),2.768523793500188,2.644852638244629,T_east_deep,M3_XGBoost
2025-02-01,Closed (Feb–Apr),4.728498876142434,4.442592144012451,T_east_deep,M3_XGBoost
2025-02-06,Closed (Feb–Apr),2.670534385531753,2.784126043319702,T_east_deep,M3_XGBoost
2025-02-11,Closed (Feb–Apr),2.1332535546768874,2.0805459022521973,T_east_deep,M3_XGBoost
2025-02-16,Closed (Feb–Apr),1.8484074689222156,2.085590362548828,T_east_deep,M3_XGBoost
2025-02-21,Closed (Feb–Apr),4.429789419467282,4.7942280769348145,T_east_deep,M3_XGBoost
2025-02-26,Closed (Feb–Apr),2.5489241379712477,2.839787244796753,T_east_deep,M3_XGBoost
2025-03-03,Closed (Feb–Apr),2.794574526648833,3.0057685375213623,T_east_deep,M3_XGBoost
2025-03-08,Closed (Feb–Apr),1.7622553842102435,2.001647710800171,T_east_deep,M3_XGBoost
2025-03-13,Closed (Feb–Apr),2.7830297059391547,2.9734253883361816,T_east_deep,M3_XGBoost
2025-03-23,Closed (Feb–Apr),2.391934677377482,2.3961265087127686,T_east_deep,M3_XGBoost
2025-03-28,Closed (Feb–Apr),3.8086258475464665,3.518371343612671,T_east_deep,M3_XGBoost
2025-04-02,Closed (Feb–Apr),3.358083872923992,2.8441505432128906,T_east_deep,M3_XGBoost
2025-04-12,Closed (Feb–Apr),2.6276658742383145,2.2241337299346924,T_east_deep,M3_XGBoost
2025-09-06,Closed (May–Oct),2.4502142717598914,2.053614377975464,T_east_deep,M3_XGBoost
2025-09-29,Closed (May–Oct),1.818606693360522,2.5978853702545166,T_east_deep,M3_XGBoost
2025-10-14,Closed (May–Oct),2.129190186015224,1.8310834169387817,T_east_deep,M3_XGBoost
2025-10-24,Closed (May–Oct),0.053911515903260716,0.18506118655204773,T_east_deep,M3_XGBoost
2025-10-26,Closed (May–Oct),0.05391151590326661,0.2524799406528473,T_east_deep,M3_XGBoost
2025-10-29,Closed (May–Oct),0.2795168159118815,0.4050535559654236,T_east_deep,M3_XGBoost
2025-11-08,Capped (Nov–Jan),2.3099869672316715,2.0666449069976807,T_east_deep,M3_XGBoost
2025-11-13,Capped (Nov–Jan),1.777853619275688,1.1461069583892822,T_east_deep,M3_XGBoost
2025-11-15,Capped (Nov–Jan),0.8217267647990569,0.680584728717804,T_east_deep,M3_XGBoost
2025-11-18,Capped (Nov–Jan),0.3068976997835848,0.7999599575996399,T_east_deep,M3_XGBoost
2025-11-23,Capped (Nov–Jan),1.7305143146387694,1.810140609741211,T_east_deep,M3_XGBoost
2025-11-28,Capped (Nov–Jan),0.9395282704505292,1.1819337606430054,T_east_deep,M3_XGBoost
2025-12-03,Capped (Nov–Jan),0.7873541885218421,1.2391629219055176,T_east_deep,M3_XGBoost
2025-12-05,Capped (Nov–Jan),1.234540131193851,1.143363118171692,T_east_deep,M3_XGBoost
2025-12-08,Capped (Nov–Jan),2.258156095491918,2.1233978271484375,T_east_deep,M3_XGBoost
2025-12-13,Capped (Nov–Jan),1.100718369693553,1.3092106580734253,T_east_deep,M3_XGBoost
2025-12-18,Capped (Nov–Jan),0.7028054378335551,0.49292439222335815,T_east_deep,M3_XGBoost
2025-12-23,Capped (Nov–Jan),1.6647023400954757,1.781566858291626,T_east_deep,M3_XGBoost
2025-12-28,Capped (Nov–Jan),2.5839345933664366,2.623063802719116,T_east_deep,M3_XGBoost
2026-01-02,Capped (Nov–Jan),0.9696542244231241,1.1615625619888306,T_east_deep,M3_XGBoost
2026-01-07,Capped (Nov–Jan),0.918995707098193,1.0918757915496826,T_east_deep,M3_XGBoost
2026-01-12,Capped (Nov–Jan),2.0753856795352252,2.1267364025115967,T_east_deep,M3_XGBoost
2026-01-17,Capped (Nov–Jan),1.751756970527272,1.9232791662216187,T_east_deep,M3_XGBoost
2026-01-22,Capped (Nov–Jan),1.7089332339895906,1.7266894578933716,T_east_deep,M3_XGBoost
2026-01-27,Capped (Nov–Jan),1.458026213317957,1.5800546407699585,T_east_deep,M3_XGBoost
2026-02-01,Closed (Feb–Apr),1.0918297743107208,1.154868245124817,T_east_deep,M3_XGBoost
2026-02-06,Closed (Feb–Apr),2.1169371248223667,2.1124579906463623,T_east_deep,M3_XGBoost
2026-02-11,Closed (Feb–Apr),2.079591252001895,2.033602476119995,T_east_deep,M3_XGBoost
2026-02-16,Closed (Feb–Apr),2.1087150110608928,2.165339469909668,T_east_deep,M3_XGBoost
2026-02-21,Closed (Feb–Apr),2.580776191939219,2.4908249378204346,T_east_deep,M3_XGBoost
2026-02-26,Closed (Feb–Apr),2.46366819365155,2.517988681793213,T_east_deep,M3_XGBoost
2026-03-03,Closed (Feb–Apr),2.7539327319791598,3.006403923034668,T_east_deep,M3_XGBoost
2026-03-08,Closed (Feb–Apr),2.7801352995591704,2.525315999984741,T_east_deep,M3_XGBoost
2026-03-18,Closed (Feb–Apr),2.4264372396815115,2.3760833740234375,T_east_deep,M3_XGBoost
2026-03-23,Closed (Feb–Apr),2.6276658742383145,2.6475114822387695,T_east_deep,M3_XGBoost
2026-04-02,Closed (Feb–Apr),2.4332614047906462,2.4157776832580566,T_east_deep,M3_XGBoost
2026-04-14,Closed (Feb–Apr),2.5776128934097984,2.7036824226379395,T_east_deep,M3_XGBoost
2026-04-17,Closed (Feb–Apr),1.2266022705533168,2.113579750061035,T_east_deep,M3_XGBoost
2020-03-29,COVID closure 2020,2.062699560805301,2.285624999327508,T_west_deep,M0_Ratio
2020-04-03,COVID closure 2020,2.335330774860708,2.519833033101598,T_west_deep,M0_Ratio
2020-10-10,COVID closure 2020,0.9496582510855395,0.4099000556206429,T_west_deep,M0_Ratio
2020-10-15,COVID closure 2020,1.7464773247696763,0.7914132381804372,T_west_deep,M0_Ratio
2020-10-20,COVID closure 2020,1.4776621869809579,1.862058540738712,T_west_deep,M0_Ratio
2024-11-03,Capped (Nov–Jan),2.4836737437906993,2.0748984674990285,T_west_deep,M0_Ratio
2024-11-08,Capped (Nov–Jan),0.6248513161908296,0.7084991410886039,T_west_deep,M0_Ratio
2024-11-18,Capped (Nov–Jan),1.3902613095226508,1.2913016406958626,T_west_deep,M0_Ratio
2024-11-23,Capped (Nov–Jan),2.503475302302543,2.335868903605262,T_west_deep,M0_Ratio
2024-12-08,Capped (Nov–Jan),1.8582022355906302,1.9235771132437156,T_west_deep,M0_Ratio
2024-12-13,Capped (Nov–Jan),2.477028243617812,1.829956390849487,T_west_deep,M0_Ratio
2024-12-18,Capped (Nov–Jan),1.3037250825172904,0.9075706385362029,T_west_deep,M0_Ratio
2024-12-23,Capped (Nov–Jan),1.6420233394340629,1.4578265919249602,T_west_deep,M0_Ratio
2024-12-28,Capped (Nov–Jan),2.398887196539965,2.3576253976374195,T_west_deep,M0_Ratio
2025-01-02,Capped (Nov–Jan),2.7363074707969894,2.698453473104397,T_west_deep,M0_Ratio
2025-01-07,Capped (Nov–Jan),0.75189783400812,0.8967915278107644,T_west_deep,M0_Ratio
2025-01-12,Capped (Nov–Jan),0.2795168159118825,0.7060935520312169,T_west_deep,M0_Ratio
2025-01-17,Capped (Nov–Jan),1.242425923326574,1.1700190398625043,T_west_deep,M0_Ratio
2025-01-22,Capped (Nov–Jan),3.674903331116844,3.476623975365208,T_west_deep,M0_Ratio
2025-01-27,Capped (Nov–Jan),3.247992710041972,2.920986920236759,T_west_deep,M0_Ratio
2025-02-01,Closed (Feb–Apr),4.620413270183491,4.674798164969846,T_west_deep,M0_Ratio
2025-02-06,Closed (Feb–Apr),2.706640659347738,3.1857953529616916,T_west_deep,M0_Ratio
2025-02-11,Closed (Feb–Apr),2.137306440850012,2.2051479564513774,T_west_deep,M0_Ratio
2025-02-16,Closed (Feb–Apr),1.924940680809616,1.8807173692352526,T_west_deep,M0_Ratio
2025-02-21,Closed (Feb–Apr),4.536694735620986,4.8029495458722,T_west_deep,M0_Ratio
2025-02-26,Closed (Feb–Apr),2.5965211693014885,2.833565661846107,T_west_deep,M0_Ratio
2025-03-03,Closed (Feb–Apr),2.742196786902897,3.1657765571705836,T_west_deep,M0_Ratio
2025-03-08,Closed (Feb–Apr),1.6305362612997747,1.8388817677337561,T_west_deep,M0_Ratio
2025-03-13,Closed (Feb–Apr),3.0886756532646067,2.853213947811839,T_west_deep,M0_Ratio
2025-03-23,Closed (Feb–Apr),2.5744447886317996,2.553413562575174,T_west_deep,M0_Ratio
2025-03-28,Closed (Feb–Apr),4.349157216117674,3.4614631431840337,T_west_deep,M0_Ratio
2025-04-02,Closed (Feb–Apr),2.5712719689972947,2.680777256634291,T_west_deep,M0_Ratio
2025-04-12,Closed (Feb–Apr),2.071168596973846,2.3372290453948112,T_west_deep,M0_Ratio
2025-09-06,Closed (May–Oct),2.676591812002207,2.321644493376164,T_west_deep,M0_Ratio
2025-09-24,Closed (May–Oct),2.724485267868217,2.6805380822041998,T_west_deep,M0_Ratio
2025-09-29,Closed (May–Oct),2.5165665676685163,2.182848866044127,T_west_deep,M0_Ratio
2025-10-14,Closed (May–Oct),1.5594124592509238,1.7717543321794065,T_west_deep,M0_Ratio
2025-10-19,Closed (May–Oct),0.6645129301190009,-0.6634981761096179,T_west_deep,M0_Ratio
2025-10-24,Closed (May–Oct),0.5115324844400252,-0.14379996017341531,T_west_deep,M0_Ratio
2025-10-26,Closed (May–Oct),0.6774242317752777,-0.13922602589250047,T_west_deep,M0_Ratio
2025-10-29,Closed (May–Oct),0.8550841276709862,0.44505043024693913,T_west_deep,M0_Ratio
2025-11-08,Capped (Nov–Jan),2.7274463690902726,2.2049132050374034,T_west_deep,M0_Ratio
2025-11-13,Capped (Nov–Jan),1.2424259233265744,0.9469385362094169,T_west_deep,M0_Ratio
2025-11-15,Capped (Nov–Jan),0.7398254509623031,0.5568300545118933,T_west_deep,M0_Ratio
2025-11-18,Capped (Nov–Jan),2.342505175380541,0.6862856875274904,T_west_deep,M0_Ratio
2025-11-23,Capped (Nov–Jan),2.0064711053035467,1.8036942313841118,T_west_deep,M0_Ratio
2025-11-28,Capped (Nov–Jan),1.091829774310715,0.8892365242553203,T_west_deep,M0_Ratio
2025-12-03,Capped (Nov–Jan),1.3037250825172926,1.1164304280192237,T_west_deep,M0_Ratio
2025-12-05,Capped (Nov–Jan),1.7570162604019943,1.2281972490954451,T_west_deep,M0_Ratio
2025-12-13,Capped (Nov–Jan),0.7276213558834276,1.0808378831445375,T_west_deep,M0_Ratio
2025-12-18,Capped (Nov–Jan),0.27951681591188166,0.49309478029541365,T_west_deep,M0_Ratio
2025-12-23,Capped (Nov–Jan),1.5654903466682006,1.8568046681365893,T_west_deep,M0_Ratio
2025-12-28,Capped (Nov–Jan),2.6027864630522277,2.765329435276604,T_west_deep,M0_Ratio
2026-01-02,Capped (Nov–Jan),1.1182964657291874,1.10054121976397,T_west_deep,M0_Ratio
2026-01-07,Capped (Nov–Jan),0.7873541885218429,1.163157694648977,T_west_deep,M0_Ratio
2026-01-12,Capped (Nov–Jan),2.0283454949602135,2.2163163232360814,T_west_deep,M0_Ratio
2026-01-17,Capped (Nov–Jan),1.7197668284448118,1.88517978456144,T_west_deep,M0_Ratio
2026-01-22,Capped (Nov–Jan),1.7143609114070344,1.8408191723087888,T_west_deep,M0_Ratio
2026-01-27,Capped (Nov–Jan),1.5715398010498738,1.6205211587141173,T_west_deep,M0_Ratio
2026-02-01,Closed (Feb–Apr),1.1007183696935507,1.0874483223357179,T_west_deep,M0_Ratio
2026-02-06,Closed (Feb–Apr),1.9526233505273107,2.281989461373681,T_west_deep,M0_Ratio
2026-02-11,Closed (Feb–Apr),1.975298641814561,2.093287313491912,T_west_deep,M0_Ratio
2026-02-16,Closed (Feb–Apr),1.9662704302229068,2.2404966658467043,T_west_deep,M0_Ratio
2026-02-21,Closed (Feb–Apr),2.5392712011944414,2.6330398339323446,T_west_deep,M0_Ratio
2026-02-26,Closed (Feb–Apr),2.4332614047906462,2.622926512316971,T_west_deep,M0_Ratio
2026-03-03,Closed (Feb–Apr),2.7859209003031165,3.254392979972458,T_west_deep,M0_Ratio
2026-03-08,Closed (Feb–Apr),2.745136121391253,2.5995411174478003,T_west_deep,M0_Ratio
2026-03-18,Closed (Feb–Apr),2.1332535546768865,2.1648429781550957,T_west_deep,M0_Ratio
2026-03-23,Closed (Feb–Apr),2.5807761919392194,2.5924524224413616,T_west_deep,M0_Ratio
2026-04-02,Closed (Feb–Apr),2.3814562166201885,2.4654749118368233,T_west_deep,M0_Ratio
2026-04-14,Closed (Feb–Apr),2.7916932929081693,2.729679098154455,T_west_deep,M0_Ratio
2026-04-17,Closed (Feb–Apr),1.8630742681758852,1.792713941634245,T_west_deep,M0_Ratio
2020-03-29,COVID closure 2020,2.062699560805301,2.082159015510916,T_west_deep,M1_Ridge
2020-04-03,COVID closure 2020,2.335330774860708,2.5558875845027558,T_west_deep,M1_Ridge
2020-10-10,COVID closure 2020,0.9496582510855395,1.0810715599300718,T_west_deep,M1_Ridge
2020-10-15,COVID closure 2020,1.7464773247696763,2.286166789179955,T_west_deep,M1_Ridge
2020-10-20,COVID closure 2020,1.4776621869809579,2.2732367557286732,T_west_deep,M1_Ridge
2024-11-03,Capped (Nov–Jan),2.4836737437906993,2.561505336221338,T_west_deep,M1_Ridge
2024-11-08,Capped (Nov–Jan),0.6248513161908296,0.8558886056642994,T_west_deep,M1_Ridge
2024-11-18,Capped (Nov–Jan),1.3902613095226508,1.2707822206014805,T_west_deep,M1_Ridge
2024-11-23,Capped (Nov–Jan),2.503475302302543,2.3079913878013993,T_west_deep,M1_Ridge
2024-12-08,Capped (Nov–Jan),1.8582022355906302,1.9279628130377933,T_west_deep,M1_Ridge
2024-12-13,Capped (Nov–Jan),2.477028243617812,2.1360548741169327,T_west_deep,M1_Ridge
2024-12-18,Capped (Nov–Jan),1.3037250825172904,0.7798610512169684,T_west_deep,M1_Ridge
2024-12-23,Capped (Nov–Jan),1.6420233394340629,1.5006386180712576,T_west_deep,M1_Ridge
2024-12-28,Capped (Nov–Jan),2.398887196539965,2.3229740023733747,T_west_deep,M1_Ridge
2025-01-02,Capped (Nov–Jan),2.7363074707969894,2.310225224711681,T_west_deep,M1_Ridge
2025-01-07,Capped (Nov–Jan),0.75189783400812,0.801710766394413,T_west_deep,M1_Ridge
2025-01-12,Capped (Nov–Jan),0.2795168159118825,0.4102089634054078,T_west_deep,M1_Ridge
2025-01-17,Capped (Nov–Jan),1.242425923326574,1.1755726008540692,T_west_deep,M1_Ridge
2025-01-22,Capped (Nov–Jan),3.674903331116844,3.610831573218719,T_west_deep,M1_Ridge
2025-01-27,Capped (Nov–Jan),3.247992710041972,2.658528623443482,T_west_deep,M1_Ridge
2025-02-01,Closed (Feb–Apr),4.620413270183491,4.3218607860225084,T_west_deep,M1_Ridge
2025-02-06,Closed (Feb–Apr),2.706640659347738,2.832210989344342,T_west_deep,M1_Ridge
2025-02-11,Closed (Feb–Apr),2.137306440850012,1.8814333770808007,T_west_deep,M1_Ridge
2025-02-16,Closed (Feb–Apr),1.924940680809616,1.6945970931093406,T_west_deep,M1_Ridge
2025-02-21,Closed (Feb–Apr),4.536694735620986,4.538772819179918,T_west_deep,M1_Ridge
2025-02-26,Closed (Feb–Apr),2.5965211693014885,2.65067125247733,T_west_deep,M1_Ridge
2025-03-03,Closed (Feb–Apr),2.742196786902897,3.064379813714723,T_west_deep,M1_Ridge
2025-03-08,Closed (Feb–Apr),1.6305362612997747,1.5955262930244662,T_west_deep,M1_Ridge
2025-03-13,Closed (Feb–Apr),3.0886756532646067,2.79472042736624,T_west_deep,M1_Ridge
2025-03-23,Closed (Feb–Apr),2.5744447886317996,2.4449979369085235,T_west_deep,M1_Ridge
2025-03-28,Closed (Feb–Apr),4.349157216117674,3.8646523270485944,T_west_deep,M1_Ridge
2025-04-02,Closed (Feb–Apr),2.5712719689972947,2.7952121989535215,T_west_deep,M1_Ridge
2025-04-12,Closed (Feb–Apr),2.071168596973846,2.403211843970369,T_west_deep,M1_Ridge
2025-09-06,Closed (May–Oct),2.676591812002207,2.887980181863646,T_west_deep,M1_Ridge
2025-09-24,Closed (May–Oct),2.724485267868217,3.0381036053362243,T_west_deep,M1_Ridge
2025-09-29,Closed (May–Oct),2.5165665676685163,2.9870050657756826,T_west_deep,M1_Ridge
2025-10-14,Closed (May–Oct),1.5594124592509238,1.9981989837179777,T_west_deep,M1_Ridge
2025-10-19,Closed (May–Oct),0.6645129301190009,0.15129659679720708,T_west_deep,M1_Ridge
2025-10-24,Closed (May–Oct),0.5115324844400252,0.7046918495033658,T_west_deep,M1_Ridge
2025-10-26,Closed (May–Oct),0.6774242317752777,0.4905186120887006,T_west_deep,M1_Ridge
2025-10-29,Closed (May–Oct),0.8550841276709862,1.2526548762288896,T_west_deep,M1_Ridge
2025-11-08,Capped (Nov–Jan),2.7274463690902726,2.476180362613656,T_west_deep,M1_Ridge
2025-11-13,Capped (Nov–Jan),1.2424259233265744,0.8690623641550514,T_west_deep,M1_Ridge
2025-11-15,Capped (Nov–Jan),0.7398254509623031,0.7383753885280429,T_west_deep,M1_Ridge
2025-11-18,Capped (Nov–Jan),2.342505175380541,1.3880320314205612,T_west_deep,M1_Ridge
2025-11-23,Capped (Nov–Jan),2.0064711053035467,1.7577874786298278,T_west_deep,M1_Ridge
2025-11-28,Capped (Nov–Jan),1.091829774310715,0.8588791625882908,T_west_deep,M1_Ridge
2025-12-03,Capped (Nov–Jan),1.3037250825172926,1.5642899598545377,T_west_deep,M1_Ridge
2025-12-05,Capped (Nov–Jan),1.7570162604019943,1.3268074344699223,T_west_deep,M1_Ridge
2025-12-13,Capped (Nov–Jan),0.7276213558834276,0.784924504418036,T_west_deep,M1_Ridge
2025-12-18,Capped (Nov–Jan),0.27951681591188166,0.3770234025878503,T_west_deep,M1_Ridge
2025-12-23,Capped (Nov–Jan),1.5654903466682006,1.7305152807290558,T_west_deep,M1_Ridge
2025-12-28,Capped (Nov–Jan),2.6027864630522277,2.5206941490183303,T_west_deep,M1_Ridge
2026-01-02,Capped (Nov–Jan),1.1182964657291874,0.9356929518613413,T_west_deep,M1_Ridge
2026-01-07,Capped (Nov–Jan),0.7873541885218429,1.0776150381109153,T_west_deep,M1_Ridge
2026-01-12,Capped (Nov–Jan),2.0283454949602135,2.057804606025912,T_west_deep,M1_Ridge
2026-01-17,Capped (Nov–Jan),1.7197668284448118,1.646156231745305,T_west_deep,M1_Ridge
2026-01-22,Capped (Nov–Jan),1.7143609114070344,1.6782561155134799,T_west_deep,M1_Ridge
2026-01-27,Capped (Nov–Jan),1.5715398010498738,1.6217573538205872,T_west_deep,M1_Ridge
2026-02-01,Closed (Feb–Apr),1.1007183696935507,1.0592137696231436,T_west_deep,M1_Ridge
2026-02-06,Closed (Feb–Apr),1.9526233505273107,2.1638538702526713,T_west_deep,M1_Ridge
2026-02-11,Closed (Feb–Apr),1.975298641814561,1.7242620322354767,T_west_deep,M1_Ridge
2026-02-16,Closed (Feb–Apr),1.9662704302229068,1.9308712685408491,T_west_deep,M1_Ridge
2026-02-21,Closed (Feb–Apr),2.5392712011944414,2.403744942897015,T_west_deep,M1_Ridge
2026-02-26,Closed (Feb–Apr),2.4332614047906462,2.3310607354463695,T_west_deep,M1_Ridge
2026-03-03,Closed (Feb–Apr),2.7859209003031165,3.413342621067606,T_west_deep,M1_Ridge
2026-03-08,Closed (Feb–Apr),2.745136121391253,2.5963962954876347,T_west_deep,M1_Ridge
2026-03-18,Closed (Feb–Apr),2.1332535546768865,2.5287605501947157,T_west_deep,M1_Ridge
2026-03-23,Closed (Feb–Apr),2.5807761919392194,2.516727348594009,T_west_deep,M1_Ridge
2026-04-02,Closed (Feb–Apr),2.3814562166201885,2.4589083630584962,T_west_deep,M1_Ridge
2026-04-14,Closed (Feb–Apr),2.7916932929081693,3.056941589937977,T_west_deep,M1_Ridge
2026-04-17,Closed (Feb–Apr),1.8630742681758852,2.121656066873845,T_west_deep,M1_Ridge
2020-03-29,COVID closure 2020,2.062699560805301,2.3836479516325713,T_west_deep,M2_RandomForest
2020-04-03,COVID closure 2020,2.335330774860708,2.526593528238451,T_west_deep,M2_RandomForest
2020-10-10,COVID closure 2020,0.9496582510855395,1.0215944873873255,T_west_deep,M2_RandomForest
2020-10-15,COVID closure 2020,1.7464773247696763,1.4427482591327896,T_west_deep,M2_RandomForest
2020-10-20,COVID closure 2020,1.4776621869809579,2.2041616916665845,T_west_deep,M2_RandomForest
2024-11-03,Capped (Nov–Jan),2.4836737437906993,2.178035743443823,T_west_deep,M2_RandomForest
2024-11-08,Capped (Nov–Jan),0.6248513161908296,0.970796597116912,T_west_deep,M2_RandomForest
2024-11-18,Capped (Nov–Jan),1.3902613095226508,1.4072530475009186,T_west_deep,M2_RandomForest
2024-11-23,Capped (Nov–Jan),2.503475302302543,2.190699435081719,T_west_deep,M2_RandomForest
2024-12-08,Capped (Nov–Jan),1.8582022355906302,1.8839925005106022,T_west_deep,M2_RandomForest
2024-12-13,Capped (Nov–Jan),2.477028243617812,1.8170437470769678,T_west_deep,M2_RandomForest
2024-12-18,Capped (Nov–Jan),1.3037250825172904,0.9792594968793473,T_west_deep,M2_RandomForest
2024-12-23,Capped (Nov–Jan),1.6420233394340629,1.4081835321899137,T_west_deep,M2_RandomForest
2024-12-28,Capped (Nov–Jan),2.398887196539965,2.176040396412612,T_west_deep,M2_RandomForest
2025-01-02,Capped (Nov–Jan),2.7363074707969894,2.631327896142682,T_west_deep,M2_RandomForest
2025-01-07,Capped (Nov–Jan),0.75189783400812,1.0183522161578655,T_west_deep,M2_RandomForest
2025-01-12,Capped (Nov–Jan),0.2795168159118825,0.8039158560021044,T_west_deep,M2_RandomForest
2025-01-17,Capped (Nov–Jan),1.242425923326574,1.1978231996839512,T_west_deep,M2_RandomForest
2025-01-22,Capped (Nov–Jan),3.674903331116844,3.322927653327278,T_west_deep,M2_RandomForest
2025-01-27,Capped (Nov–Jan),3.247992710041972,2.978473510840175,T_west_deep,M2_RandomForest
2025-02-01,Closed (Feb–Apr),4.620413270183491,3.806983463485602,T_west_deep,M2_RandomForest
2025-02-06,Closed (Feb–Apr),2.706640659347738,3.029123099068722,T_west_deep,M2_RandomForest
2025-02-11,Closed (Feb–Apr),2.137306440850012,2.1131487472193724,T_west_deep,M2_RandomForest
2025-02-16,Closed (Feb–Apr),1.924940680809616,2.044397755872872,T_west_deep,M2_RandomForest
2025-02-21,Closed (Feb–Apr),4.536694735620986,3.968652621982792,T_west_deep,M2_RandomForest
2025-02-26,Closed (Feb–Apr),2.5965211693014885,2.870578221252383,T_west_deep,M2_RandomForest
2025-03-03,Closed (Feb–Apr),2.742196786902897,2.766653570057099,T_west_deep,M2_RandomForest
2025-03-08,Closed (Feb–Apr),1.6305362612997747,2.0215856633207823,T_west_deep,M2_RandomForest
2025-03-13,Closed (Feb–Apr),3.0886756532646067,2.811707845131614,T_west_deep,M2_RandomForest
2025-03-23,Closed (Feb–Apr),2.5744447886317996,2.4454250715561825,T_west_deep,M2_RandomForest
2025-03-28,Closed (Feb–Apr),4.349157216117674,3.2884907310032903,T_west_deep,M2_RandomForest
2025-04-02,Closed (Feb–Apr),2.5712719689972947,2.7201655068123793,T_west_deep,M2_RandomForest
2025-04-12,Closed (Feb–Apr),2.071168596973846,2.4512349490867784,T_west_deep,M2_RandomForest
2025-09-06,Closed (May–Oct),2.676591812002207,2.7507480595385863,T_west_deep,M2_RandomForest
2025-09-24,Closed (May–Oct),2.724485267868217,3.1867532475431832,T_west_deep,M2_RandomForest
2025-09-29,Closed (May–Oct),2.5165665676685163,2.662922300962801,T_west_deep,M2_RandomForest
2025-10-14,Closed (May–Oct),1.5594124592509238,2.037227453136681,T_west_deep,M2_RandomForest
2025-10-19,Closed (May–Oct),0.6645129301190009,1.0581011058170142,T_west_deep,M2_RandomForest
2025-10-24,Closed (May–Oct),0.5115324844400252,1.0947442402112808,T_west_deep,M2_RandomForest
2025-10-26,Closed (May–Oct),0.6774242317752777,0.9174208495331011,T_west_deep,M2_RandomForest
2025-10-29,Closed (May–Oct),0.8550841276709862,1.1785473461293545,T_west_deep,M2_RandomForest
2025-11-08,Capped (Nov–Jan),2.7274463690902726,2.443928710536936,T_west_deep,M2_RandomForest
2025-11-13,Capped (Nov–Jan),1.2424259233265744,1.229503514462715,T_west_deep,M2_RandomForest
2025-11-15,Capped (Nov–Jan),0.7398254509623031,0.874814384339373,T_west_deep,M2_RandomForest
2025-11-18,Capped (Nov–Jan),2.342505175380541,1.1199749242882198,T_west_deep,M2_RandomForest
2025-11-23,Capped (Nov–Jan),2.0064711053035467,1.8854581547330242,T_west_deep,M2_RandomForest
2025-11-28,Capped (Nov–Jan),1.091829774310715,0.9648468921863715,T_west_deep,M2_RandomForest
2025-12-03,Capped (Nov–Jan),1.3037250825172926,1.240026478935909,T_west_deep,M2_RandomForest
2025-12-05,Capped (Nov–Jan),1.7570162604019943,1.287869686240434,T_west_deep,M2_RandomForest
2025-12-13,Capped (Nov–Jan),0.7276213558834276,1.0281841014902793,T_west_deep,M2_RandomForest
2025-12-18,Capped (Nov–Jan),0.27951681591188166,0.5956924584957218,T_west_deep,M2_RandomForest
2025-12-23,Capped (Nov–Jan),1.5654903466682006,1.8649667048140084,T_west_deep,M2_RandomForest
2025-12-28,Capped (Nov–Jan),2.6027864630522277,2.686725699741988,T_west_deep,M2_RandomForest
2026-01-02,Capped (Nov–Jan),1.1182964657291874,1.1087432765389054,T_west_deep,M2_RandomForest
2026-01-07,Capped (Nov–Jan),0.7873541885218429,1.315536665154558,T_west_deep,M2_RandomForest
2026-01-12,Capped (Nov–Jan),2.0283454949602135,2.1438843311524707,T_west_deep,M2_RandomForest
2026-01-17,Capped (Nov–Jan),1.7197668284448118,1.9072444574683114,T_west_deep,M2_RandomForest
2026-01-22,Capped (Nov–Jan),1.7143609114070344,1.9010501217764533,T_west_deep,M2_RandomForest
2026-01-27,Capped (Nov–Jan),1.5715398010498738,1.7002927656601456,T_west_deep,M2_RandomForest
2026-02-01,Closed (Feb–Apr),1.1007183696935507,1.325621946539988,T_west_deep,M2_RandomForest
2026-02-06,Closed (Feb–Apr),1.9526233505273107,2.1777380053181234,T_west_deep,M2_RandomForest
2026-02-11,Closed (Feb–Apr),1.975298641814561,2.022027188349362,T_west_deep,M2_RandomForest
2026-02-16,Closed (Feb–Apr),1.9662704302229068,2.25461152296665,T_west_deep,M2_RandomForest
2026-02-21,Closed (Feb–Apr),2.5392712011944414,2.445366730252168,T_west_deep,M2_RandomForest
2026-02-26,Closed (Feb–Apr),2.4332614047906462,2.4215555536302005,T_west_deep,M2_RandomForest
2026-03-03,Closed (Feb–Apr),2.7859209003031165,2.967550681677634,T_west_deep,M2_RandomForest
2026-03-08,Closed (Feb–Apr),2.745136121391253,2.5137915928995644,T_west_deep,M2_RandomForest
2026-03-18,Closed (Feb–Apr),2.1332535546768865,2.3617358872808754,T_west_deep,M2_RandomForest
2026-03-23,Closed (Feb–Apr),2.5807761919392194,2.5555832681771955,T_west_deep,M2_RandomForest
2026-04-02,Closed (Feb–Apr),2.3814562166201885,2.530877093163921,T_west_deep,M2_RandomForest
2026-04-14,Closed (Feb–Apr),2.7916932929081693,2.878478311593015,T_west_deep,M2_RandomForest
2026-04-17,Closed (Feb–Apr),1.8630742681758852,2.195442131047873,T_west_deep,M2_RandomForest
2020-03-29,COVID closure 2020,2.062699560805301,2.3309476375579834,T_west_deep,M3_XGBoost
2020-04-03,COVID closure 2020,2.335330774860708,2.510180711746216,T_west_deep,M3_XGBoost
2020-10-10,COVID closure 2020,0.9496582510855395,0.5671122074127197,T_west_deep,M3_XGBoost
2020-10-15,COVID closure 2020,1.7464773247696763,1.7868367433547974,T_west_deep,M3_XGBoost
2020-10-20,COVID closure 2020,1.4776621869809579,2.232578754425049,T_west_deep,M3_XGBoost
2024-11-03,Capped (Nov–Jan),2.4836737437906993,2.375774383544922,T_west_deep,M3_XGBoost
2024-11-08,Capped (Nov–Jan),0.6248513161908296,0.7627519965171814,T_west_deep,M3_XGBoost
2024-11-18,Capped (Nov–Jan),1.3902613095226508,1.3257917165756226,T_west_deep,M3_XGBoost
2024-11-23,Capped (Nov–Jan),2.503475302302543,2.0654919147491455,T_west_deep,M3_XGBoost
2024-12-08,Capped (Nov–Jan),1.8582022355906302,1.8586690425872803,T_west_deep,M3_XGBoost
2024-12-13,Capped (Nov–Jan),2.477028243617812,1.9083869457244873,T_west_deep,M3_XGBoost
2024-12-18,Capped (Nov–Jan),1.3037250825172904,1.0172197818756104,T_west_deep,M3_XGBoost
2024-12-23,Capped (Nov–Jan),1.6420233394340629,1.2959473133087158,T_west_deep,M3_XGBoost
2024-12-28,Capped (Nov–Jan),2.398887196539965,2.029327392578125,T_west_deep,M3_XGBoost
2025-01-02,Capped (Nov–Jan),2.7363074707969894,2.7345430850982666,T_west_deep,M3_XGBoost
2025-01-07,Capped (Nov–Jan),0.75189783400812,0.8686932921409607,T_west_deep,M3_XGBoost
2025-01-12,Capped (Nov–Jan),0.2795168159118825,0.36045458912849426,T_west_deep,M3_XGBoost
2025-01-17,Capped (Nov–Jan),1.242425923326574,1.08567214012146,T_west_deep,M3_XGBoost
2025-01-22,Capped (Nov–Jan),3.674903331116844,3.2884931564331055,T_west_deep,M3_XGBoost
2025-01-27,Capped (Nov–Jan),3.247992710041972,3.238025426864624,T_west_deep,M3_XGBoost
2025-02-01,Closed (Feb–Apr),4.620413270183491,4.0301923751831055,T_west_deep,M3_XGBoost
2025-02-06,Closed (Feb–Apr),2.706640659347738,3.096015453338623,T_west_deep,M3_XGBoost
2025-02-11,Closed (Feb–Apr),2.137306440850012,1.9590907096862793,T_west_deep,M3_XGBoost
2025-02-16,Closed (Feb–Apr),1.924940680809616,2.015669107437134,T_west_deep,M3_XGBoost
2025-02-21,Closed (Feb–Apr),4.536694735620986,4.494673252105713,T_west_deep,M3_XGBoost
2025-02-26,Closed (Feb–Apr),2.5965211693014885,3.025420665740967,T_west_deep,M3_XGBoost
2025-03-03,Closed (Feb–Apr),2.742196786902897,2.830519676208496,T_west_deep,M3_XGBoost
2025-03-08,Closed (Feb–Apr),1.6305362612997747,2.005481719970703,T_west_deep,M3_XGBoost
2025-03-13,Closed (Feb–Apr),3.0886756532646067,3.0453996658325195,T_west_deep,M3_XGBoost
2025-03-23,Closed (Feb–Apr),2.5744447886317996,2.46830415725708,T_west_deep,M3_XGBoost
2025-03-28,Closed (Feb–Apr),4.349157216117674,3.567300319671631,T_west_deep,M3_XGBoost
2025-04-02,Closed (Feb–Apr),2.5712719689972947,2.823166847229004,T_west_deep,M3_XGBoost
2025-04-12,Closed (Feb–Apr),2.071168596973846,2.2796804904937744,T_west_deep,M3_XGBoost
2025-09-06,Closed (May–Oct),2.676591812002207,2.81038761138916,T_west_deep,M3_XGBoost
2025-09-24,Closed (May–Oct),2.724485267868217,3.5726442337036133,T_west_deep,M3_XGBoost
2025-09-29,Closed (May–Oct),2.5165665676685163,2.9289710521698,T_west_deep,M3_XGBoost
2025-10-14,Closed (May–Oct),1.5594124592509238,2.061232566833496,T_west_deep,M3_XGBoost
2025-10-19,Closed (May–Oct),0.6645129301190009,0.8653505444526672,T_west_deep,M3_XGBoost
2025-10-24,Closed (May–Oct),0.5115324844400252,0.9190778732299805,T_west_deep,M3_XGBoost
2025-10-26,Closed (May–Oct),0.6774242317752777,0.6699139475822449,T_west_deep,M3_XGBoost
2025-10-29,Closed (May–Oct),0.8550841276709862,1.2447502613067627,T_west_deep,M3_XGBoost
2025-11-08,Capped (Nov–Jan),2.7274463690902726,2.6500086784362793,T_west_deep,M3_XGBoost
2025-11-13,Capped (Nov–Jan),1.2424259233265744,1.0050121545791626,T_west_deep,M3_XGBoost
2025-11-15,Capped (Nov–Jan),0.7398254509623031,0.6884182691574097,T_west_deep,M3_XGBoost
2025-11-18,Capped (Nov–Jan),2.342505175380541,1.291617512702942,T_west_deep,M3_XGBoost
2025-11-23,Capped (Nov–Jan),2.0064711053035467,1.746750831604004,T_west_deep,M3_XGBoost
2025-11-28,Capped (Nov–Jan),1.091829774310715,1.0418009757995605,T_west_deep,M3_XGBoost
2025-12-03,Capped (Nov–Jan),1.3037250825172926,1.2546721696853638,T_west_deep,M3_XGBoost
2025-12-05,Capped (Nov–Jan),1.7570162604019943,1.2364115715026855,T_west_deep,M3_XGBoost
2025-12-13,Capped (Nov–Jan),0.7276213558834276,0.760161280632019,T_west_deep,M3_XGBoost
2025-12-18,Capped (Nov–Jan),0.27951681591188166,0.2081242799758911,T_west_deep,M3_XGBoost
2025-12-23,Capped (Nov–Jan),1.5654903466682006,1.8801755905151367,T_west_deep,M3_XGBoost
2025-12-28,Capped (Nov–Jan),2.6027864630522277,2.6923341751098633,T_west_deep,M3_XGBoost
2026-01-02,Capped (Nov–Jan),1.1182964657291874,0.9888145327568054,T_west_deep,M3_XGBoost
2026-01-07,Capped (Nov–Jan),0.7873541885218429,0.9438709616661072,T_west_deep,M3_XGBoost
2026-01-12,Capped (Nov–Jan),2.0283454949602135,2.0821921825408936,T_west_deep,M3_XGBoost
2026-01-17,Capped (Nov–Jan),1.7197668284448118,1.8329490423202515,T_west_deep,M3_XGBoost
2026-01-22,Capped (Nov–Jan),1.7143609114070344,1.8555859327316284,T_west_deep,M3_XGBoost
2026-01-27,Capped (Nov–Jan),1.5715398010498738,1.5174013376235962,T_west_deep,M3_XGBoost
2026-02-01,Closed (Feb–Apr),1.1007183696935507,1.0211882591247559,T_west_deep,M3_XGBoost
2026-02-06,Closed (Feb–Apr),1.9526233505273107,2.2394185066223145,T_west_deep,M3_XGBoost
2026-02-11,Closed (Feb–Apr),1.975298641814561,1.9388774633407593,T_west_deep,M3_XGBoost
2026-02-16,Closed (Feb–Apr),1.9662704302229068,2.1010193824768066,T_west_deep,M3_XGBoost
2026-02-21,Closed (Feb–Apr),2.5392712011944414,2.392275094985962,T_west_deep,M3_XGBoost
2026-02-26,Closed (Feb–Apr),2.4332614047906462,2.374284505844116,T_west_deep,M3_XGBoost
2026-03-03,Closed (Feb–Apr),2.7859209003031165,2.9182887077331543,T_west_deep,M3_XGBoost
2026-03-08,Closed (Feb–Apr),2.745136121391253,2.528265953063965,T_west_deep,M3_XGBoost
2026-03-18,Closed (Feb–Apr),2.1332535546768865,2.4338386058807373,T_west_deep,M3_XGBoost
2026-03-23,Closed (Feb–Apr),2.5807761919392194,2.5257797241210938,T_west_deep,M3_XGBoost
2026-04-02,Closed (Feb–Apr),2.3814562166201885,2.3262128829956055,T_west_deep,M3_XGBoost
2026-04-14,Closed (Feb–Apr),2.7916932929081693,2.9614429473876953,T_west_deep,M3_XGBoost
2026-04-17,Closed (Feb–Apr),1.8630742681758852,2.1202685832977295,T_west_deep,M3_XGBoost
2020-03-29,COVID closure 2020,2.2046815986789663,2.177906578689425,T_south_deep,M0_Ratio
2020-04-03,COVID closure 2020,2.3603153237181043,2.412114612463515,T_south_deep,M0_Ratio
2020-10-10,COVID closure 2020,0.3681985665132672,0.3021816349825595,T_south_deep,M0_Ratio
2020-10-15,COVID closure 2020,1.1441814877665022,0.6836948175423537,T_south_deep,M0_Ratio
2020-10-20,COVID closure 2020,1.6420233394340644,1.7543401201006286,T_south_deep,M0_Ratio
2024-11-03,Capped (Nov–Jan),1.5348102219681021,1.967180046860945,T_south_deep,M0_Ratio
2024-11-08,Capped (Nov–Jan),0.9795233911690137,0.6007807204505204,T_south_deep,M0_Ratio
2024-11-18,Capped (Nov–Jan),1.4380793506097553,1.1835832200577792,T_south_deep,M0_Ratio
2024-11-23,Capped (Nov–Jan),2.243052012318522,2.2281504829671785,T_south_deep,M0_Ratio
2024-12-08,Capped (Nov–Jan),1.7411771307057011,1.8158586926056322,T_south_deep,M0_Ratio
2024-12-13,Capped (Nov–Jan),2.3389215507101584,1.7222379702114035,T_south_deep,M0_Ratio
2024-12-18,Capped (Nov–Jan),1.091829774310715,0.7998522178981194,T_south_deep,M0_Ratio
2024-12-23,Capped (Nov–Jan),1.7034835841047722,1.3501081712868768,T_south_deep,M0_Ratio
2024-12-28,Capped (Nov–Jan),2.2430520123185222,2.2499069769993363,T_south_deep,M0_Ratio
2025-01-02,Capped (Nov–Jan),3.4508012796213112,2.590735052466314,T_south_deep,M0_Ratio
2025-01-07,Capped (Nov–Jan),0.7518978340081259,0.789073107172681,T_south_deep,M0_Ratio
2025-01-12,Capped (Nov–Jan),0.4658220068194684,0.5983751313931335,T_south_deep,M0_Ratio
2025-01-17,Capped (Nov–Jan),1.0555850177450135,1.0623006192244209,T_south_deep,M0_Ratio
2025-01-22,Capped (Nov–Jan),3.464043312650988,3.368905554727125,T_south_deep,M0_Ratio
2025-01-27,Capped (Nov–Jan),2.667499627699854,2.8132684995986756,T_south_deep,M0_Ratio
2025-02-01,Closed (Feb–Apr),4.719094091357473,4.567079744331762,T_south_deep,M0_Ratio
2025-02-06,Closed (Feb–Apr),2.670534385531754,3.0780769323236084,T_south_deep,M0_Ratio
2025-02-11,Closed (Feb–Apr),2.1453812847173332,2.097429535813294,T_south_deep,M0_Ratio
2025-02-16,Closed (Feb–Apr),1.8871866513180684,1.772998948597169,T_south_deep,M0_Ratio
2025-02-21,Closed (Feb–Apr),4.84469795522769,4.695231125234116,T_south_deep,M0_Ratio
2025-02-26,Closed (Feb–Apr),2.624571557551717,2.7258472412080237,T_south_deep,M0_Ratio
2025-03-03,Closed (Feb–Apr),2.751004020241874,3.0580581365325004,T_south_deep,M0_Ratio
2025-03-08,Closed (Feb–Apr),1.6703119973762242,1.7311633470956727,T_south_deep,M0_Ratio
2025-03-13,Closed (Feb–Apr),3.2810098908899223,2.745495527173756,T_south_deep,M0_Ratio
2025-03-23,Closed (Feb–Apr),2.388448599492228,2.4456951419370907,T_south_deep,M0_Ratio
2025-03-28,Closed (Feb–Apr),4.331447560718333,3.3537447225459505,T_south_deep,M0_Ratio
2025-04-02,Closed (Feb–Apr),2.580776191939219,2.573058835996208,T_south_deep,M0_Ratio
2025-04-12,Closed (Feb–Apr),2.3245140141648437,2.229510624756728,T_south_deep,M0_Ratio
2025-09-06,Closed (May–Oct),2.4935996434706458,2.2139260727380807,T_south_deep,M0_Ratio
2025-09-24,Closed (May–Oct),2.655319175771395,2.5728196615661165,T_south_deep,M0_Ratio
2025-09-29,Closed (May–Oct),1.9155945946982407,2.0751304454060437,T_south_deep,M0_Ratio
2025-10-14,Closed (May–Oct),1.3972059019991216,1.664035911541323,T_south_deep,M0_Ratio
2025-10-19,Closed (May–Oct),0.6113083434673015,-0.7712165967477014,T_south_deep,M0_Ratio
2025-10-24,Closed (May–Oct),-0.14683302706896637,-0.25151838081149874,T_south_deep,M0_Ratio
2025-10-26,Closed (May–Oct),-0.041681988087102224,-0.2469444465305839,T_south_deep,M0_Ratio
2025-10-29,Closed (May–Oct),0.5402882528980844,0.33733200960885573,T_south_deep,M0_Ratio
2025-11-08,Capped (Nov–Jan),2.2879656244986593,2.09719478439932,T_south_deep,M0_Ratio
2025-11-13,Capped (Nov–Jan),0.8749621874526655,0.8392201155713335,T_south_deep,M0_Ratio
2025-11-15,Capped (Nov–Jan),0.4812726643528534,0.4491116338738098,T_south_deep,M0_Ratio
2025-11-18,Capped (Nov–Jan),1.383277485861409,0.578567266889407,T_south_deep,M0_Ratio
2025-11-23,Capped (Nov–Jan),1.6477295934987677,1.6959758107460283,T_south_deep,M0_Ratio
2025-11-28,Capped (Nov–Jan),0.7152824574703832,0.7815181036172368,T_south_deep,M0_Ratio
2025-12-03,Capped (Nov–Jan),1.1737795434914358,1.0087120073811402,T_south_deep,M0_Ratio
2025-12-05,Capped (Nov–Jan),1.4246029991483422,1.1204788284573617,T_south_deep,M0_Ratio
2025-12-13,Capped (Nov–Jan),0.7152824574703796,0.9731194625064541,T_south_deep,M0_Ratio
2025-12-18,Capped (Nov–Jan),0.5115324844400251,0.38537635965733025,T_south_deep,M0_Ratio
2025-12-23,Capped (Nov–Jan),1.6362923141628047,1.7490862474985058,T_south_deep,M0_Ratio
2025-12-28,Capped (Nov–Jan),2.536043392152457,2.657611014638521,T_south_deep,M0_Ratio
2026-01-02,Capped (Nov–Jan),1.082873308305137,0.9928227991258863,T_south_deep,M0_Ratio
2026-01-07,Capped (Nov–Jan),0.7756593100122456,1.0554392740108935,T_south_deep,M0_Ratio
2026-01-12,Capped (Nov–Jan),2.104587701929372,2.108597902597998,T_south_deep,M0_Ratio
2026-01-17,Capped (Nov–Jan),1.6814609110035816,1.7774613639233565,T_south_deep,M0_Ratio
2026-01-22,Capped (Nov–Jan),1.7089332339895962,1.7331007516707053,T_south_deep,M0_Ratio
2026-01-27,Capped (Nov–Jan),1.5348102219681021,1.5128027380760338,T_south_deep,M0_Ratio
2026-02-01,Closed (Feb–Apr),1.0647521605221566,0.9797299016976343,T_south_deep,M0_Ratio
2026-02-06,Closed (Feb–Apr),2.019633899430617,2.1742710407355976,T_south_deep,M0_Ratio
2026-02-11,Closed (Feb–Apr),2.0020576739088645,1.9855688928538286,T_south_deep,M0_Ratio
2026-02-16,Closed (Feb–Apr),2.045619568825273,2.132778245208621,T_south_deep,M0_Ratio
2026-02-21,Closed (Feb–Apr),2.5263285853181574,2.5253214132942614,T_south_deep,M0_Ratio
2026-02-26,Closed (Feb–Apr),2.5165665676685203,2.515208091678888,T_south_deep,M0_Ratio
2026-03-03,Closed (Feb–Apr),2.724485267868218,3.146674559334375,T_south_deep,M0_Ratio
2026-03-08,Closed (Feb–Apr),2.621472933173149,2.491822696809717,T_south_deep,M0_Ratio
2026-03-18,Closed (Feb–Apr),2.4468358016986795,2.0571245575170125,T_south_deep,M0_Ratio
2026-03-23,Closed (Feb–Apr),2.5680941710319574,2.4847340018032784,T_south_deep,M0_Ratio
2026-04-02,Closed (Feb–Apr),2.4703598162028158,2.35775649119874,T_south_deep,M0_Ratio
2026-04-14,Closed (Feb–Apr),2.6553191757713948,2.621960677516372,T_south_deep,M0_Ratio
2026-04-17,Closed (Feb–Apr),2.0711685969738465,1.6849955209961616,T_south_deep,M0_Ratio
2020-03-29,COVID closure 2020,2.2046815986789663,2.204718137602467,T_south_deep,M1_Ridge
2020-04-03,COVID closure 2020,2.3603153237181043,2.58098189932728,T_south_deep,M1_Ridge
2020-10-10,COVID closure 2020,0.3681985665132672,0.49972332000993336,T_south_deep,M1_Ridge
2020-10-15,COVID closure 2020,1.1441814877665022,1.525809887262843,T_south_deep,M1_Ridge
2020-10-20,COVID closure 2020,1.6420233394340644,1.8564384368986062,T_south_deep,M1_Ridge
2024-11-03,Capped (Nov–Jan),1.5348102219681021,2.1262720168735036,T_south_deep,M1_Ridge
2024-11-08,Capped (Nov–Jan),0.9795233911690137,0.5059256613604657,T_south_deep,M1_Ridge
2024-11-18,Capped (Nov–Jan),1.4380793506097553,1.084744635082082,T_south_deep,M1_Ridge
2024-11-23,Capped (Nov–Jan),2.243052012318522,2.064172702092752,T_south_deep,M1_Ridge
2024-12-08,Capped (Nov–Jan),1.7411771307057011,1.7218865661510083,T_south_deep,M1_Ridge
2024-12-13,Capped (Nov–Jan),2.3389215507101584,1.8706445556308253,T_south_deep,M1_Ridge
2024-12-18,Capped (Nov–Jan),1.091829774310715,0.7312792468983476,T_south_deep,M1_Ridge
2024-12-23,Capped (Nov–Jan),1.7034835841047722,1.3064093002438182,T_south_deep,M1_Ridge
2024-12-28,Capped (Nov–Jan),2.2430520123185222,2.2334180041617406,T_south_deep,M1_Ridge
2025-01-02,Capped (Nov–Jan),3.4508012796213112,2.4041455684800113,T_south_deep,M1_Ridge
2025-01-07,Capped (Nov–Jan),0.7518978340081259,0.7623491087952758,T_south_deep,M1_Ridge
2025-01-12,Capped (Nov–Jan),0.4658220068194684,0.5436957775436053,T_south_deep,M1_Ridge
2025-01-17,Capped (Nov–Jan),1.0555850177450135,1.0953222990893159,T_south_deep,M1_Ridge
2025-01-22,Capped (Nov–Jan),3.464043312650988,3.448134907460136,T_south_deep,M1_Ridge
2025-01-27,Capped (Nov–Jan),2.667499627699854,2.726592419358301,T_south_deep,M1_Ridge
2025-02-01,Closed (Feb–Apr),4.719094091357473,4.472870125036715,T_south_deep,M1_Ridge
2025-02-06,Closed (Feb–Apr),2.670534385531754,2.983769843379035,T_south_deep,M1_Ridge
2025-02-11,Closed (Feb–Apr),2.1453812847173332,2.0387245670617564,T_south_deep,M1_Ridge
2025-02-16,Closed (Feb–Apr),1.8871866513180684,1.7610415653620846,T_south_deep,M1_Ridge
2025-02-21,Closed (Feb–Apr),4.84469795522769,4.572826906260394,T_south_deep,M1_Ridge
2025-02-26,Closed (Feb–Apr),2.624571557551717,2.6863548483909705,T_south_deep,M1_Ridge
2025-03-03,Closed (Feb–Apr),2.751004020241874,3.08607284112872,T_south_deep,M1_Ridge
2025-03-08,Closed (Feb–Apr),1.6703119973762242,1.6564872714144032,T_south_deep,M1_Ridge
2025-03-13,Closed (Feb–Apr),3.2810098908899223,2.8513450200681807,T_south_deep,M1_Ridge
2025-03-23,Closed (Feb–Apr),2.388448599492228,2.401607460932339,T_south_deep,M1_Ridge
2025-03-28,Closed (Feb–Apr),4.331447560718333,3.758650786904026,T_south_deep,M1_Ridge
2025-04-02,Closed (Feb–Apr),2.580776191939219,2.6958508812289503,T_south_deep,M1_Ridge
2025-04-12,Closed (Feb–Apr),2.3245140141648437,2.4044683769839383,T_south_deep,M1_Ridge
2025-09-06,Closed (May–Oct),2.4935996434706458,2.4631558591734164,T_south_deep,M1_Ridge
2025-09-24,Closed (May–Oct),2.655319175771395,2.5861829192968706,T_south_deep,M1_Ridge
2025-09-29,Closed (May–Oct),1.9155945946982407,2.2064684571686053,T_south_deep,M1_Ridge
2025-10-14,Closed (May–Oct),1.3972059019991216,1.5727694361612383,T_south_deep,M1_Ridge
2025-10-19,Closed (May–Oct),0.6113083434673015,-0.47802148451464843,T_south_deep,M1_Ridge
2025-10-24,Closed (May–Oct),-0.14683302706896637,0.12906618688884497,T_south_deep,M1_Ridge
2025-10-26,Closed (May–Oct),-0.041681988087102224,-0.055137644129090724,T_south_deep,M1_Ridge
2025-10-29,Closed (May–Oct),0.5402882528980844,0.6534714495719074,T_south_deep,M1_Ridge
2025-11-08,Capped (Nov–Jan),2.2879656244986593,1.947338716607157,T_south_deep,M1_Ridge
2025-11-13,Capped (Nov–Jan),0.8749621874526655,0.6437128545129598,T_south_deep,M1_Ridge
2025-11-15,Capped (Nov–Jan),0.4812726643528534,0.4714800572053299,T_south_deep,M1_Ridge
2025-11-18,Capped (Nov–Jan),1.383277485861409,0.9306590832965633,T_south_deep,M1_Ridge
2025-11-23,Capped (Nov–Jan),1.6477295934987677,1.6070397663704654,T_south_deep,M1_Ridge
2025-11-28,Capped (Nov–Jan),0.7152824574703832,0.6770683766591938,T_south_deep,M1_Ridge
2025-12-03,Capped (Nov–Jan),1.1737795434914358,1.1804287230263282,T_south_deep,M1_Ridge
2025-12-05,Capped (Nov–Jan),1.4246029991483422,1.103686756682749,T_south_deep,M1_Ridge
2025-12-13,Capped (Nov–Jan),0.7152824574703796,0.75568149120751,T_south_deep,M1_Ridge
2025-12-18,Capped (Nov–Jan),0.5115324844400251,0.36038323851418896,T_south_deep,M1_Ridge
2025-12-23,Capped (Nov–Jan),1.6362923141628047,1.6688424593690194,T_south_deep,M1_Ridge
2025-12-28,Capped (Nov–Jan),2.536043392152457,2.493915289896038,T_south_deep,M1_Ridge
2026-01-02,Capped (Nov–Jan),1.082873308305137,0.9664647439935901,T_south_deep,M1_Ridge
2026-01-07,Capped (Nov–Jan),0.7756593100122456,1.0602343837231718,T_south_deep,M1_Ridge
2026-01-12,Capped (Nov–Jan),2.104587701929372,2.025298332990308,T_south_deep,M1_Ridge
2026-01-17,Capped (Nov–Jan),1.6814609110035816,1.7143128504935672,T_south_deep,M1_Ridge
2026-01-22,Capped (Nov–Jan),1.7089332339895962,1.6786993385531965,T_south_deep,M1_Ridge
2026-01-27,Capped (Nov–Jan),1.5348102219681021,1.5151990254182635,T_south_deep,M1_Ridge
2026-02-01,Closed (Feb–Apr),1.0647521605221566,1.0621303616798792,T_south_deep,M1_Ridge
2026-02-06,Closed (Feb–Apr),2.019633899430617,2.1594436167853783,T_south_deep,M1_Ridge
2026-02-11,Closed (Feb–Apr),2.0020576739088645,1.8477202935334134,T_south_deep,M1_Ridge
2026-02-16,Closed (Feb–Apr),2.045619568825273,2.0948410354289675,T_south_deep,M1_Ridge
2026-02-21,Closed (Feb–Apr),2.5263285853181574,2.473869247102263,T_south_deep,M1_Ridge
2026-02-26,Closed (Feb–Apr),2.5165665676685203,2.4216658706641483,T_south_deep,M1_Ridge
2026-03-03,Closed (Feb–Apr),2.724485267868218,3.3934174051264185,T_south_deep,M1_Ridge
2026-03-08,Closed (Feb–Apr),2.621472933173149,2.6375432829499887,T_south_deep,M1_Ridge
2026-03-18,Closed (Feb–Apr),2.4468358016986795,2.4085457342869487,T_south_deep,M1_Ridge
2026-03-23,Closed (Feb–Apr),2.5680941710319574,2.4902365653018506,T_south_deep,M1_Ridge
2026-04-02,Closed (Feb–Apr),2.4703598162028158,2.459424642286022,T_south_deep,M1_Ridge
2026-04-14,Closed (Feb–Apr),2.6553191757713948,2.960551066542496,T_south_deep,M1_Ridge
2026-04-17,Closed (Feb–Apr),2.0711685969738465,2.0306956141263237,T_south_deep,M1_Ridge
2020-03-29,COVID closure 2020,2.2046815986789663,2.334918122049731,T_south_deep,M2_RandomForest
2020-04-03,COVID closure 2020,2.3603153237181043,2.56718671752633,T_south_deep,M2_RandomForest
2020-10-10,COVID closure 2020,0.3681985665132672,0.4331675791055161,T_south_deep,M2_RandomForest
2020-10-15,COVID closure 2020,1.1441814877665022,0.7821303095754183,T_south_deep,M2_RandomForest
2020-10-20,COVID closure 2020,1.6420233394340644,1.701968869298597,T_south_deep,M2_RandomForest
2024-11-03,Capped (Nov–Jan),1.5348102219681021,1.934662798343425,T_south_deep,M2_RandomForest
2024-11-08,Capped (Nov–Jan),0.9795233911690137,0.6567278998627968,T_south_deep,M2_RandomForest
2024-11-18,Capped (Nov–Jan),1.4380793506097553,1.025592775993395,T_south_deep,M2_RandomForest
2024-11-23,Capped (Nov–Jan),2.243052012318522,2.0669551728225013,T_south_deep,M2_RandomForest
2024-12-08,Capped (Nov–Jan),1.7411771307057011,1.8085634864314348,T_south_deep,M2_RandomForest
2024-12-13,Capped (Nov–Jan),2.3389215507101584,1.6875397029348043,T_south_deep,M2_RandomForest
2024-12-18,Capped (Nov–Jan),1.091829774310715,0.8547274472036436,T_south_deep,M2_RandomForest
2024-12-23,Capped (Nov–Jan),1.7034835841047722,1.2862268432332666,T_south_deep,M2_RandomForest
2024-12-28,Capped (Nov–Jan),2.2430520123185222,2.1049805774792896,T_south_deep,M2_RandomForest
2025-01-02,Capped (Nov–Jan),3.4508012796213112,2.7109162528749913,T_south_deep,M2_RandomForest
2025-01-07,Capped (Nov–Jan),0.7518978340081259,0.9940771260578113,T_south_deep,M2_RandomForest
2025-01-12,Capped (Nov–Jan),0.4658220068194684,0.8137148172904948,T_south_deep,M2_RandomForest
2025-01-17,Capped (Nov–Jan),1.0555850177450135,1.0201000627966474,T_south_deep,M2_RandomForest
2025-01-22,Capped (Nov–Jan),3.464043312650988,3.587259941170738,T_south_deep,M2_RandomForest
2025-01-27,Capped (Nov–Jan),2.667499627699854,2.9420677688893857,T_south_deep,M2_RandomForest
2025-02-01,Closed (Feb–Apr),4.719094091357473,4.030645510868844,T_south_deep,M2_RandomForest
2025-02-06,Closed (Feb–Apr),2.670534385531754,2.941889712578907,T_south_deep,M2_RandomForest
2025-02-11,Closed (Feb–Apr),2.1453812847173332,2.0725720503413414,T_south_deep,M2_RandomForest
2025-02-16,Closed (Feb–Apr),1.8871866513180684,1.9222590496619314,T_south_deep,M2_RandomForest
2025-02-21,Closed (Feb–Apr),4.84469795522769,4.1281458008893,T_south_deep,M2_RandomForest
2025-02-26,Closed (Feb–Apr),2.624571557551717,2.769142143134182,T_south_deep,M2_RandomForest
2025-03-03,Closed (Feb–Apr),2.751004020241874,2.8810841204705793,T_south_deep,M2_RandomForest
2025-03-08,Closed (Feb–Apr),1.6703119973762242,2.010521576896409,T_south_deep,M2_RandomForest
2025-03-13,Closed (Feb–Apr),3.2810098908899223,2.8215125872846007,T_south_deep,M2_RandomForest
2025-03-23,Closed (Feb–Apr),2.388448599492228,2.4888110746380194,T_south_deep,M2_RandomForest
2025-03-28,Closed (Feb–Apr),4.331447560718333,3.5027368742768448,T_south_deep,M2_RandomForest
2025-04-02,Closed (Feb–Apr),2.580776191939219,2.858389467402353,T_south_deep,M2_RandomForest
2025-04-12,Closed (Feb–Apr),2.3245140141648437,2.3191510408987956,T_south_deep,M2_RandomForest
2025-09-06,Closed (May–Oct),2.4935996434706458,2.2226110959021783,T_south_deep,M2_RandomForest
2025-09-24,Closed (May–Oct),2.655319175771395,2.7631528802264813,T_south_deep,M2_RandomForest
2025-09-29,Closed (May–Oct),1.9155945946982407,2.0917307964572576,T_south_deep,M2_RandomForest
2025-10-14,Closed (May–Oct),1.3972059019991216,1.7410772971821307,T_south_deep,M2_RandomForest
2025-10-19,Closed (May–Oct),0.6113083434673015,0.4466621412047649,T_south_deep,M2_RandomForest
2025-10-24,Closed (May–Oct),-0.14683302706896637,0.495316692386194,T_south_deep,M2_RandomForest
2025-10-26,Closed (May–Oct),-0.041681988087102224,0.4029584599683057,T_south_deep,M2_RandomForest
2025-10-29,Closed (May–Oct),0.5402882528980844,0.5458646772831134,T_south_deep,M2_RandomForest
2025-11-08,Capped (Nov–Jan),2.2879656244986593,2.0334157609433174,T_south_deep,M2_RandomForest
2025-11-13,Capped (Nov–Jan),0.8749621874526655,0.9162764609385571,T_south_deep,M2_RandomForest
2025-11-15,Capped (Nov–Jan),0.4812726643528534,0.5335269637051712,T_south_deep,M2_RandomForest
2025-11-18,Capped (Nov–Jan),1.383277485861409,0.7241928096799971,T_south_deep,M2_RandomForest
2025-11-23,Capped (Nov–Jan),1.6477295934987677,1.6800978704954688,T_south_deep,M2_RandomForest
2025-11-28,Capped (Nov–Jan),0.7152824574703832,0.8112329455644888,T_south_deep,M2_RandomForest
2025-12-03,Capped (Nov–Jan),1.1737795434914358,0.8369123265121046,T_south_deep,M2_RandomForest
2025-12-05,Capped (Nov–Jan),1.4246029991483422,0.9167702501232154,T_south_deep,M2_RandomForest
2025-12-13,Capped (Nov–Jan),0.7152824574703796,0.9190634617805636,T_south_deep,M2_RandomForest
2025-12-18,Capped (Nov–Jan),0.5115324844400251,0.5081807281543775,T_south_deep,M2_RandomForest
2025-12-23,Capped (Nov–Jan),1.6362923141628047,1.8119094179860018,T_south_deep,M2_RandomForest
2025-12-28,Capped (Nov–Jan),2.536043392152457,2.615389760568003,T_south_deep,M2_RandomForest
2026-01-02,Capped (Nov–Jan),1.082873308305137,1.0262691211589796,T_south_deep,M2_RandomForest
2026-01-07,Capped (Nov–Jan),0.7756593100122456,1.212134241203103,T_south_deep,M2_RandomForest
2026-01-12,Capped (Nov–Jan),2.104587701929372,2.0662756210231845,T_south_deep,M2_RandomForest
2026-01-17,Capped (Nov–Jan),1.6814609110035816,1.8393885087425594,T_south_deep,M2_RandomForest
2026-01-22,Capped (Nov–Jan),1.7089332339895962,1.8053864059437996,T_south_deep,M2_RandomForest
2026-01-27,Capped (Nov–Jan),1.5348102219681021,1.731083955316609,T_south_deep,M2_RandomForest
2026-02-01,Closed (Feb–Apr),1.0647521605221566,1.2829333660395852,T_south_deep,M2_RandomForest
2026-02-06,Closed (Feb–Apr),2.019633899430617,2.1336385657511667,T_south_deep,M2_RandomForest
2026-02-11,Closed (Feb–Apr),2.0020576739088645,1.9617380467870231,T_south_deep,M2_RandomForest
2026-02-16,Closed (Feb–Apr),2.045619568825273,2.1388155701659755,T_south_deep,M2_RandomForest
2026-02-21,Closed (Feb–Apr),2.5263285853181574,2.537596768868432,T_south_deep,M2_RandomForest
2026-02-26,Closed (Feb–Apr),2.5165665676685203,2.496843023168905,T_south_deep,M2_RandomForest
2026-03-03,Closed (Feb–Apr),2.724485267868218,3.0582537540031702,T_south_deep,M2_RandomForest
2026-03-08,Closed (Feb–Apr),2.621472933173149,2.5178581517897247,T_south_deep,M2_RandomForest
2026-03-18,Closed (Feb–Apr),2.4468358016986795,2.2469852353849147,T_south_deep,M2_RandomForest
2026-03-23,Closed (Feb–Apr),2.5680941710319574,2.5653870125688276,T_south_deep,M2_RandomForest
2026-04-02,Closed (Feb–Apr),2.4703598162028158,2.515834783870908,T_south_deep,M2_RandomForest
2026-04-14,Closed (Feb–Apr),2.6553191757713948,2.880795241000821,T_south_deep,M2_RandomForest
2026-04-17,Closed (Feb–Apr),2.0711685969738465,2.097051203921524,T_south_deep,M2_RandomForest
2020-03-29,COVID closure 2020,2.2046815986789663,2.348767042160034,T_south_deep,M3_XGBoost
2020-04-03,COVID closure 2020,2.3603153237181043,2.535822629928589,T_south_deep,M3_XGBoost
2020-10-10,COVID closure 2020,0.3681985665132672,0.12508279085159302,T_south_deep,M3_XGBoost
2020-10-15,COVID closure 2020,1.1441814877665022,1.0479201078414917,T_south_deep,M3_XGBoost
2020-10-20,COVID closure 2020,1.6420233394340644,1.5517457723617554,T_south_deep,M3_XGBoost
2024-11-03,Capped (Nov–Jan),1.5348102219681021,1.9195034503936768,T_south_deep,M3_XGBoost
2024-11-08,Capped (Nov–Jan),0.9795233911690137,0.6976250410079956,T_south_deep,M3_XGBoost
2024-11-18,Capped (Nov–Jan),1.4380793506097553,0.9416580200195312,T_south_deep,M3_XGBoost
2024-11-23,Capped (Nov–Jan),2.243052012318522,1.9903173446655273,T_south_deep,M3_XGBoost
2024-12-08,Capped (Nov–Jan),1.7411771307057011,1.74254310131073,T_south_deep,M3_XGBoost
2024-12-13,Capped (Nov–Jan),2.3389215507101584,1.70522940158844,T_south_deep,M3_XGBoost
2024-12-18,Capped (Nov–Jan),1.091829774310715,0.951758086681366,T_south_deep,M3_XGBoost
2024-12-23,Capped (Nov–Jan),1.7034835841047722,1.319943904876709,T_south_deep,M3_XGBoost
2024-12-28,Capped (Nov–Jan),2.2430520123185222,2.108583688735962,T_south_deep,M3_XGBoost
2025-01-02,Capped (Nov–Jan),3.4508012796213112,2.6735196113586426,T_south_deep,M3_XGBoost
2025-01-07,Capped (Nov–Jan),0.7518978340081259,0.9574626088142395,T_south_deep,M3_XGBoost
2025-01-12,Capped (Nov–Jan),0.4658220068194684,0.7928898930549622,T_south_deep,M3_XGBoost
2025-01-17,Capped (Nov–Jan),1.0555850177450135,1.1255148649215698,T_south_deep,M3_XGBoost
2025-01-22,Capped (Nov–Jan),3.464043312650988,3.3548688888549805,T_south_deep,M3_XGBoost
2025-01-27,Capped (Nov–Jan),2.667499627699854,3.0896971225738525,T_south_deep,M3_XGBoost
2025-02-01,Closed (Feb–Apr),4.719094091357473,4.464533805847168,T_south_deep,M3_XGBoost
2025-02-06,Closed (Feb–Apr),2.670534385531754,3.0400211811065674,T_south_deep,M3_XGBoost
2025-02-11,Closed (Feb–Apr),2.1453812847173332,2.067164659500122,T_south_deep,M3_XGBoost
2025-02-16,Closed (Feb–Apr),1.8871866513180684,1.8778886795043945,T_south_deep,M3_XGBoost
2025-02-21,Closed (Feb–Apr),4.84469795522769,4.481779098510742,T_south_deep,M3_XGBoost
2025-02-26,Closed (Feb–Apr),2.624571557551717,2.925428867340088,T_south_deep,M3_XGBoost
2025-03-03,Closed (Feb–Apr),2.751004020241874,3.0573275089263916,T_south_deep,M3_XGBoost
2025-03-08,Closed (Feb–Apr),1.6703119973762242,1.8511991500854492,T_south_deep,M3_XGBoost
2025-03-13,Closed (Feb–Apr),3.2810098908899223,3.0601842403411865,T_south_deep,M3_XGBoost
2025-03-23,Closed (Feb–Apr),2.388448599492228,2.414498805999756,T_south_deep,M3_XGBoost
2025-03-28,Closed (Feb–Apr),4.331447560718333,3.6146156787872314,T_south_deep,M3_XGBoost
2025-04-02,Closed (Feb–Apr),2.580776191939219,3.0842702388763428,T_south_deep,M3_XGBoost
2025-04-12,Closed (Feb–Apr),2.3245140141648437,2.230748414993286,T_south_deep,M3_XGBoost
2025-09-06,Closed (May–Oct),2.4935996434706458,2.321171998977661,T_south_deep,M3_XGBoost
2025-09-24,Closed (May–Oct),2.655319175771395,2.991969585418701,T_south_deep,M3_XGBoost
2025-09-29,Closed (May–Oct),1.9155945946982407,2.2093920707702637,T_south_deep,M3_XGBoost
2025-10-14,Closed (May–Oct),1.3972059019991216,1.835243821144104,T_south_deep,M3_XGBoost
2025-10-19,Closed (May–Oct),0.6113083434673015,0.19792674481868744,T_south_deep,M3_XGBoost
2025-10-24,Closed (May–Oct),-0.14683302706896637,0.23068322241306305,T_south_deep,M3_XGBoost
2025-10-26,Closed (May–Oct),-0.041681988087102224,0.15564948320388794,T_south_deep,M3_XGBoost
2025-10-29,Closed (May–Oct),0.5402882528980844,0.5365340709686279,T_south_deep,M3_XGBoost
2025-11-08,Capped (Nov–Jan),2.2879656244986593,1.9406135082244873,T_south_deep,M3_XGBoost
2025-11-13,Capped (Nov–Jan),0.8749621874526655,0.8626082539558411,T_south_deep,M3_XGBoost
2025-11-15,Capped (Nov–Jan),0.4812726643528534,0.4128163158893585,T_south_deep,M3_XGBoost
2025-11-18,Capped (Nov–Jan),1.383277485861409,0.871160626411438,T_south_deep,M3_XGBoost
2025-11-23,Capped (Nov–Jan),1.6477295934987677,1.7276887893676758,T_south_deep,M3_XGBoost
2025-11-28,Capped (Nov–Jan),0.7152824574703832,0.9053753614425659,T_south_deep,M3_XGBoost
2025-12-03,Capped (Nov–Jan),1.1737795434914358,0.9066243171691895,T_south_deep,M3_XGBoost
2025-12-05,Capped (Nov–Jan),1.4246029991483422,0.9691702127456665,T_south_deep,M3_XGBoost
2025-12-13,Capped (Nov–Jan),0.7152824574703796,0.9394911527633667,T_south_deep,M3_XGBoost
2025-12-18,Capped (Nov–Jan),0.5115324844400251,0.24599230289459229,T_south_deep,M3_XGBoost
2025-12-23,Capped (Nov–Jan),1.6362923141628047,1.7718172073364258,T_south_deep,M3_XGBoost
2025-12-28,Capped (Nov–Jan),2.536043392152457,2.6686758995056152,T_south_deep,M3_XGBoost
2026-01-02,Capped (Nov–Jan),1.082873308305137,0.9017865657806396,T_south_deep,M3_XGBoost
2026-01-07,Capped (Nov–Jan),0.7756593100122456,0.9432380199432373,T_south_deep,M3_XGBoost
2026-01-12,Capped (Nov–Jan),2.104587701929372,2.030092716217041,T_south_deep,M3_XGBoost
2026-01-17,Capped (Nov–Jan),1.6814609110035816,1.7433487176895142,T_south_deep,M3_XGBoost
2026-01-22,Capped (Nov–Jan),1.7089332339895962,1.817075490951538,T_south_deep,M3_XGBoost
2026-01-27,Capped (Nov–Jan),1.5348102219681021,1.4853382110595703,T_south_deep,M3_XGBoost
2026-02-01,Closed (Feb–Apr),1.0647521605221566,1.0100510120391846,T_south_deep,M3_XGBoost
2026-02-06,Closed (Feb–Apr),2.019633899430617,2.1297192573547363,T_south_deep,M3_XGBoost
2026-02-11,Closed (Feb–Apr),2.0020576739088645,1.9133131504058838,T_south_deep,M3_XGBoost
2026-02-16,Closed (Feb–Apr),2.045619568825273,2.0765206813812256,T_south_deep,M3_XGBoost
2026-02-21,Closed (Feb–Apr),2.5263285853181574,2.5211167335510254,T_south_deep,M3_XGBoost
2026-02-26,Closed (Feb–Apr),2.5165665676685203,2.4071455001831055,T_south_deep,M3_XGBoost
2026-03-03,Closed (Feb–Apr),2.724485267868218,3.3932652473449707,T_south_deep,M3_XGBoost
2026-03-08,Closed (Feb–Apr),2.621472933173149,2.5048439502716064,T_south_deep,M3_XGBoost
2026-03-18,Closed (Feb–Apr),2.4468358016986795,2.3203065395355225,T_south_deep,M3_XGBoost
2026-03-23,Closed (Feb–Apr),2.5680941710319574,2.4789628982543945,T_south_deep,M3_XGBoost
2026-04-02,Closed (Feb–Apr),2.4703598162028158,2.5293149948120117,T_south_deep,M3_XGBoost
2026-04-14,Closed (Feb–Apr),2.6553191757713948,3.076204299926758,T_south_deep,M3_XGBoost
2026-04-17,Closed (Feb–Apr),2.0711685969738465,2.0586912631988525,T_south_deep,M3_XGBoost
