date,hyear,y,pred,zone,model,season
2017-01-09,2016,1.1356160388213488,0.837142547602025,T_north,M0_Ratio,Nov-Jan
2017-02-08,2016,1.9797921254237327,2.2558957478894017,T_north,M0_Ratio,Feb-Apr
2017-02-18,2016,2.0064711053035515,2.237373729933431,T_north,M0_Ratio,Feb-Apr
2017-10-16,2017,0.9746740623823881,-0.689520616988812,T_north,M0_Ratio,May-Oct
2017-11-05,2017,2.006471105303549,1.2293905059704167,T_north,M0_Ratio,Nov-Jan
2017-11-10,2017,1.6362923141628005,1.2786459065755507,T_north,M0_Ratio,Nov-Jan
2017-11-30,2017,0.8273931269664734,0.5687630088894648,T_north,M0_Ratio,Nov-Jan
2017-12-15,2017,1.692517503394872,1.9305248630815086,T_north,M0_Ratio,Nov-Jan
2017-12-20,2017,1.064752160522155,0.5258353644612231,T_north,M0_Ratio,Nov-Jan
2017-12-30,2017,1.5126750277617393,0.9833109564777023,T_north,M0_Ratio,Nov-Jan
2018-01-04,2017,2.4670168588951276,2.409936643291853,T_north,M0_Ratio,Nov-Jan
2018-01-09,2017,2.161409260774803,2.5296012368387895,T_north,M0_Ratio,Nov-Jan
2018-01-19,2017,1.0647521605221546,1.1243401715019337,T_north,M0_Ratio,Nov-Jan
2018-01-29,2017,2.075385679535225,2.470431702775621,T_north,M0_Ratio,Nov-Jan
2018-02-13,2017,1.8919606357544645,1.9216610380508228,T_north,M0_Ratio,Feb-Apr
2018-02-23,2017,2.4703598162028135,2.7695342992567418,T_north,M0_Ratio,Feb-Apr
2018-03-05,2017,2.633841219951268,2.7388666979317664,T_north,M0_Ratio,Feb-Apr
2018-03-10,2017,2.4770282436178124,2.566490195585081,T_north,M0_Ratio,Feb-Apr
2018-04-09,2017,2.556880868509668,2.370437640930718,T_north,M0_Ratio,Feb-Apr
2018-10-16,2018,2.4703598162028126,2.0659131699646647,T_north,M0_Ratio,May-Oct
2018-11-25,2018,1.6477295934987697,1.6783481710566541,T_north,M0_Ratio,Nov-Jan
2018-11-30,2018,1.2024684163076447,1.0242398120834009,T_north,M0_Ratio,Nov-Jan
2018-12-10,2018,1.2186115714130077,0.9261435274385523,T_north,M0_Ratio,Nov-Jan
2018-12-25,2018,1.9887383864643406,1.9322925052610325,T_north,M0_Ratio,Nov-Jan
2018-12-30,2018,1.62475492055705,1.959618844701488,T_north,M0_Ratio,Nov-Jan
2019-01-04,2018,1.17323217276864,1.3228499316644813,T_north,M0_Ratio,Nov-Jan
2019-01-09,2018,1.8871866513180668,2.0397460288099243,T_north,M0_Ratio,Nov-Jan
2019-01-19,2018,2.5067562814010693,2.839387577474074,T_north,M0_Ratio,Nov-Jan
2019-01-24,2018,1.9249406808096123,1.8683079292694884,T_north,M0_Ratio,Nov-Jan
2019-01-29,2018,4.684833658536261,4.6999763938135946,T_north,M0_Ratio,Nov-Jan
2019-02-03,2018,1.9249406808096097,2.087683554566488,T_north,M0_Ratio,Feb-Apr
2019-02-08,2018,1.4109797497060876,1.2137308357147392,T_north,M0_Ratio,Feb-Apr
2019-02-13,2018,1.4939739804113499,1.7066243462940816,T_north,M0_Ratio,Feb-Apr
2019-02-18,2018,5.0690521613158035,4.963267533123153,T_north,M0_Ratio,Feb-Apr
2019-02-23,2018,2.2768481387778947,2.642422245984718,T_north,M0_Ratio,Feb-Apr
2019-02-28,2018,2.254392850606307,2.380644867833122,T_north,M0_Ratio,Feb-Apr
2019-03-05,2018,3.287338422967116,3.601708193169535,T_north,M0_Ratio,Feb-Apr
2019-03-10,2018,2.440060828584328,2.5989455571584377,T_north,M0_Ratio,Feb-Apr
2019-03-15,2018,2.3603153237181043,2.720862396180545,T_north,M0_Ratio,Feb-Apr
2019-03-20,2018,2.667499627699853,2.6662401615574485,T_north,M0_Ratio,Feb-Apr
2019-03-25,2018,3.5953903498888655,3.1421717316875095,T_north,M0_Ratio,Feb-Apr
2019-03-30,2018,2.7626977065222613,3.4429649626360894,T_north,M0_Ratio,Feb-Apr
2019-04-04,2018,2.9005827481226754,2.807056294249256,T_north,M0_Ratio,Feb-Apr
2019-04-09,2018,2.7626977065222595,2.8625789840778935,T_north,M0_Ratio,Feb-Apr
2019-09-26,2019,2.4902965807514543,2.2847900962417556,T_north,M0_Ratio,May-Oct
2019-10-16,2019,1.3185783613765412,0.22699739354001916,T_north,M0_Ratio,May-Oct
2019-10-21,2019,2.0435223071063247,1.488594213820161,T_north,M0_Ratio,May-Oct
2019-10-31,2019,3.3939559999514834,2.2485622611394525,T_north,M0_Ratio,May-Oct
2019-11-05,2019,1.9108987709431915,1.989104289048485,T_north,M0_Ratio,Nov-Jan
2019-11-15,2019,2.5165665676685163,2.030362531206131,T_north,M0_Ratio,Nov-Jan
2019-11-20,2019,2.4535866104385566,1.1577884595795263,T_north,M0_Ratio,Nov-Jan
2019-11-25,2019,1.9388477594480025,1.6493718299585935,T_north,M0_Ratio,Nov-Jan
2019-11-30,2019,1.2886884007267598,1.0456163202746813,T_north,M0_Ratio,Nov-Jan
2019-12-05,2019,1.0181777318039664,0.8896836503763275,T_north,M0_Ratio,Nov-Jan
2019-12-10,2019,1.8582022355906298,2.033140826013449,T_north,M0_Ratio,Nov-Jan
2019-12-15,2019,2.108715011060893,2.0574893772665126,T_north,M0_Ratio,Nov-Jan
2019-12-20,2019,2.2162864237090503,2.6531687512501714,T_north,M0_Ratio,Nov-Jan
2019-12-25,2019,1.9480459381578394,1.9403067154599118,T_north,M0_Ratio,Nov-Jan
2019-12-30,2019,1.975298641814559,2.0777006745708415,T_north,M0_Ratio,Nov-Jan
2020-01-09,2019,1.5160439702574935,1.84478580528307,T_north,M0_Ratio,Nov-Jan
2020-01-14,2019,1.4905853851864137,1.6682929036383074,T_north,M0_Ratio,Nov-Jan
2020-01-19,2019,1.0370317670132025,1.3700590761731828,T_north,M0_Ratio,Nov-Jan
2020-01-24,2019,5.275045827301275,5.481977107474509,T_north,M0_Ratio,Nov-Jan
2020-01-29,2019,3.932090734383105,4.500972819764139,T_north,M0_Ratio,Nov-Jan
2020-02-03,2019,2.4869880404994933,2.732499733186367,T_north,M0_Ratio,Feb-Apr
2020-02-08,2019,2.092139823144559,2.4840103974509202,T_north,M0_Ratio,Feb-Apr
2020-02-13,2019,3.941116390413113,4.307029998875068,T_north,M0_Ratio,Feb-Apr
2020-02-18,2019,2.670534385531753,3.0027812281626995,T_north,M0_Ratio,Feb-Apr
2020-02-23,2019,2.2239778731104867,2.3490802623521696,T_north,M0_Ratio,Feb-Apr
2020-02-28,2019,2.3460814269603287,2.6314221638494186,T_north,M0_Ratio,Feb-Apr
2020-03-04,2019,2.3063361092878694,2.543841544070416,T_north,M0_Ratio,Feb-Apr
2020-03-09,2019,2.419588038197315,2.3964044666295887,T_north,M0_Ratio,Feb-Apr
2020-03-14,2019,2.767170715055813,2.8476609946124847,T_north,M0_Ratio,Feb-Apr
2020-03-24,2019,2.7743362399855784,2.9326850154116415,T_north,M0_Ratio,Feb-Apr
2020-11-09,2020,1.711424165211536,1.1350141980686592,T_north,M0_Ratio,Nov-Jan
2020-11-14,2020,1.7382983023144443,0.8243891054515471,T_north,M0_Ratio,Nov-Jan
2020-11-19,2020,4.861106290157083,5.073544158205208,T_north,M0_Ratio,Nov-Jan
2020-11-24,2020,2.0499075276508605,1.9085616206461902,T_north,M0_Ratio,Nov-Jan
2020-11-29,2020,1.100718369693552,0.9928994135822052,T_north,M0_Ratio,Nov-Jan
2020-12-09,2020,4.993745247396052,5.245820636587017,T_north,M0_Ratio,Nov-Jan
2020-12-14,2020,2.192993892309863,1.916290479120915,T_north,M0_Ratio,Nov-Jan
2020-12-19,2020,2.671791337370448,2.685428513560264,T_north,M0_Ratio,Nov-Jan
2020-12-24,2020,1.8034644447951282,2.214396887819232,T_north,M0_Ratio,Nov-Jan
2021-01-03,2020,1.9976311588877165,1.7917537133982426,T_north,M0_Ratio,Nov-Jan
2021-01-08,2020,1.340525355149647,1.3808751401796937,T_north,M0_Ratio,Nov-Jan
2021-01-13,2020,2.4332614047906485,2.5512096177437003,T_north,M0_Ratio,Nov-Jan
2021-01-18,2020,2.112831459507838,2.230892321167403,T_north,M0_Ratio,Nov-Jan
2021-01-23,2020,2.9419800835551944,3.4155111336147534,T_north,M0_Ratio,Nov-Jan
2021-01-28,2020,2.108715011060895,2.3293978127639803,T_north,M0_Ratio,Nov-Jan
2021-02-02,2020,2.1453812847173324,2.3040037407633416,T_north,M0_Ratio,Feb-Apr
2021-02-07,2020,2.5776128934097993,2.831176937960121,T_north,M0_Ratio,Feb-Apr
2021-02-12,2020,2.470359816202814,2.6108948381665797,T_north,M0_Ratio,Feb-Apr
2021-02-17,2020,2.598108620070425,2.6109378085048887,T_north,M0_Ratio,Feb-Apr
2021-02-22,2020,2.083785398473268,2.333586326761112,T_north,M0_Ratio,Feb-Apr
2021-03-04,2020,2.7974527382574306,2.6985231252923834,T_north,M0_Ratio,Feb-Apr
2021-03-09,2020,3.1654984256232064,3.313622643959925,T_north,M0_Ratio,Feb-Apr
2021-03-14,2020,4.621943400305683,4.639041510532935,T_north,M0_Ratio,Feb-Apr
2021-03-24,2020,2.736307470796989,3.418703747589279,T_north,M0_Ratio,Feb-Apr
2021-10-10,2021,3.2107295648127754,2.494495985425301,T_north,M0_Ratio,May-Oct
2021-10-30,2021,2.1004494537812954,1.5569411901861954,T_north,M0_Ratio,May-Oct
2021-11-09,2021,0.9596997459300435,0.791148039394137,T_north,M0_Ratio,Nov-Jan
2021-11-19,2021,1.4646056254790574,0.7355918797039621,T_north,M0_Ratio,Nov-Jan
2021-11-24,2021,0.9893088127310613,0.5376862977643626,T_north,M0_Ratio,Nov-Jan
2021-11-29,2021,1.6013713319024598,1.5507379208380225,T_north,M0_Ratio,Nov-Jan
2021-12-09,2021,2.1004494537812968,1.347314031346906,T_north,M0_Ratio,Nov-Jan
2021-12-14,2021,2.221943170150425,1.985764709145176,T_north,M0_Ratio,Nov-Jan
2021-12-19,2021,1.1140061051291188,0.914319072652186,T_north,M0_Ratio,Nov-Jan
2021-12-24,2021,2.1494033864658713,2.2964722745601094,T_north,M0_Ratio,Nov-Jan
2021-12-29,2021,2.041319486138963,2.146437622844195,T_north,M0_Ratio,Nov-Jan
2022-01-08,2021,0.9395282704505301,0.7943491683905293,T_north,M0_Ratio,Nov-Jan
2022-01-18,2021,1.3972059019991196,1.6355080243288873,T_north,M0_Ratio,Nov-Jan
2022-01-23,2021,2.2046815986789663,2.2313654795585025,T_north,M0_Ratio,Nov-Jan
2022-02-07,2021,2.4230157233147325,2.8002018887155504,T_north,M0_Ratio,Feb-Apr
2022-02-12,2021,4.878832272062282,5.127349838752056,T_north,M0_Ratio,Feb-Apr
2022-02-17,2021,2.5328102925434894,2.7006057924661038,T_north,M0_Ratio,Feb-Apr
2022-02-22,2021,2.3460814269603296,2.4488140658963182,T_north,M0_Ratio,Feb-Apr
2022-02-27,2021,1.5160439702574902,1.7831046696641526,T_north,M0_Ratio,Feb-Apr
2022-03-04,2021,2.0370071077376535,2.277812980446626,T_north,M0_Ratio,Feb-Apr
2022-03-09,2021,2.34250517538054,2.6007925201265856,T_north,M0_Ratio,Feb-Apr
2022-03-14,2021,2.3172656174527795,2.7233110580387185,T_north,M0_Ratio,Feb-Apr
2022-03-19,2021,2.4161538913515286,2.64376469474153,T_north,M0_Ratio,Feb-Apr
2022-03-24,2021,2.5553340674514127,2.553628579857709,T_north,M0_Ratio,Feb-Apr
2022-08-31,2022,2.3117950752394547,1.4286365819009668,T_north,M0_Ratio,May-Oct
2022-10-05,2022,2.4282733145657933,2.6096413376093146,T_north,M0_Ratio,May-Oct
2022-10-10,2022,1.5033783159216574,-0.22794188581925812,T_north,M0_Ratio,May-Oct
2022-10-15,2022,2.76269770652226,2.393319352168181,T_north,M0_Ratio,May-Oct
2022-10-20,2022,0.8440739009889877,0.7163761899298986,T_north,M0_Ratio,May-Oct
2022-10-30,2022,2.2858096265468695,2.1158591629795103,T_north,M0_Ratio,May-Oct
2022-11-04,2022,4.535788166298738,2.9159703937893937,T_north,M0_Ratio,Nov-Jan
2022-11-09,2022,2.4434514165787666,2.3100682290133356,T_north,M0_Ratio,Nov-Jan
2022-11-14,2022,1.673598501173202,1.5107760763542701,T_north,M0_Ratio,Nov-Jan
2022-11-24,2022,2.354785716485943,2.319578683030958,T_north,M0_Ratio,Nov-Jan
2022-12-04,2022,1.730514314638771,1.8616578621889626,T_north,M0_Ratio,Nov-Jan
2022-12-09,2022,1.277347942696401,0.8822427639017715,T_north,M0_Ratio,Nov-Jan
2022-12-14,2022,2.709624131526501,3.0200772971804772,T_north,M0_Ratio,Nov-Jan
2022-12-24,2022,3.2199747533421905,4.378694841437755,T_north,M0_Ratio,Nov-Jan
2022-12-29,2022,3.340358000870119,3.3810027665565148,T_north,M0_Ratio,Nov-Jan
2023-01-03,2022,1.915594594698242,2.1215287634805993,T_north,M0_Ratio,Nov-Jan
2023-01-08,2022,3.2241676921316773,3.896161761632957,T_north,M0_Ratio,Nov-Jan
2023-01-13,2022,1.4246029991483429,1.7167777197453167,T_north,M0_Ratio,Nov-Jan
2023-01-18,2022,5.13457433058599,5.49701686029661,T_north,M0_Ratio,Nov-Jan
2023-01-23,2022,1.8385441156148217,2.3457476564502597,T_north,M0_Ratio,Nov-Jan
2023-01-28,2022,2.5807761919392185,2.710392339278111,T_north,M0_Ratio,Nov-Jan
2023-02-02,2022,2.509694751585956,2.369156875422896,T_north,M0_Ratio,Feb-Apr
2023-02-07,2022,2.4298523696819783,2.7686658231936194,T_north,M0_Ratio,Feb-Apr
2023-02-12,2022,2.3849557060333133,2.687601664967624,T_north,M0_Ratio,Feb-Apr
2023-02-17,2022,2.5377184636222068,2.8184457597614267,T_north,M0_Ratio,Feb-Apr
2023-02-22,2022,2.697667028084685,3.831435636232098,T_north,M0_Ratio,Feb-Apr
2023-02-27,2022,1.9976311588877151,2.2862869041822114,T_north,M0_Ratio,Feb-Apr
2023-03-04,2022,2.208558936101673,2.6135399523723004,T_north,M0_Ratio,Feb-Apr
2023-03-09,2022,2.3638560407739306,2.7046542554475312,T_north,M0_Ratio,Feb-Apr
2023-03-14,2022,2.4535866104385566,2.6137557859025113,T_north,M0_Ratio,Feb-Apr
2023-03-29,2022,2.6430716096751588,2.830125863223042,T_north,M0_Ratio,Feb-Apr
2023-09-25,2023,2.498156069599162,2.419829557968623,T_north,M0_Ratio,May-Oct
2023-10-10,2023,2.3281270528856504,2.448625267549846,T_north,M0_Ratio,May-Oct
2023-10-15,2023,2.646139891445267,2.593492916113195,T_north,M0_Ratio,May-Oct
2023-10-20,2023,1.277370824871418,0.2840716681795755,T_north,M0_Ratio,May-Oct
2023-10-30,2023,1.4514123716218175,1.3028455353722344,T_north,M0_Ratio,May-Oct
2023-11-09,2023,2.3532125228121292,2.378760770436343,T_north,M0_Ratio,Nov-Jan
2023-11-14,2023,1.6814609110035792,1.7191350339087912,T_north,M0_Ratio,Nov-Jan
2023-11-19,2023,1.3762541882539114,2.032417538016533,T_north,M0_Ratio,Nov-Jan
2023-11-24,2023,1.1736513661641845,0.7279989480890169,T_north,M0_Ratio,Nov-Jan
2023-12-09,2023,2.4400608285843286,2.601721768491434,T_north,M0_Ratio,Nov-Jan
2023-12-14,2023,2.2201366947737213,2.2186051038264716,T_north,M0_Ratio,Nov-Jan
2023-12-19,2023,1.6362923141628005,1.6690421512501274,T_north,M0_Ratio,Nov-Jan
2023-12-24,2023,1.4109797497060899,1.6524438733562914,T_north,M0_Ratio,Nov-Jan
2023-12-29,2023,2.010871553787599,2.3319688869463886,T_north,M0_Ratio,Nov-Jan
2024-01-03,2023,0.887488175270015,0.967625873517824,T_north,M0_Ratio,Nov-Jan
2024-01-08,2023,2.3189623441962532,1.9724125213991417,T_north,M0_Ratio,Nov-Jan
2024-01-13,2023,2.1890792637674648,2.441354480873375,T_north,M0_Ratio,Nov-Jan
2024-01-18,2023,2.273126109463391,2.5662928897991293,T_north,M0_Ratio,Nov-Jan
2024-01-23,2023,1.4246029991483442,1.9020469869101941,T_north,M0_Ratio,Nov-Jan
2024-01-28,2023,2.2468408648819578,2.4203336080996887,T_north,M0_Ratio,Nov-Jan
2024-02-02,2023,2.577612893409799,2.8561812161211484,T_north,M0_Ratio,Feb-Apr
2024-02-07,2023,4.35530225872687,4.793151391644366,T_north,M0_Ratio,Feb-Apr
2024-02-17,2023,4.645733138105921,5.0682588787086145,T_north,M0_Ratio,Feb-Apr
2024-02-22,2023,2.5744447886317996,2.7867820628284177,T_north,M0_Ratio,Feb-Apr
2024-02-27,2023,2.7333574507222727,2.900929163574926,T_north,M0_Ratio,Feb-Apr
2024-03-03,2023,2.552131675588431,2.9315175906495625,T_north,M0_Ratio,Feb-Apr
2024-03-08,2023,2.4770282436178093,2.7985440700804896,T_north,M0_Ratio,Feb-Apr
2024-03-13,2023,2.409266571919166,2.626024289145376,T_north,M0_Ratio,Feb-Apr
2024-03-18,2023,2.2239778731104836,2.570103358991209,T_north,M0_Ratio,Feb-Apr
2024-03-28,2023,2.4968970147440244,2.8085414290723247,T_north,M0_Ratio,Feb-Apr
2024-04-12,2023,2.6152622021781013,3.4742837095734598,T_north,M0_Ratio,Feb-Apr
2024-04-27,2023,2.727446369090274,2.7585576367617013,T_north,M0_Ratio,Feb-Apr
2024-05-12,2024,2.2085589361016713,1.8100873679925986,T_north,M0_Ratio,May-Oct
2024-09-19,2024,1.5895206313148822,1.4943039863069745,T_north,M0_Ratio,May-Oct
2024-09-29,2024,2.3988871965399654,2.000399781719348,T_north,M0_Ratio,May-Oct
2024-10-09,2024,1.979792125423735,1.5101585997998586,T_north,M0_Ratio,May-Oct
2024-10-14,2024,2.400665887184116,1.9844294671098368,T_north,M0_Ratio,May-Oct
2024-10-19,2024,4.038972178484344,2.6428966528342483,T_north,M0_Ratio,May-Oct
2024-10-29,2024,4.137887302166491,3.4273066354068398,T_north,M0_Ratio,May-Oct
2017-01-09,2016,1.1356160388213488,0.8946284402792402,T_north,M1_Ridge,Nov-Jan
2017-02-08,2016,1.9797921254237327,2.0579129751604937,T_north,M1_Ridge,Feb-Apr
2017-02-18,2016,2.0064711053035515,1.9864525798222543,T_north,M1_Ridge,Feb-Apr
2017-10-16,2017,0.9746740623823881,0.4471260147497784,T_north,M1_Ridge,May-Oct
2017-11-05,2017,2.006471105303549,1.6388629096964427,T_north,M1_Ridge,Nov-Jan
2017-11-10,2017,1.6362923141628005,1.8067494214237536,T_north,M1_Ridge,Nov-Jan
2017-11-30,2017,0.8273931269664734,0.9950083426321377,T_north,M1_Ridge,Nov-Jan
2017-12-15,2017,1.692517503394872,2.007930518633581,T_north,M1_Ridge,Nov-Jan
2017-12-20,2017,1.064752160522155,0.6852062443050442,T_north,M1_Ridge,Nov-Jan
2017-12-30,2017,1.5126750277617393,1.4030865968211619,T_north,M1_Ridge,Nov-Jan
2018-01-04,2017,2.4670168588951276,1.9925944455742182,T_north,M1_Ridge,Nov-Jan
2018-01-09,2017,2.161409260774803,2.505868460400812,T_north,M1_Ridge,Nov-Jan
2018-01-19,2017,1.0647521605221546,0.9967203882918598,T_north,M1_Ridge,Nov-Jan
2018-01-29,2017,2.075385679535225,2.4404999926427595,T_north,M1_Ridge,Nov-Jan
2018-02-13,2017,1.8919606357544645,1.6988994630383756,T_north,M1_Ridge,Feb-Apr
2018-02-23,2017,2.4703598162028135,2.501582039826811,T_north,M1_Ridge,Feb-Apr
2018-03-05,2017,2.633841219951268,2.5950892355956663,T_north,M1_Ridge,Feb-Apr
2018-03-10,2017,2.4770282436178124,2.290174755789754,T_north,M1_Ridge,Feb-Apr
2018-04-09,2017,2.556880868509668,2.209846694163785,T_north,M1_Ridge,Feb-Apr
2018-10-16,2018,2.4703598162028126,2.0063363663390446,T_north,M1_Ridge,May-Oct
2018-11-25,2018,1.6477295934987697,1.9126313783990956,T_north,M1_Ridge,Nov-Jan
2018-11-30,2018,1.2024684163076447,1.278400717421472,T_north,M1_Ridge,Nov-Jan
2018-12-10,2018,1.2186115714130077,1.0428981682689218,T_north,M1_Ridge,Nov-Jan
2018-12-25,2018,1.9887383864643406,1.8895840478696595,T_north,M1_Ridge,Nov-Jan
2018-12-30,2018,1.62475492055705,1.9159761984351111,T_north,M1_Ridge,Nov-Jan
2019-01-04,2018,1.17323217276864,1.3867896339222912,T_north,M1_Ridge,Nov-Jan
2019-01-09,2018,1.8871866513180668,1.989509669822903,T_north,M1_Ridge,Nov-Jan
2019-01-19,2018,2.5067562814010693,2.592588430568874,T_north,M1_Ridge,Nov-Jan
2019-01-24,2018,1.9249406808096123,1.7922020483140937,T_north,M1_Ridge,Nov-Jan
2019-01-29,2018,4.684833658536261,4.145024204367328,T_north,M1_Ridge,Nov-Jan
2019-02-03,2018,1.9249406808096097,1.8199955193115387,T_north,M1_Ridge,Feb-Apr
2019-02-08,2018,1.4109797497060876,1.1426250378481764,T_north,M1_Ridge,Feb-Apr
2019-02-13,2018,1.4939739804113499,1.544651770269612,T_north,M1_Ridge,Feb-Apr
2019-02-18,2018,5.0690521613158035,4.285666895260263,T_north,M1_Ridge,Feb-Apr
2019-02-23,2018,2.2768481387778947,2.404840390561888,T_north,M1_Ridge,Feb-Apr
2019-02-28,2018,2.254392850606307,2.006121655660617,T_north,M1_Ridge,Feb-Apr
2019-03-05,2018,3.287338422967116,3.170075334833541,T_north,M1_Ridge,Feb-Apr
2019-03-10,2018,2.440060828584328,2.423318656072612,T_north,M1_Ridge,Feb-Apr
2019-03-15,2018,2.3603153237181043,2.4912128048533377,T_north,M1_Ridge,Feb-Apr
2019-03-20,2018,2.667499627699853,2.465060190653673,T_north,M1_Ridge,Feb-Apr
2019-03-25,2018,3.5953903498888655,3.0198985283625093,T_north,M1_Ridge,Feb-Apr
2019-03-30,2018,2.7626977065222613,2.8797469385982737,T_north,M1_Ridge,Feb-Apr
2019-04-04,2018,2.9005827481226754,2.7773161734407106,T_north,M1_Ridge,Feb-Apr
2019-04-09,2018,2.7626977065222595,2.860125747906806,T_north,M1_Ridge,Feb-Apr
2019-09-26,2019,2.4902965807514543,2.5695378675019778,T_north,M1_Ridge,May-Oct
2019-10-16,2019,1.3185783613765412,0.7424754127056648,T_north,M1_Ridge,May-Oct
2019-10-21,2019,2.0435223071063247,2.044683431980617,T_north,M1_Ridge,May-Oct
2019-10-31,2019,3.3939559999514834,2.734557138125641,T_north,M1_Ridge,May-Oct
2019-11-05,2019,1.9108987709431915,2.246203499579258,T_north,M1_Ridge,Nov-Jan
2019-11-15,2019,2.5165665676685163,2.309089961522969,T_north,M1_Ridge,Nov-Jan
2019-11-20,2019,2.4535866104385566,1.7771706899006845,T_north,M1_Ridge,Nov-Jan
2019-11-25,2019,1.9388477594480025,1.7534314755497356,T_north,M1_Ridge,Nov-Jan
2019-11-30,2019,1.2886884007267598,1.296184152061402,T_north,M1_Ridge,Nov-Jan
2019-12-05,2019,1.0181777318039664,1.053639457451852,T_north,M1_Ridge,Nov-Jan
2019-12-10,2019,1.8582022355906298,2.0914651057391636,T_north,M1_Ridge,Nov-Jan
2019-12-15,2019,2.108715011060893,2.1444759740517765,T_north,M1_Ridge,Nov-Jan
2019-12-20,2019,2.2162864237090503,2.4377952442977113,T_north,M1_Ridge,Nov-Jan
2019-12-25,2019,1.9480459381578394,1.9645222974709262,T_north,M1_Ridge,Nov-Jan
2019-12-30,2019,1.975298641814559,1.9308034415090338,T_north,M1_Ridge,Nov-Jan
2020-01-09,2019,1.5160439702574935,1.6296029571375956,T_north,M1_Ridge,Nov-Jan
2020-01-14,2019,1.4905853851864137,1.5477487434762613,T_north,M1_Ridge,Nov-Jan
2020-01-19,2019,1.0370317670132025,1.5705627303382623,T_north,M1_Ridge,Nov-Jan
2020-01-24,2019,5.275045827301275,4.650590693555925,T_north,M1_Ridge,Nov-Jan
2020-01-29,2019,3.932090734383105,3.728201307363003,T_north,M1_Ridge,Nov-Jan
2020-02-03,2019,2.4869880404994933,2.3718476965741635,T_north,M1_Ridge,Feb-Apr
2020-02-08,2019,2.092139823144559,2.0912368340672787,T_north,M1_Ridge,Feb-Apr
2020-02-13,2019,3.941116390413113,3.5046619640863583,T_north,M1_Ridge,Feb-Apr
2020-02-18,2019,2.670534385531753,2.659108360906619,T_north,M1_Ridge,Feb-Apr
2020-02-23,2019,2.2239778731104867,2.164542459509152,T_north,M1_Ridge,Feb-Apr
2020-02-28,2019,2.3460814269603287,2.381367864749319,T_north,M1_Ridge,Feb-Apr
2020-03-04,2019,2.3063361092878694,2.289181803910529,T_north,M1_Ridge,Feb-Apr
2020-03-09,2019,2.419588038197315,2.1961852776179502,T_north,M1_Ridge,Feb-Apr
2020-03-14,2019,2.767170715055813,2.6736094224622473,T_north,M1_Ridge,Feb-Apr
2020-03-24,2019,2.7743362399855784,2.631878224617473,T_north,M1_Ridge,Feb-Apr
2020-11-09,2020,1.711424165211536,1.468186219795654,T_north,M1_Ridge,Nov-Jan
2020-11-14,2020,1.7382983023144443,1.6791899382643867,T_north,M1_Ridge,Nov-Jan
2020-11-19,2020,4.861106290157083,4.839361160738244,T_north,M1_Ridge,Nov-Jan
2020-11-24,2020,2.0499075276508605,2.1534555481477584,T_north,M1_Ridge,Nov-Jan
2020-11-29,2020,1.100718369693552,1.511123871969693,T_north,M1_Ridge,Nov-Jan
2020-12-09,2020,4.993745247396052,4.746051568487344,T_north,M1_Ridge,Nov-Jan
2020-12-14,2020,2.192993892309863,2.0042665641569792,T_north,M1_Ridge,Nov-Jan
2020-12-19,2020,2.671791337370448,2.6353850806918113,T_north,M1_Ridge,Nov-Jan
2020-12-24,2020,1.8034644447951282,2.0298802934525653,T_north,M1_Ridge,Nov-Jan
2021-01-03,2020,1.9976311588877165,1.871670945619569,T_north,M1_Ridge,Nov-Jan
2021-01-08,2020,1.340525355149647,1.4500551946608287,T_north,M1_Ridge,Nov-Jan
2021-01-13,2020,2.4332614047906485,2.342120515619464,T_north,M1_Ridge,Nov-Jan
2021-01-18,2020,2.112831459507838,2.0853708203168186,T_north,M1_Ridge,Nov-Jan
2021-01-23,2020,2.9419800835551944,2.952944305130994,T_north,M1_Ridge,Nov-Jan
2021-01-28,2020,2.108715011060895,2.2049666464318762,T_north,M1_Ridge,Nov-Jan
2021-02-02,2020,2.1453812847173324,2.1623358666067856,T_north,M1_Ridge,Feb-Apr
2021-02-07,2020,2.5776128934097993,2.6089634871812244,T_north,M1_Ridge,Feb-Apr
2021-02-12,2020,2.470359816202814,2.3366083887011153,T_north,M1_Ridge,Feb-Apr
2021-02-17,2020,2.598108620070425,2.371092464961547,T_north,M1_Ridge,Feb-Apr
2021-02-22,2020,2.083785398473268,2.2297396318009515,T_north,M1_Ridge,Feb-Apr
2021-03-04,2020,2.7974527382574306,2.785226394448502,T_north,M1_Ridge,Feb-Apr
2021-03-09,2020,3.1654984256232064,3.247552877509054,T_north,M1_Ridge,Feb-Apr
2021-03-14,2020,4.621943400305683,4.233825544486042,T_north,M1_Ridge,Feb-Apr
2021-03-24,2020,2.736307470796989,3.0559535623227942,T_north,M1_Ridge,Feb-Apr
2021-10-10,2021,3.2107295648127754,3.1179231971899295,T_north,M1_Ridge,May-Oct
2021-10-30,2021,2.1004494537812954,1.9991015762609812,T_north,M1_Ridge,May-Oct
2021-11-09,2021,0.9596997459300435,1.1703588619976686,T_north,M1_Ridge,Nov-Jan
2021-11-19,2021,1.4646056254790574,0.986847059413537,T_north,M1_Ridge,Nov-Jan
2021-11-24,2021,0.9893088127310613,0.7720881558867654,T_north,M1_Ridge,Nov-Jan
2021-11-29,2021,1.6013713319024598,1.6090887173825887,T_north,M1_Ridge,Nov-Jan
2021-12-09,2021,2.1004494537812968,1.343408062325231,T_north,M1_Ridge,Nov-Jan
2021-12-14,2021,2.221943170150425,1.9665655234596975,T_north,M1_Ridge,Nov-Jan
2021-12-19,2021,1.1140061051291188,1.122557895693257,T_north,M1_Ridge,Nov-Jan
2021-12-24,2021,2.1494033864658713,2.3154155157816643,T_north,M1_Ridge,Nov-Jan
2021-12-29,2021,2.041319486138963,2.0666796890851193,T_north,M1_Ridge,Nov-Jan
2022-01-08,2021,0.9395282704505301,0.8216968839800756,T_north,M1_Ridge,Nov-Jan
2022-01-18,2021,1.3972059019991196,1.5515473506577555,T_north,M1_Ridge,Nov-Jan
2022-01-23,2021,2.2046815986789663,2.1175841025350843,T_north,M1_Ridge,Nov-Jan
2022-02-07,2021,2.4230157233147325,2.6290686823330307,T_north,M1_Ridge,Feb-Apr
2022-02-12,2021,4.878832272062282,4.39912447336947,T_north,M1_Ridge,Feb-Apr
2022-02-17,2021,2.5328102925434894,2.490661866366076,T_north,M1_Ridge,Feb-Apr
2022-02-22,2021,2.3460814269603296,2.3690503625155914,T_north,M1_Ridge,Feb-Apr
2022-02-27,2021,1.5160439702574902,1.713240462099265,T_north,M1_Ridge,Feb-Apr
2022-03-04,2021,2.0370071077376535,2.2097054971330845,T_north,M1_Ridge,Feb-Apr
2022-03-09,2021,2.34250517538054,2.3670213587222055,T_north,M1_Ridge,Feb-Apr
2022-03-14,2021,2.3172656174527795,2.457227525904824,T_north,M1_Ridge,Feb-Apr
2022-03-19,2021,2.4161538913515286,2.584631564595966,T_north,M1_Ridge,Feb-Apr
2022-03-24,2021,2.5553340674514127,2.531043415485713,T_north,M1_Ridge,Feb-Apr
2022-08-31,2022,2.3117950752394547,2.2200674549444566,T_north,M1_Ridge,May-Oct
2022-10-05,2022,2.4282733145657933,2.779578932468996,T_north,M1_Ridge,May-Oct
2022-10-10,2022,1.5033783159216574,1.0786367307852789,T_north,M1_Ridge,May-Oct
2022-10-15,2022,2.76269770652226,3.0037607606513936,T_north,M1_Ridge,May-Oct
2022-10-20,2022,0.8440739009889877,1.1478882932708914,T_north,M1_Ridge,May-Oct
2022-10-30,2022,2.2858096265468695,2.4058556023098734,T_north,M1_Ridge,May-Oct
2022-11-04,2022,4.535788166298738,3.2847608111430677,T_north,M1_Ridge,Nov-Jan
2022-11-09,2022,2.4434514165787666,2.694164547292734,T_north,M1_Ridge,Nov-Jan
2022-11-14,2022,1.673598501173202,1.8187562650341718,T_north,M1_Ridge,Nov-Jan
2022-11-24,2022,2.354785716485943,2.5357974132984626,T_north,M1_Ridge,Nov-Jan
2022-12-04,2022,1.730514314638771,1.9218819818603676,T_north,M1_Ridge,Nov-Jan
2022-12-09,2022,1.277347942696401,1.1425101459268905,T_north,M1_Ridge,Nov-Jan
2022-12-14,2022,2.709624131526501,2.9525847802539698,T_north,M1_Ridge,Nov-Jan
2022-12-24,2022,3.2199747533421905,4.468983962644124,T_north,M1_Ridge,Nov-Jan
2022-12-29,2022,3.340358000870119,3.4378971944527423,T_north,M1_Ridge,Nov-Jan
2023-01-03,2022,1.915594594698242,1.873294721037117,T_north,M1_Ridge,Nov-Jan
2023-01-08,2022,3.2241676921316773,3.8814800924184802,T_north,M1_Ridge,Nov-Jan
2023-01-13,2022,1.4246029991483429,1.662023255216536,T_north,M1_Ridge,Nov-Jan
2023-01-18,2022,5.13457433058599,4.919317993251898,T_north,M1_Ridge,Nov-Jan
2023-01-23,2022,1.8385441156148217,2.2552742098642646,T_north,M1_Ridge,Nov-Jan
2023-01-28,2022,2.5807761919392185,2.6037360226347155,T_north,M1_Ridge,Nov-Jan
2023-02-02,2022,2.509694751585956,2.173593771906905,T_north,M1_Ridge,Feb-Apr
2023-02-07,2022,2.4298523696819783,2.4840557841423934,T_north,M1_Ridge,Feb-Apr
2023-02-12,2022,2.3849557060333133,2.4311064227971366,T_north,M1_Ridge,Feb-Apr
2023-02-17,2022,2.5377184636222068,2.561399318316327,T_north,M1_Ridge,Feb-Apr
2023-02-22,2022,2.697667028084685,3.7745994392301343,T_north,M1_Ridge,Feb-Apr
2023-02-27,2022,1.9976311588877151,2.1099012102553085,T_north,M1_Ridge,Feb-Apr
2023-03-04,2022,2.208558936101673,2.3314391357072575,T_north,M1_Ridge,Feb-Apr
2023-03-09,2022,2.3638560407739306,2.6268104294885397,T_north,M1_Ridge,Feb-Apr
2023-03-14,2022,2.4535866104385566,2.4399757811767406,T_north,M1_Ridge,Feb-Apr
2023-03-29,2022,2.6430716096751588,2.6874005064625535,T_north,M1_Ridge,Feb-Apr
2023-09-25,2023,2.498156069599162,3.120035311674261,T_north,M1_Ridge,May-Oct
2023-10-10,2023,2.3281270528856504,2.929206810468819,T_north,M1_Ridge,May-Oct
2023-10-15,2023,2.646139891445267,3.1239975107627154,T_north,M1_Ridge,May-Oct
2023-10-20,2023,1.277370824871418,1.1823624599292524,T_north,M1_Ridge,May-Oct
2023-10-30,2023,1.4514123716218175,1.5802505253838437,T_north,M1_Ridge,May-Oct
2023-11-09,2023,2.3532125228121292,2.5978071755343204,T_north,M1_Ridge,Nov-Jan
2023-11-14,2023,1.6814609110035792,2.152731653800257,T_north,M1_Ridge,Nov-Jan
2023-11-19,2023,1.3762541882539114,1.7460230527575047,T_north,M1_Ridge,Nov-Jan
2023-11-24,2023,1.1736513661641845,1.1616413521174203,T_north,M1_Ridge,Nov-Jan
2023-12-09,2023,2.4400608285843286,2.735524876393406,T_north,M1_Ridge,Nov-Jan
2023-12-14,2023,2.2201366947737213,2.269716833927767,T_north,M1_Ridge,Nov-Jan
2023-12-19,2023,1.6362923141628005,1.8122254104186415,T_north,M1_Ridge,Nov-Jan
2023-12-24,2023,1.4109797497060899,1.8017320081906512,T_north,M1_Ridge,Nov-Jan
2023-12-29,2023,2.010871553787599,2.25522726096514,T_north,M1_Ridge,Nov-Jan
2024-01-03,2023,0.887488175270015,1.054573571354482,T_north,M1_Ridge,Nov-Jan
2024-01-08,2023,2.3189623441962532,1.985598836092271,T_north,M1_Ridge,Nov-Jan
2024-01-13,2023,2.1890792637674648,2.2679070806781927,T_north,M1_Ridge,Nov-Jan
2024-01-18,2023,2.273126109463391,2.2660271132727967,T_north,M1_Ridge,Nov-Jan
2024-01-23,2023,1.4246029991483442,1.6950754379530442,T_north,M1_Ridge,Nov-Jan
2024-01-28,2023,2.2468408648819578,2.1289523686163268,T_north,M1_Ridge,Nov-Jan
2024-02-02,2023,2.577612893409799,2.4873589491829433,T_north,M1_Ridge,Feb-Apr
2024-02-07,2023,4.35530225872687,4.078973053467508,T_north,M1_Ridge,Feb-Apr
2024-02-17,2023,4.645733138105921,4.268997345718571,T_north,M1_Ridge,Feb-Apr
2024-02-22,2023,2.5744447886317996,2.3487830164240986,T_north,M1_Ridge,Feb-Apr
2024-02-27,2023,2.7333574507222727,2.7218568883193672,T_north,M1_Ridge,Feb-Apr
2024-03-03,2023,2.552131675588431,2.565863362775821,T_north,M1_Ridge,Feb-Apr
2024-03-08,2023,2.4770282436178093,2.558104364847766,T_north,M1_Ridge,Feb-Apr
2024-03-13,2023,2.409266571919166,2.507258296283354,T_north,M1_Ridge,Feb-Apr
2024-03-18,2023,2.2239778731104836,2.372595249537385,T_north,M1_Ridge,Feb-Apr
2024-03-28,2023,2.4968970147440244,2.768725643494189,T_north,M1_Ridge,Feb-Apr
2024-04-12,2023,2.6152622021781013,3.2932519503479174,T_north,M1_Ridge,Feb-Apr
2024-04-27,2023,2.727446369090274,3.172472573868799,T_north,M1_Ridge,Feb-Apr
2024-05-12,2024,2.2085589361016713,2.1311328327418435,T_north,M1_Ridge,May-Oct
2024-09-19,2024,1.5895206313148822,1.9537744719477557,T_north,M1_Ridge,May-Oct
2024-09-29,2024,2.3988871965399654,2.3616908273402863,T_north,M1_Ridge,May-Oct
2024-10-09,2024,1.979792125423735,2.0854289675181747,T_north,M1_Ridge,May-Oct
2024-10-14,2024,2.400665887184116,2.73473739596212,T_north,M1_Ridge,May-Oct
2024-10-19,2024,4.038972178484344,3.326868479127133,T_north,M1_Ridge,May-Oct
2024-10-29,2024,4.137887302166491,3.684028023132009,T_north,M1_Ridge,May-Oct
2017-01-09,2016,1.1356160388213488,1.3701458241194946,T_north,M2_RandomForest,Nov-Jan
2017-02-08,2016,1.9797921254237327,2.2210307099455022,T_north,M2_RandomForest,Feb-Apr
2017-02-18,2016,2.0064711053035515,2.152985684273739,T_north,M2_RandomForest,Feb-Apr
2017-10-16,2017,0.9746740623823881,1.5639025721830473,T_north,M2_RandomForest,May-Oct
2017-11-05,2017,2.006471105303549,1.6990175951264403,T_north,M2_RandomForest,Nov-Jan
2017-11-10,2017,1.6362923141628005,1.6758401411733563,T_north,M2_RandomForest,Nov-Jan
2017-11-30,2017,0.8273931269664734,1.3012027021844748,T_north,M2_RandomForest,Nov-Jan
2017-12-15,2017,1.692517503394872,2.0811042180480395,T_north,M2_RandomForest,Nov-Jan
2017-12-20,2017,1.064752160522155,1.2799088125292928,T_north,M2_RandomForest,Nov-Jan
2017-12-30,2017,1.5126750277617393,1.324263730919907,T_north,M2_RandomForest,Nov-Jan
2018-01-04,2017,2.4670168588951276,2.2651585330940915,T_north,M2_RandomForest,Nov-Jan
2018-01-09,2017,2.161409260774803,2.332403141347299,T_north,M2_RandomForest,Nov-Jan
2018-01-19,2017,1.0647521605221546,1.4864330097360823,T_north,M2_RandomForest,Nov-Jan
2018-01-29,2017,2.075385679535225,2.3471068526084085,T_north,M2_RandomForest,Nov-Jan
2018-02-13,2017,1.8919606357544645,1.9311572803955643,T_north,M2_RandomForest,Feb-Apr
2018-02-23,2017,2.4703598162028135,2.488413805355263,T_north,M2_RandomForest,Feb-Apr
2018-03-05,2017,2.633841219951268,2.583127047047307,T_north,M2_RandomForest,Feb-Apr
2018-03-10,2017,2.4770282436178124,2.354110459356492,T_north,M2_RandomForest,Feb-Apr
2018-04-09,2017,2.556880868509668,2.424278871544235,T_north,M2_RandomForest,Feb-Apr
2018-10-16,2018,2.4703598162028126,2.4149813399291853,T_north,M2_RandomForest,May-Oct
2018-11-25,2018,1.6477295934987697,1.751509526090988,T_north,M2_RandomForest,Nov-Jan
2018-11-30,2018,1.2024684163076447,1.222461385277212,T_north,M2_RandomForest,Nov-Jan
2018-12-10,2018,1.2186115714130077,1.2403421127665306,T_north,M2_RandomForest,Nov-Jan
2018-12-25,2018,1.9887383864643406,1.910961581785887,T_north,M2_RandomForest,Nov-Jan
2018-12-30,2018,1.62475492055705,2.081409229976251,T_north,M2_RandomForest,Nov-Jan
2019-01-04,2018,1.17323217276864,1.62985199427646,T_north,M2_RandomForest,Nov-Jan
2019-01-09,2018,1.8871866513180668,2.086623665414557,T_north,M2_RandomForest,Nov-Jan
2019-01-19,2018,2.5067562814010693,2.4320144967545727,T_north,M2_RandomForest,Nov-Jan
2019-01-24,2018,1.9249406808096123,1.7872069792727057,T_north,M2_RandomForest,Nov-Jan
2019-01-29,2018,4.684833658536261,3.889265343154817,T_north,M2_RandomForest,Nov-Jan
2019-02-03,2018,1.9249406808096097,2.064171521701038,T_north,M2_RandomForest,Feb-Apr
2019-02-08,2018,1.4109797497060876,1.6832203707207607,T_north,M2_RandomForest,Feb-Apr
2019-02-13,2018,1.4939739804113499,1.9472016755763726,T_north,M2_RandomForest,Feb-Apr
2019-02-18,2018,5.0690521613158035,3.8385037067628653,T_north,M2_RandomForest,Feb-Apr
2019-02-23,2018,2.2768481387778947,2.4225980563468874,T_north,M2_RandomForest,Feb-Apr
2019-02-28,2018,2.254392850606307,2.3457437756638515,T_north,M2_RandomForest,Feb-Apr
2019-03-05,2018,3.287338422967116,3.187384752352945,T_north,M2_RandomForest,Feb-Apr
2019-03-10,2018,2.440060828584328,2.5240636254604936,T_north,M2_RandomForest,Feb-Apr
2019-03-15,2018,2.3603153237181043,2.500685480882388,T_north,M2_RandomForest,Feb-Apr
2019-03-20,2018,2.667499627699853,2.479233474828554,T_north,M2_RandomForest,Feb-Apr
2019-03-25,2018,3.5953903498888655,2.9529902116031908,T_north,M2_RandomForest,Feb-Apr
2019-03-30,2018,2.7626977065222613,3.0577472512560564,T_north,M2_RandomForest,Feb-Apr
2019-04-04,2018,2.9005827481226754,2.611785879528195,T_north,M2_RandomForest,Feb-Apr
2019-04-09,2018,2.7626977065222595,2.6644673969884507,T_north,M2_RandomForest,Feb-Apr
2019-09-26,2019,2.4902965807514543,2.324649308352859,T_north,M2_RandomForest,May-Oct
2019-10-16,2019,1.3185783613765412,1.5571019269699748,T_north,M2_RandomForest,May-Oct
2019-10-21,2019,2.0435223071063247,1.9461142780520888,T_north,M2_RandomForest,May-Oct
2019-10-31,2019,3.3939559999514834,2.335932616345274,T_north,M2_RandomForest,May-Oct
2019-11-05,2019,1.9108987709431915,2.140260040350054,T_north,M2_RandomForest,Nov-Jan
2019-11-15,2019,2.5165665676685163,2.164682762799273,T_north,M2_RandomForest,Nov-Jan
2019-11-20,2019,2.4535866104385566,1.453703404162135,T_north,M2_RandomForest,Nov-Jan
2019-11-25,2019,1.9388477594480025,1.6550520588110542,T_north,M2_RandomForest,Nov-Jan
2019-11-30,2019,1.2886884007267598,1.341229756822453,T_north,M2_RandomForest,Nov-Jan
2019-12-05,2019,1.0181777318039664,1.2073022966715214,T_north,M2_RandomForest,Nov-Jan
2019-12-10,2019,1.8582022355906298,1.9604130419390418,T_north,M2_RandomForest,Nov-Jan
2019-12-15,2019,2.108715011060893,2.062220852002913,T_north,M2_RandomForest,Nov-Jan
2019-12-20,2019,2.2162864237090503,2.559085677363186,T_north,M2_RandomForest,Nov-Jan
2019-12-25,2019,1.9480459381578394,1.9477950600375318,T_north,M2_RandomForest,Nov-Jan
2019-12-30,2019,1.975298641814559,1.9798364082102882,T_north,M2_RandomForest,Nov-Jan
2020-01-09,2019,1.5160439702574935,1.7234432721821489,T_north,M2_RandomForest,Nov-Jan
2020-01-14,2019,1.4905853851864137,1.6318247527847185,T_north,M2_RandomForest,Nov-Jan
2020-01-19,2019,1.0370317670132025,1.7508106141045015,T_north,M2_RandomForest,Nov-Jan
2020-01-24,2019,5.275045827301275,4.119509764006164,T_north,M2_RandomForest,Nov-Jan
2020-01-29,2019,3.932090734383105,4.006254645002425,T_north,M2_RandomForest,Nov-Jan
2020-02-03,2019,2.4869880404994933,2.6301315307754467,T_north,M2_RandomForest,Feb-Apr
2020-02-08,2019,2.092139823144559,2.416435523416706,T_north,M2_RandomForest,Feb-Apr
2020-02-13,2019,3.941116390413113,3.805904326522059,T_north,M2_RandomForest,Feb-Apr
2020-02-18,2019,2.670534385531753,3.0802889670303015,T_north,M2_RandomForest,Feb-Apr
2020-02-23,2019,2.2239778731104867,2.497604096290547,T_north,M2_RandomForest,Feb-Apr
2020-02-28,2019,2.3460814269603287,2.506870453710963,T_north,M2_RandomForest,Feb-Apr
2020-03-04,2019,2.3063361092878694,2.4572840153706412,T_north,M2_RandomForest,Feb-Apr
2020-03-09,2019,2.419588038197315,2.4016134915800613,T_north,M2_RandomForest,Feb-Apr
2020-03-14,2019,2.767170715055813,2.6331822403423213,T_north,M2_RandomForest,Feb-Apr
2020-03-24,2019,2.7743362399855784,2.9969829704105586,T_north,M2_RandomForest,Feb-Apr
2020-11-09,2020,1.711424165211536,1.5066487888315467,T_north,M2_RandomForest,Nov-Jan
2020-11-14,2020,1.7382983023144443,1.4211319013670871,T_north,M2_RandomForest,Nov-Jan
2020-11-19,2020,4.861106290157083,3.750794763417986,T_north,M2_RandomForest,Nov-Jan
2020-11-24,2020,2.0499075276508605,1.9142990565319273,T_north,M2_RandomForest,Nov-Jan
2020-11-29,2020,1.100718369693552,1.4279406363268339,T_north,M2_RandomForest,Nov-Jan
2020-12-09,2020,4.993745247396052,3.5726249181743217,T_north,M2_RandomForest,Nov-Jan
2020-12-14,2020,2.192993892309863,1.8084787178839994,T_north,M2_RandomForest,Nov-Jan
2020-12-19,2020,2.671791337370448,2.3547693806366943,T_north,M2_RandomForest,Nov-Jan
2020-12-24,2020,1.8034644447951282,2.0953455650387527,T_north,M2_RandomForest,Nov-Jan
2021-01-03,2020,1.9976311588877165,1.669197323672584,T_north,M2_RandomForest,Nov-Jan
2021-01-08,2020,1.340525355149647,1.4786012100294803,T_north,M2_RandomForest,Nov-Jan
2021-01-13,2020,2.4332614047906485,2.2634348260453745,T_north,M2_RandomForest,Nov-Jan
2021-01-18,2020,2.112831459507838,2.071354456390193,T_north,M2_RandomForest,Nov-Jan
2021-01-23,2020,2.9419800835551944,3.2583397633682947,T_north,M2_RandomForest,Nov-Jan
2021-01-28,2020,2.108715011060895,2.2050641271505005,T_north,M2_RandomForest,Nov-Jan
2021-02-02,2020,2.1453812847173324,2.3009635376179185,T_north,M2_RandomForest,Feb-Apr
2021-02-07,2020,2.5776128934097993,2.5581229291780065,T_north,M2_RandomForest,Feb-Apr
2021-02-12,2020,2.470359816202814,2.3419311207676885,T_north,M2_RandomForest,Feb-Apr
2021-02-17,2020,2.598108620070425,2.3627509233118524,T_north,M2_RandomForest,Feb-Apr
2021-02-22,2020,2.083785398473268,2.2897038102899487,T_north,M2_RandomForest,Feb-Apr
2021-03-04,2020,2.7974527382574306,2.4947726940912656,T_north,M2_RandomForest,Feb-Apr
2021-03-09,2020,3.1654984256232064,3.197652229439763,T_north,M2_RandomForest,Feb-Apr
2021-03-14,2020,4.621943400305683,3.926182871071592,T_north,M2_RandomForest,Feb-Apr
2021-03-24,2020,2.736307470796989,3.0912133676398406,T_north,M2_RandomForest,Feb-Apr
2021-10-10,2021,3.2107295648127754,2.547413222911332,T_north,M2_RandomForest,May-Oct
2021-10-30,2021,2.1004494537812954,2.0309951121156535,T_north,M2_RandomForest,May-Oct
2021-11-09,2021,0.9596997459300435,1.4893202786254403,T_north,M2_RandomForest,Nov-Jan
2021-11-19,2021,1.4646056254790574,1.4649022192911725,T_north,M2_RandomForest,Nov-Jan
2021-11-24,2021,0.9893088127310613,1.3101777295045676,T_north,M2_RandomForest,Nov-Jan
2021-11-29,2021,1.6013713319024598,1.7629379140439378,T_north,M2_RandomForest,Nov-Jan
2021-12-09,2021,2.1004494537812968,1.5669718209461492,T_north,M2_RandomForest,Nov-Jan
2021-12-14,2021,2.221943170150425,1.9491337811459166,T_north,M2_RandomForest,Nov-Jan
2021-12-19,2021,1.1140061051291188,1.3495392022627262,T_north,M2_RandomForest,Nov-Jan
2021-12-24,2021,2.1494033864658713,2.135806049220822,T_north,M2_RandomForest,Nov-Jan
2021-12-29,2021,2.041319486138963,1.9729000997555546,T_north,M2_RandomForest,Nov-Jan
2022-01-08,2021,0.9395282704505301,1.3323669343743074,T_north,M2_RandomForest,Nov-Jan
2022-01-18,2021,1.3972059019991196,1.6745861798074613,T_north,M2_RandomForest,Nov-Jan
2022-01-23,2021,2.2046815986789663,2.0114980964293068,T_north,M2_RandomForest,Nov-Jan
2022-02-07,2021,2.4230157233147325,2.554989609474372,T_north,M2_RandomForest,Feb-Apr
2022-02-12,2021,4.878832272062282,4.308710942293461,T_north,M2_RandomForest,Feb-Apr
2022-02-17,2021,2.5328102925434894,2.513472824920039,T_north,M2_RandomForest,Feb-Apr
2022-02-22,2021,2.3460814269603296,2.3848651669162355,T_north,M2_RandomForest,Feb-Apr
2022-02-27,2021,1.5160439702574902,1.9382442001120774,T_north,M2_RandomForest,Feb-Apr
2022-03-04,2021,2.0370071077376535,2.324277847892957,T_north,M2_RandomForest,Feb-Apr
2022-03-09,2021,2.34250517538054,2.4224766184988287,T_north,M2_RandomForest,Feb-Apr
2022-03-14,2021,2.3172656174527795,2.51764263524251,T_north,M2_RandomForest,Feb-Apr
2022-03-19,2021,2.4161538913515286,2.57277329043803,T_north,M2_RandomForest,Feb-Apr
2022-03-24,2021,2.5553340674514127,2.5383303720358135,T_north,M2_RandomForest,Feb-Apr
2022-08-31,2022,2.3117950752394547,1.9078403049466777,T_north,M2_RandomForest,May-Oct
2022-10-05,2022,2.4282733145657933,2.619048547301462,T_north,M2_RandomForest,May-Oct
2022-10-10,2022,1.5033783159216574,1.7053482625100052,T_north,M2_RandomForest,May-Oct
2022-10-15,2022,2.76269770652226,2.593154946887986,T_north,M2_RandomForest,May-Oct
2022-10-20,2022,0.8440739009889877,1.5491471162859975,T_north,M2_RandomForest,May-Oct
2022-10-30,2022,2.2858096265468695,2.2621736549583984,T_north,M2_RandomForest,May-Oct
2022-11-04,2022,4.535788166298738,2.7529148705053252,T_north,M2_RandomForest,Nov-Jan
2022-11-09,2022,2.4434514165787666,2.297556747040665,T_north,M2_RandomForest,Nov-Jan
2022-11-14,2022,1.673598501173202,1.813580445029121,T_north,M2_RandomForest,Nov-Jan
2022-11-24,2022,2.354785716485943,2.3060224384703285,T_north,M2_RandomForest,Nov-Jan
2022-12-04,2022,1.730514314638771,1.863138589789366,T_north,M2_RandomForest,Nov-Jan
2022-12-09,2022,1.277347942696401,1.189748713430291,T_north,M2_RandomForest,Nov-Jan
2022-12-14,2022,2.709624131526501,2.560800627031869,T_north,M2_RandomForest,Nov-Jan
2022-12-24,2022,3.2199747533421905,3.796772934423413,T_north,M2_RandomForest,Nov-Jan
2022-12-29,2022,3.340358000870119,2.6859638573940665,T_north,M2_RandomForest,Nov-Jan
2023-01-03,2022,1.915594594698242,1.9896040058355393,T_north,M2_RandomForest,Nov-Jan
2023-01-08,2022,3.2241676921316773,3.2727656716794877,T_north,M2_RandomForest,Nov-Jan
2023-01-13,2022,1.4246029991483429,1.6873965737576972,T_north,M2_RandomForest,Nov-Jan
2023-01-18,2022,5.13457433058599,3.9884262082380983,T_north,M2_RandomForest,Nov-Jan
2023-01-23,2022,1.8385441156148217,2.1971140333935915,T_north,M2_RandomForest,Nov-Jan
2023-01-28,2022,2.5807761919392185,2.439174192031048,T_north,M2_RandomForest,Nov-Jan
2023-02-02,2022,2.509694751585956,2.231942498816603,T_north,M2_RandomForest,Feb-Apr
2023-02-07,2022,2.4298523696819783,2.489917582790519,T_north,M2_RandomForest,Feb-Apr
2023-02-12,2022,2.3849557060333133,2.3991215425733996,T_north,M2_RandomForest,Feb-Apr
2023-02-17,2022,2.5377184636222068,2.521594037586848,T_north,M2_RandomForest,Feb-Apr
2023-02-22,2022,2.697667028084685,3.2454128685483603,T_north,M2_RandomForest,Feb-Apr
2023-02-27,2022,1.9976311588877151,2.1847648305276843,T_north,M2_RandomForest,Feb-Apr
2023-03-04,2022,2.208558936101673,2.4237535110453265,T_north,M2_RandomForest,Feb-Apr
2023-03-09,2022,2.3638560407739306,2.5670005411348793,T_north,M2_RandomForest,Feb-Apr
2023-03-14,2022,2.4535866104385566,2.5019564965573067,T_north,M2_RandomForest,Feb-Apr
2023-03-29,2022,2.6430716096751588,2.675277253090179,T_north,M2_RandomForest,Feb-Apr
2023-09-25,2023,2.498156069599162,2.673083037515265,T_north,M2_RandomForest,May-Oct
2023-10-10,2023,2.3281270528856504,2.5929263424364875,T_north,M2_RandomForest,May-Oct
2023-10-15,2023,2.646139891445267,2.709763180556478,T_north,M2_RandomForest,May-Oct
2023-10-20,2023,1.277370824871418,1.5727645106985104,T_north,M2_RandomForest,May-Oct
2023-10-30,2023,1.4514123716218175,1.7962850321263368,T_north,M2_RandomForest,May-Oct
2023-11-09,2023,2.3532125228121292,2.353350605262399,T_north,M2_RandomForest,Nov-Jan
2023-11-14,2023,1.6814609110035792,1.8109157735305437,T_north,M2_RandomForest,Nov-Jan
2023-11-19,2023,1.3762541882539114,2.210421559580855,T_north,M2_RandomForest,Nov-Jan
2023-11-24,2023,1.1736513661641845,1.2511127552519894,T_north,M2_RandomForest,Nov-Jan
2023-12-09,2023,2.4400608285843286,2.4163019061881106,T_north,M2_RandomForest,Nov-Jan
2023-12-14,2023,2.2201366947737213,2.168786863755446,T_north,M2_RandomForest,Nov-Jan
2023-12-19,2023,1.6362923141628005,1.7081055319149265,T_north,M2_RandomForest,Nov-Jan
2023-12-24,2023,1.4109797497060899,1.6921612463232523,T_north,M2_RandomForest,Nov-Jan
2023-12-29,2023,2.010871553787599,2.086869136338055,T_north,M2_RandomForest,Nov-Jan
2024-01-03,2023,0.887488175270015,1.3368651007726409,T_north,M2_RandomForest,Nov-Jan
2024-01-08,2023,2.3189623441962532,1.9040254573868973,T_north,M2_RandomForest,Nov-Jan
2024-01-13,2023,2.1890792637674648,2.321438501277173,T_north,M2_RandomForest,Nov-Jan
2024-01-18,2023,2.273126109463391,2.2620083041244143,T_north,M2_RandomForest,Nov-Jan
2024-01-23,2023,1.4246029991483442,1.9688689342185066,T_north,M2_RandomForest,Nov-Jan
2024-01-28,2023,2.2468408648819578,2.422968356463331,T_north,M2_RandomForest,Nov-Jan
2024-02-02,2023,2.577612893409799,2.4932431832421305,T_north,M2_RandomForest,Feb-Apr
2024-02-07,2023,4.35530225872687,4.174074587547196,T_north,M2_RandomForest,Feb-Apr
2024-02-17,2023,4.645733138105921,4.218023863239306,T_north,M2_RandomForest,Feb-Apr
2024-02-22,2023,2.5744447886317996,2.455597867730873,T_north,M2_RandomForest,Feb-Apr
2024-02-27,2023,2.7333574507222727,2.667773020543356,T_north,M2_RandomForest,Feb-Apr
2024-03-03,2023,2.552131675588431,2.8141044016992125,T_north,M2_RandomForest,Feb-Apr
2024-03-08,2023,2.4770282436178093,2.5100349722335658,T_north,M2_RandomForest,Feb-Apr
2024-03-13,2023,2.409266571919166,2.53041126901282,T_north,M2_RandomForest,Feb-Apr
2024-03-18,2023,2.2239778731104836,2.5076266237004137,T_north,M2_RandomForest,Feb-Apr
2024-03-28,2023,2.4968970147440244,2.6832979345949646,T_north,M2_RandomForest,Feb-Apr
2024-04-12,2023,2.6152622021781013,3.197106594206822,T_north,M2_RandomForest,Feb-Apr
2024-04-27,2023,2.727446369090274,2.9026548628681135,T_north,M2_RandomForest,Feb-Apr
2024-05-12,2024,2.2085589361016713,2.158866920309463,T_north,M2_RandomForest,May-Oct
2024-09-19,2024,1.5895206313148822,2.0870303046650927,T_north,M2_RandomForest,May-Oct
2024-09-29,2024,2.3988871965399654,2.2514420469259813,T_north,M2_RandomForest,May-Oct
2024-10-09,2024,1.979792125423735,2.073844356236316,T_north,M2_RandomForest,May-Oct
2024-10-14,2024,2.400665887184116,2.0858953810340353,T_north,M2_RandomForest,May-Oct
2024-10-19,2024,4.038972178484344,2.703681912743087,T_north,M2_RandomForest,May-Oct
2024-10-29,2024,4.137887302166491,3.164578967495692,T_north,M2_RandomForest,May-Oct
2017-01-09,2016,1.1356160388213488,1.001714825630188,T_north,M3_XGBoost,Nov-Jan
2017-02-08,2016,1.9797921254237327,2.157203197479248,T_north,M3_XGBoost,Feb-Apr
2017-02-18,2016,2.0064711053035515,2.1325552463531494,T_north,M3_XGBoost,Feb-Apr
2017-10-16,2017,0.9746740623823881,1.608346700668335,T_north,M3_XGBoost,May-Oct
2017-11-05,2017,2.006471105303549,1.6662139892578125,T_north,M3_XGBoost,Nov-Jan
2017-11-10,2017,1.6362923141628005,1.6214293241500854,T_north,M3_XGBoost,Nov-Jan
2017-11-30,2017,0.8273931269664734,1.2832212448120117,T_north,M3_XGBoost,Nov-Jan
2017-12-15,2017,1.692517503394872,2.0250372886657715,T_north,M3_XGBoost,Nov-Jan
2017-12-20,2017,1.064752160522155,1.1818873882293701,T_north,M3_XGBoost,Nov-Jan
2017-12-30,2017,1.5126750277617393,1.35947585105896,T_north,M3_XGBoost,Nov-Jan
2018-01-04,2017,2.4670168588951276,2.018146514892578,T_north,M3_XGBoost,Nov-Jan
2018-01-09,2017,2.161409260774803,2.3622560501098633,T_north,M3_XGBoost,Nov-Jan
2018-01-19,2017,1.0647521605221546,1.3612717390060425,T_north,M3_XGBoost,Nov-Jan
2018-01-29,2017,2.075385679535225,2.382103204727173,T_north,M3_XGBoost,Nov-Jan
2018-02-13,2017,1.8919606357544645,1.84091317653656,T_north,M3_XGBoost,Feb-Apr
2018-02-23,2017,2.4703598162028135,2.5323710441589355,T_north,M3_XGBoost,Feb-Apr
2018-03-05,2017,2.633841219951268,2.562074899673462,T_north,M3_XGBoost,Feb-Apr
2018-03-10,2017,2.4770282436178124,2.180269718170166,T_north,M3_XGBoost,Feb-Apr
2018-04-09,2017,2.556880868509668,2.1900196075439453,T_north,M3_XGBoost,Feb-Apr
2018-10-16,2018,2.4703598162028126,2.221630096435547,T_north,M3_XGBoost,May-Oct
2018-11-25,2018,1.6477295934987697,1.6979860067367554,T_north,M3_XGBoost,Nov-Jan
2018-11-30,2018,1.2024684163076447,1.1474686861038208,T_north,M3_XGBoost,Nov-Jan
2018-12-10,2018,1.2186115714130077,1.0719654560089111,T_north,M3_XGBoost,Nov-Jan
2018-12-25,2018,1.9887383864643406,2.0761196613311768,T_north,M3_XGBoost,Nov-Jan
2018-12-30,2018,1.62475492055705,2.096590518951416,T_north,M3_XGBoost,Nov-Jan
2019-01-04,2018,1.17323217276864,1.6121488809585571,T_north,M3_XGBoost,Nov-Jan
2019-01-09,2018,1.8871866513180668,2.174513101577759,T_north,M3_XGBoost,Nov-Jan
2019-01-19,2018,2.5067562814010693,2.4783358573913574,T_north,M3_XGBoost,Nov-Jan
2019-01-24,2018,1.9249406808096123,1.7354762554168701,T_north,M3_XGBoost,Nov-Jan
2019-01-29,2018,4.684833658536261,4.120260715484619,T_north,M3_XGBoost,Nov-Jan
2019-02-03,2018,1.9249406808096097,2.0069377422332764,T_north,M3_XGBoost,Feb-Apr
2019-02-08,2018,1.4109797497060876,1.699083685874939,T_north,M3_XGBoost,Feb-Apr
2019-02-13,2018,1.4939739804113499,1.5540963411331177,T_north,M3_XGBoost,Feb-Apr
2019-02-18,2018,5.0690521613158035,4.149323463439941,T_north,M3_XGBoost,Feb-Apr
2019-02-23,2018,2.2768481387778947,2.3382816314697266,T_north,M3_XGBoost,Feb-Apr
2019-02-28,2018,2.254392850606307,2.2277419567108154,T_north,M3_XGBoost,Feb-Apr
2019-03-05,2018,3.287338422967116,3.0643608570098877,T_north,M3_XGBoost,Feb-Apr
2019-03-10,2018,2.440060828584328,2.5559535026550293,T_north,M3_XGBoost,Feb-Apr
2019-03-15,2018,2.3603153237181043,2.4593818187713623,T_north,M3_XGBoost,Feb-Apr
2019-03-20,2018,2.667499627699853,2.493473768234253,T_north,M3_XGBoost,Feb-Apr
2019-03-25,2018,3.5953903498888655,3.032604217529297,T_north,M3_XGBoost,Feb-Apr
2019-03-30,2018,2.7626977065222613,2.7853214740753174,T_north,M3_XGBoost,Feb-Apr
2019-04-04,2018,2.9005827481226754,2.5644302368164062,T_north,M3_XGBoost,Feb-Apr
2019-04-09,2018,2.7626977065222595,2.8170735836029053,T_north,M3_XGBoost,Feb-Apr
2019-09-26,2019,2.4902965807514543,2.3522427082061768,T_north,M3_XGBoost,May-Oct
2019-10-16,2019,1.3185783613765412,1.3201289176940918,T_north,M3_XGBoost,May-Oct
2019-10-21,2019,2.0435223071063247,1.8403240442276,T_north,M3_XGBoost,May-Oct
2019-10-31,2019,3.3939559999514834,2.433807611465454,T_north,M3_XGBoost,May-Oct
2019-11-05,2019,1.9108987709431915,2.2418370246887207,T_north,M3_XGBoost,Nov-Jan
2019-11-15,2019,2.5165665676685163,2.3317620754241943,T_north,M3_XGBoost,Nov-Jan
2019-11-20,2019,2.4535866104385566,1.4121448993682861,T_north,M3_XGBoost,Nov-Jan
2019-11-25,2019,1.9388477594480025,1.599651575088501,T_north,M3_XGBoost,Nov-Jan
2019-11-30,2019,1.2886884007267598,1.324474811553955,T_north,M3_XGBoost,Nov-Jan
2019-12-05,2019,1.0181777318039664,1.042169451713562,T_north,M3_XGBoost,Nov-Jan
2019-12-10,2019,1.8582022355906298,1.9957025051116943,T_north,M3_XGBoost,Nov-Jan
2019-12-15,2019,2.108715011060893,2.189189910888672,T_north,M3_XGBoost,Nov-Jan
2019-12-20,2019,2.2162864237090503,2.669872283935547,T_north,M3_XGBoost,Nov-Jan
2019-12-25,2019,1.9480459381578394,1.9588121175765991,T_north,M3_XGBoost,Nov-Jan
2019-12-30,2019,1.975298641814559,2.07710862159729,T_north,M3_XGBoost,Nov-Jan
2020-01-09,2019,1.5160439702574935,1.5624730587005615,T_north,M3_XGBoost,Nov-Jan
2020-01-14,2019,1.4905853851864137,1.5112991333007812,T_north,M3_XGBoost,Nov-Jan
2020-01-19,2019,1.0370317670132025,1.7468793392181396,T_north,M3_XGBoost,Nov-Jan
2020-01-24,2019,5.275045827301275,4.4212727546691895,T_north,M3_XGBoost,Nov-Jan
2020-01-29,2019,3.932090734383105,3.2417898178100586,T_north,M3_XGBoost,Nov-Jan
2020-02-03,2019,2.4869880404994933,2.5960192680358887,T_north,M3_XGBoost,Feb-Apr
2020-02-08,2019,2.092139823144559,2.35395884513855,T_north,M3_XGBoost,Feb-Apr
2020-02-13,2019,3.941116390413113,3.0656790733337402,T_north,M3_XGBoost,Feb-Apr
2020-02-18,2019,2.670534385531753,3.226637601852417,T_north,M3_XGBoost,Feb-Apr
2020-02-23,2019,2.2239778731104867,2.271772623062134,T_north,M3_XGBoost,Feb-Apr
2020-02-28,2019,2.3460814269603287,2.382321357727051,T_north,M3_XGBoost,Feb-Apr
2020-03-04,2019,2.3063361092878694,2.309553384780884,T_north,M3_XGBoost,Feb-Apr
2020-03-09,2019,2.419588038197315,2.3383991718292236,T_north,M3_XGBoost,Feb-Apr
2020-03-14,2019,2.767170715055813,2.6717567443847656,T_north,M3_XGBoost,Feb-Apr
2020-03-24,2019,2.7743362399855784,3.348344087600708,T_north,M3_XGBoost,Feb-Apr
2020-11-09,2020,1.711424165211536,1.2688122987747192,T_north,M3_XGBoost,Nov-Jan
2020-11-14,2020,1.7382983023144443,1.5741288661956787,T_north,M3_XGBoost,Nov-Jan
2020-11-19,2020,4.861106290157083,4.7705397605896,T_north,M3_XGBoost,Nov-Jan
2020-11-24,2020,2.0499075276508605,1.9609962701797485,T_north,M3_XGBoost,Nov-Jan
2020-11-29,2020,1.100718369693552,1.3342971801757812,T_north,M3_XGBoost,Nov-Jan
2020-12-09,2020,4.993745247396052,4.37330436706543,T_north,M3_XGBoost,Nov-Jan
2020-12-14,2020,2.192993892309863,1.7823060750961304,T_north,M3_XGBoost,Nov-Jan
2020-12-19,2020,2.671791337370448,2.26328444480896,T_north,M3_XGBoost,Nov-Jan
2020-12-24,2020,1.8034644447951282,1.9541256427764893,T_north,M3_XGBoost,Nov-Jan
2021-01-03,2020,1.9976311588877165,1.5361825227737427,T_north,M3_XGBoost,Nov-Jan
2021-01-08,2020,1.340525355149647,1.482741355895996,T_north,M3_XGBoost,Nov-Jan
2021-01-13,2020,2.4332614047906485,2.3093457221984863,T_north,M3_XGBoost,Nov-Jan
2021-01-18,2020,2.112831459507838,2.09065318107605,T_north,M3_XGBoost,Nov-Jan
2021-01-23,2020,2.9419800835551944,3.4966280460357666,T_north,M3_XGBoost,Nov-Jan
2021-01-28,2020,2.108715011060895,2.2425224781036377,T_north,M3_XGBoost,Nov-Jan
2021-02-02,2020,2.1453812847173324,2.4270033836364746,T_north,M3_XGBoost,Feb-Apr
2021-02-07,2020,2.5776128934097993,2.6161792278289795,T_north,M3_XGBoost,Feb-Apr
2021-02-12,2020,2.470359816202814,2.2351393699645996,T_north,M3_XGBoost,Feb-Apr
2021-02-17,2020,2.598108620070425,2.274127721786499,T_north,M3_XGBoost,Feb-Apr
2021-02-22,2020,2.083785398473268,2.1708598136901855,T_north,M3_XGBoost,Feb-Apr
2021-03-04,2020,2.7974527382574306,2.5881547927856445,T_north,M3_XGBoost,Feb-Apr
2021-03-09,2020,3.1654984256232064,3.3156492710113525,T_north,M3_XGBoost,Feb-Apr
2021-03-14,2020,4.621943400305683,3.6092638969421387,T_north,M3_XGBoost,Feb-Apr
2021-03-24,2020,2.736307470796989,3.25671648979187,T_north,M3_XGBoost,Feb-Apr
2021-10-10,2021,3.2107295648127754,2.7911136150360107,T_north,M3_XGBoost,May-Oct
2021-10-30,2021,2.1004494537812954,1.9771572351455688,T_north,M3_XGBoost,May-Oct
2021-11-09,2021,0.9596997459300435,1.3661350011825562,T_north,M3_XGBoost,Nov-Jan
2021-11-19,2021,1.4646056254790574,1.4499646425247192,T_north,M3_XGBoost,Nov-Jan
2021-11-24,2021,0.9893088127310613,1.1730509996414185,T_north,M3_XGBoost,Nov-Jan
2021-11-29,2021,1.6013713319024598,1.6683223247528076,T_north,M3_XGBoost,Nov-Jan
2021-12-09,2021,2.1004494537812968,1.390135645866394,T_north,M3_XGBoost,Nov-Jan
2021-12-14,2021,2.221943170150425,1.6618046760559082,T_north,M3_XGBoost,Nov-Jan
2021-12-19,2021,1.1140061051291188,1.1594209671020508,T_north,M3_XGBoost,Nov-Jan
2021-12-24,2021,2.1494033864658713,2.1902434825897217,T_north,M3_XGBoost,Nov-Jan
2021-12-29,2021,2.041319486138963,1.8657692670822144,T_north,M3_XGBoost,Nov-Jan
2022-01-08,2021,0.9395282704505301,1.0957796573638916,T_north,M3_XGBoost,Nov-Jan
2022-01-18,2021,1.3972059019991196,1.5934102535247803,T_north,M3_XGBoost,Nov-Jan
2022-01-23,2021,2.2046815986789663,2.043734312057495,T_north,M3_XGBoost,Nov-Jan
2022-02-07,2021,2.4230157233147325,2.621925115585327,T_north,M3_XGBoost,Feb-Apr
2022-02-12,2021,4.878832272062282,4.676061153411865,T_north,M3_XGBoost,Feb-Apr
2022-02-17,2021,2.5328102925434894,2.4624433517456055,T_north,M3_XGBoost,Feb-Apr
2022-02-22,2021,2.3460814269603296,2.367997646331787,T_north,M3_XGBoost,Feb-Apr
2022-02-27,2021,1.5160439702574902,1.6777360439300537,T_north,M3_XGBoost,Feb-Apr
2022-03-04,2021,2.0370071077376535,2.101245641708374,T_north,M3_XGBoost,Feb-Apr
2022-03-09,2021,2.34250517538054,2.393467426300049,T_north,M3_XGBoost,Feb-Apr
2022-03-14,2021,2.3172656174527795,2.586165428161621,T_north,M3_XGBoost,Feb-Apr
2022-03-19,2021,2.4161538913515286,2.4513156414031982,T_north,M3_XGBoost,Feb-Apr
2022-03-24,2021,2.5553340674514127,2.5629093647003174,T_north,M3_XGBoost,Feb-Apr
2022-08-31,2022,2.3117950752394547,1.8213509321212769,T_north,M3_XGBoost,May-Oct
2022-10-05,2022,2.4282733145657933,2.6297199726104736,T_north,M3_XGBoost,May-Oct
2022-10-10,2022,1.5033783159216574,1.7212152481079102,T_north,M3_XGBoost,May-Oct
2022-10-15,2022,2.76269770652226,2.872310161590576,T_north,M3_XGBoost,May-Oct
2022-10-20,2022,0.8440739009889877,1.3184874057769775,T_north,M3_XGBoost,May-Oct
2022-10-30,2022,2.2858096265468695,2.3939995765686035,T_north,M3_XGBoost,May-Oct
2022-11-04,2022,4.535788166298738,3.037175178527832,T_north,M3_XGBoost,Nov-Jan
2022-11-09,2022,2.4434514165787666,2.323856830596924,T_north,M3_XGBoost,Nov-Jan
2022-11-14,2022,1.673598501173202,1.792222261428833,T_north,M3_XGBoost,Nov-Jan
2022-11-24,2022,2.354785716485943,2.386455535888672,T_north,M3_XGBoost,Nov-Jan
2022-12-04,2022,1.730514314638771,1.8190596103668213,T_north,M3_XGBoost,Nov-Jan
2022-12-09,2022,1.277347942696401,1.17894446849823,T_north,M3_XGBoost,Nov-Jan
2022-12-14,2022,2.709624131526501,2.879779815673828,T_north,M3_XGBoost,Nov-Jan
2022-12-24,2022,3.2199747533421905,4.243510723114014,T_north,M3_XGBoost,Nov-Jan
2022-12-29,2022,3.340358000870119,2.985243558883667,T_north,M3_XGBoost,Nov-Jan
2023-01-03,2022,1.915594594698242,1.8799024820327759,T_north,M3_XGBoost,Nov-Jan
2023-01-08,2022,3.2241676921316773,3.7279772758483887,T_north,M3_XGBoost,Nov-Jan
2023-01-13,2022,1.4246029991483429,1.6482518911361694,T_north,M3_XGBoost,Nov-Jan
2023-01-18,2022,5.13457433058599,4.6703033447265625,T_north,M3_XGBoost,Nov-Jan
2023-01-23,2022,1.8385441156148217,2.146949529647827,T_north,M3_XGBoost,Nov-Jan
2023-01-28,2022,2.5807761919392185,2.3983511924743652,T_north,M3_XGBoost,Nov-Jan
2023-02-02,2022,2.509694751585956,2.186821460723877,T_north,M3_XGBoost,Feb-Apr
2023-02-07,2022,2.4298523696819783,2.5517961978912354,T_north,M3_XGBoost,Feb-Apr
2023-02-12,2022,2.3849557060333133,2.4942054748535156,T_north,M3_XGBoost,Feb-Apr
2023-02-17,2022,2.5377184636222068,2.511382579803467,T_north,M3_XGBoost,Feb-Apr
2023-02-22,2022,2.697667028084685,3.332993507385254,T_north,M3_XGBoost,Feb-Apr
2023-02-27,2022,1.9976311588877151,2.1833574771881104,T_north,M3_XGBoost,Feb-Apr
2023-03-04,2022,2.208558936101673,2.337853193283081,T_north,M3_XGBoost,Feb-Apr
2023-03-09,2022,2.3638560407739306,2.6155052185058594,T_north,M3_XGBoost,Feb-Apr
2023-03-14,2022,2.4535866104385566,2.464250326156616,T_north,M3_XGBoost,Feb-Apr
2023-03-29,2022,2.6430716096751588,2.683637857437134,T_north,M3_XGBoost,Feb-Apr
2023-09-25,2023,2.498156069599162,2.6205992698669434,T_north,M3_XGBoost,May-Oct
2023-10-10,2023,2.3281270528856504,2.902892589569092,T_north,M3_XGBoost,May-Oct
2023-10-15,2023,2.646139891445267,2.877346992492676,T_north,M3_XGBoost,May-Oct
2023-10-20,2023,1.277370824871418,1.5020493268966675,T_north,M3_XGBoost,May-Oct
2023-10-30,2023,1.4514123716218175,1.737420916557312,T_north,M3_XGBoost,May-Oct
2023-11-09,2023,2.3532125228121292,2.33713960647583,T_north,M3_XGBoost,Nov-Jan
2023-11-14,2023,1.6814609110035792,1.7841662168502808,T_north,M3_XGBoost,Nov-Jan
2023-11-19,2023,1.3762541882539114,2.320624828338623,T_north,M3_XGBoost,Nov-Jan
2023-11-24,2023,1.1736513661641845,1.0630550384521484,T_north,M3_XGBoost,Nov-Jan
2023-12-09,2023,2.4400608285843286,2.6170408725738525,T_north,M3_XGBoost,Nov-Jan
2023-12-14,2023,2.2201366947737213,2.2050869464874268,T_north,M3_XGBoost,Nov-Jan
2023-12-19,2023,1.6362923141628005,1.6429729461669922,T_north,M3_XGBoost,Nov-Jan
2023-12-24,2023,1.4109797497060899,1.4318511486053467,T_north,M3_XGBoost,Nov-Jan
2023-12-29,2023,2.010871553787599,2.1256837844848633,T_north,M3_XGBoost,Nov-Jan
2024-01-03,2023,0.887488175270015,1.109911322593689,T_north,M3_XGBoost,Nov-Jan
2024-01-08,2023,2.3189623441962532,1.842523455619812,T_north,M3_XGBoost,Nov-Jan
2024-01-13,2023,2.1890792637674648,2.3406357765197754,T_north,M3_XGBoost,Nov-Jan
2024-01-18,2023,2.273126109463391,2.1777169704437256,T_north,M3_XGBoost,Nov-Jan
2024-01-23,2023,1.4246029991483442,1.7793530225753784,T_north,M3_XGBoost,Nov-Jan
2024-01-28,2023,2.2468408648819578,2.2975594997406006,T_north,M3_XGBoost,Nov-Jan
2024-02-02,2023,2.577612893409799,2.4390478134155273,T_north,M3_XGBoost,Feb-Apr
2024-02-07,2023,4.35530225872687,4.554391384124756,T_north,M3_XGBoost,Feb-Apr
2024-02-17,2023,4.645733138105921,4.643143177032471,T_north,M3_XGBoost,Feb-Apr
2024-02-22,2023,2.5744447886317996,2.517656087875366,T_north,M3_XGBoost,Feb-Apr
2024-02-27,2023,2.7333574507222727,2.7001702785491943,T_north,M3_XGBoost,Feb-Apr
2024-03-03,2023,2.552131675588431,2.498478889465332,T_north,M3_XGBoost,Feb-Apr
2024-03-08,2023,2.4770282436178093,2.5363869667053223,T_north,M3_XGBoost,Feb-Apr
2024-03-13,2023,2.409266571919166,2.376049518585205,T_north,M3_XGBoost,Feb-Apr
2024-03-18,2023,2.2239778731104836,2.40444016456604,T_north,M3_XGBoost,Feb-Apr
2024-03-28,2023,2.4968970147440244,2.5191779136657715,T_north,M3_XGBoost,Feb-Apr
2024-04-12,2023,2.6152622021781013,3.3918635845184326,T_north,M3_XGBoost,Feb-Apr
2024-04-27,2023,2.727446369090274,3.3816516399383545,T_north,M3_XGBoost,Feb-Apr
2024-05-12,2024,2.2085589361016713,2.1343696117401123,T_north,M3_XGBoost,May-Oct
2024-09-19,2024,1.5895206313148822,2.226436138153076,T_north,M3_XGBoost,May-Oct
2024-09-29,2024,2.3988871965399654,2.1415152549743652,T_north,M3_XGBoost,May-Oct
2024-10-09,2024,1.979792125423735,1.9924428462982178,T_north,M3_XGBoost,May-Oct
2024-10-14,2024,2.400665887184116,2.1688249111175537,T_north,M3_XGBoost,May-Oct
2024-10-19,2024,4.038972178484344,2.9664294719696045,T_north,M3_XGBoost,May-Oct
2024-10-29,2024,4.137887302166491,3.7103030681610107,T_north,M3_XGBoost,May-Oct
2017-01-09,2016,0.9596997459300426,0.6756651796735508,T_east,M0_Ratio,Nov-Jan
2017-02-08,2016,2.015259118982352,2.0944183799609277,T_east,M0_Ratio,Feb-Apr
2017-02-18,2016,2.032682501874367,2.0758963620049564,T_east,M0_Ratio,Feb-Apr
2017-10-16,2017,0.041680279348103255,-0.8383810452312555,T_east,M0_Ratio,May-Oct
2017-11-05,2017,1.565490346668194,1.0805300777279734,T_east,M0_Ratio,Nov-Jan
2017-11-10,2017,1.3259378031353592,1.1297854783331072,T_east,M0_Ratio,Nov-Jan
2017-11-30,2017,0.5115324844400243,0.4199025806470214,T_east,M0_Ratio,Nov-Jan
2017-12-15,2017,1.6534113289172505,1.7816644348390653,T_east,M0_Ratio,Nov-Jan
2017-12-20,2017,0.5409771967212752,0.37697493621877975,T_east,M0_Ratio,Nov-Jan
2017-12-30,2017,0.9496582510855396,0.8344505282352588,T_east,M0_Ratio,Nov-Jan
2018-01-04,2017,2.133253554676887,2.26107621504941,T_east,M0_Ratio,Nov-Jan
2018-01-09,2017,2.019633899430622,2.380740808596346,T_east,M0_Ratio,Nov-Jan
2018-01-19,2017,0.9395282704505294,0.9754797432594902,T_east,M0_Ratio,Nov-Jan
2018-01-29,2017,2.049907527650859,2.3215712745331776,T_east,M0_Ratio,Nov-Jan
2018-02-13,2017,1.8533133512772435,1.7728006098083795,T_east,M0_Ratio,Feb-Apr
2018-02-23,2017,2.561724004057776,2.6206738710142985,T_east,M0_Ratio,Feb-Apr
2018-03-05,2017,2.5230799187395525,2.590006269689323,T_east,M0_Ratio,Feb-Apr
2018-03-10,2017,2.4230157233147325,2.4176297673426377,T_east,M0_Ratio,Feb-Apr
2018-04-09,2017,1.993191458413503,2.221577212688275,T_east,M0_Ratio,Feb-Apr
2018-10-16,2018,1.8286108750081531,1.893684997523698,T_east,M0_Ratio,May-Oct
2018-11-25,2018,1.3549414983779462,1.5061199986156875,T_east,M0_Ratio,Nov-Jan
2018-11-30,2018,1.1735830199094441,0.8520116396424342,T_east,M0_Ratio,Nov-Jan
2018-12-10,2018,0.8217267647990589,0.7539153549975857,T_east,M0_Ratio,Nov-Jan
2018-12-25,2018,1.8727683544109746,1.7600643328200658,T_east,M0_Ratio,Nov-Jan
2018-12-30,2018,1.6647023400954757,1.7873906722605213,T_east,M0_Ratio,Nov-Jan
2019-01-04,2018,1.027643009700792,1.1506217592235146,T_east,M0_Ratio,Nov-Jan
2019-01-09,2018,1.8823967448837036,1.8675178563689574,T_east,M0_Ratio,Nov-Jan
2019-01-19,2018,2.5067562814010693,2.6671594050331073,T_east,M0_Ratio,Nov-Jan
2019-01-24,2018,1.571539801049876,1.6960797568285217,T_east,M0_Ratio,Nov-Jan
2019-01-29,2018,4.521850117967461,4.527748221372628,T_east,M0_Ratio,Nov-Jan
2019-02-03,2018,1.9014609296543872,1.9154553821255214,T_east,M0_Ratio,Feb-Apr
2019-02-08,2018,1.1269880356340551,1.0415026632737725,T_east,M0_Ratio,Feb-Apr
2019-02-13,2018,1.5097268696597224,1.5343961738531149,T_east,M0_Ratio,Feb-Apr
2019-02-18,2018,5.277708864130028,4.791039360682186,T_east,M0_Ratio,Feb-Apr
2019-02-23,2018,2.2468408648819578,2.4701940735437513,T_east,M0_Ratio,Feb-Apr
2019-02-28,2018,2.177278742322497,2.208416695392155,T_east,M0_Ratio,Feb-Apr
2019-03-05,2018,3.6518689663314556,3.429480020728568,T_east,M0_Ratio,Feb-Apr
2019-03-10,2018,2.3988871965399587,2.426717384717471,T_east,M0_Ratio,Feb-Apr
2019-03-15,2018,2.3460814269603296,2.5486342237395783,T_east,M0_Ratio,Feb-Apr
2019-03-20,2018,2.443451416578767,2.4940119891164816,T_east,M0_Ratio,Feb-Apr
2019-03-25,2018,3.0146971102325786,2.9699435592465426,T_east,M0_Ratio,Feb-Apr
2019-03-30,2018,3.048029820766842,3.2707367901951225,T_east,M0_Ratio,Feb-Apr
2019-04-04,2018,2.7743362399855784,2.634828121808289,T_east,M0_Ratio,Feb-Apr
2019-04-09,2018,3.527561324331402,2.6903508116369266,T_east,M0_Ratio,Feb-Apr
2019-09-26,2019,2.116937124822366,2.1221301806657866,T_east,M0_Ratio,May-Oct
2019-10-16,2019,0.5115324844400264,0.06433747796405051,T_east,M0_Ratio,May-Oct
2019-10-21,2019,1.8186066933605225,1.3259342982441926,T_east,M0_Ratio,May-Oct
2019-10-31,2019,2.299011356803433,2.085902345563484,T_east,M0_Ratio,May-Oct
2019-11-05,2019,1.9480459381578406,1.8264443734725164,T_east,M0_Ratio,Nov-Jan
2019-11-15,2019,1.4178099647548879,1.8677026156301624,T_east,M0_Ratio,Nov-Jan
2019-11-20,2019,1.509726869659719,0.9951285440035575,T_east,M0_Ratio,Nov-Jan
2019-11-25,2019,1.8286108750081553,1.4867119143826248,T_east,M0_Ratio,Nov-Jan
2019-11-30,2019,1.2734633086511276,0.8829564046987126,T_east,M0_Ratio,Nov-Jan
2019-12-05,2019,1.0276430097007927,0.7270237348003589,T_east,M0_Ratio,Nov-Jan
2019-12-10,2019,1.9480459381578397,1.8704809104374807,T_east,M0_Ratio,Nov-Jan
2019-12-15,2019,1.9388477594480023,1.8948294616905441,T_east,M0_Ratio,Nov-Jan
2019-12-20,2019,2.2619111016918168,2.490508835674203,T_east,M0_Ratio,Nov-Jan
2019-12-25,2019,1.5835546417041784,1.7776467998839434,T_east,M0_Ratio,Nov-Jan
2019-12-30,2019,1.915594594698243,1.915040758994873,T_east,M0_Ratio,Nov-Jan
2020-01-09,2019,1.630536261299778,1.6821258897071014,T_east,M0_Ratio,Nov-Jan
2020-01-14,2019,1.703483584104775,1.505632988062339,T_east,M0_Ratio,Nov-Jan
2020-01-19,2019,1.0555850177450126,1.2073991605972143,T_east,M0_Ratio,Nov-Jan
2020-01-24,2019,5.223701592578758,5.31931719189854,T_east,M0_Ratio,Nov-Jan
2020-01-29,2019,4.206890790519459,4.33831290418817,T_east,M0_Ratio,Nov-Jan
2020-02-03,2019,2.3353307748607084,2.5698398176103985,T_east,M0_Ratio,Feb-Apr
2020-02-08,2019,2.1890792637674648,2.3213504818749517,T_east,M0_Ratio,Feb-Apr
2020-02-13,2019,4.303876135233221,4.144370083299099,T_east,M0_Ratio,Feb-Apr
2020-02-18,2019,2.718552065895062,2.840121312586731,T_east,M0_Ratio,Feb-Apr
2020-02-23,2019,2.2162864237090507,2.186420346776201,T_east,M0_Ratio,Feb-Apr
2020-02-28,2019,2.302677679671272,2.46876224827345,T_east,M0_Ratio,Feb-Apr
2020-03-04,2019,2.4023534584795447,2.3811816284944474,T_east,M0_Ratio,Feb-Apr
2020-03-09,2019,2.239254700138034,2.2337445510536202,T_east,M0_Ratio,Feb-Apr
2020-03-14,2019,2.797452761631155,2.685001079036516,T_east,M0_Ratio,Feb-Apr
2020-03-24,2019,2.765612518500798,2.770025099835673,T_east,M0_Ratio,Feb-Apr
2020-11-09,2020,1.218611571413007,0.9799915608276019,T_east,M0_Ratio,Nov-Jan
2020-11-14,2020,1.258044372040549,0.6693664682104897,T_east,M0_Ratio,Nov-Jan
2020-11-19,2020,4.807906470719241,4.91852152096415,T_east,M0_Ratio,Nov-Jan
2020-11-24,2020,1.5223299759990385,1.7535389834051327,T_east,M0_Ratio,Nov-Jan
2020-11-29,2020,0.5975971033970151,0.8378767763411479,T_east,M0_Ratio,Nov-Jan
2020-12-09,2020,5.088502723221634,5.090797999345959,T_east,M0_Ratio,Nov-Jan
2020-12-14,2020,1.8186066933605234,1.7612678418798577,T_east,M0_Ratio,Nov-Jan
2020-12-19,2020,2.1291901860152262,2.5304058763192065,T_east,M0_Ratio,Nov-Jan
2020-12-24,2020,1.867929593539534,2.0593742505781747,T_east,M0_Ratio,Nov-Jan
2021-01-03,2020,1.6305362612997807,1.6367310761571852,T_east,M0_Ratio,Nov-Jan
2021-01-08,2020,1.2502604731257545,1.2258525029386362,T_east,M0_Ratio,Nov-Jan
2021-01-13,2020,2.349650616626287,2.396186980502643,T_east,M0_Ratio,Nov-Jan
2021-01-18,2020,1.9976311588877156,2.0758696839263457,T_east,M0_Ratio,Nov-Jan
2021-01-23,2020,3.1601814791971754,3.260488496373696,T_east,M0_Ratio,Nov-Jan
2021-01-28,2020,1.9707914463644467,2.174375175522923,T_east,M0_Ratio,Nov-Jan
2021-02-02,2020,2.023995992612391,2.148981103522284,T_east,M0_Ratio,Feb-Apr
2021-02-07,2020,2.5034753023025442,2.6761543007190634,T_east,M0_Ratio,Feb-Apr
2021-02-12,2020,2.353212522812129,2.4558722009255223,T_east,M0_Ratio,Feb-Apr
2021-02-17,2020,2.18122175326693,2.455915171263831,T_east,M0_Ratio,Feb-Apr
2021-02-22,2020,2.0020576739088645,2.1785636895200544,T_east,M0_Ratio,Feb-Apr
2021-03-04,2020,3.127080175663256,2.543500488051326,T_east,M0_Ratio,Feb-Apr
2021-03-09,2020,2.79169329290817,3.1586000067188675,T_east,M0_Ratio,Feb-Apr
2021-03-14,2020,4.272873570158218,4.484018873291877,T_east,M0_Ratio,Feb-Apr
2021-03-24,2020,2.718552065895059,3.2636811103482217,T_east,M0_Ratio,Feb-Apr
2021-10-10,2021,2.599656185867491,2.3365483166153522,T_east,M0_Ratio,May-Oct
2021-10-30,2021,1.4939268781941024,1.398993521376246,T_east,M0_Ratio,May-Oct
2021-11-09,2021,0.8217267647990603,0.6332003705841879,T_east,M0_Ratio,Nov-Jan
2021-11-19,2021,1.2266022705533157,0.577644210894013,T_east,M0_Ratio,Nov-Jan
2021-11-24,2021,0.8440739009889882,0.37973862895441346,T_east,M0_Ratio,Nov-Jan
2021-11-29,2021,1.5533058248100824,1.3927902520280733,T_east,M0_Ratio,Nov-Jan
2021-12-09,2021,1.226602270553318,1.189366362536957,T_east,M0_Ratio,Nov-Jan
2021-12-14,2021,1.7778536192756877,1.8278170403352267,T_east,M0_Ratio,Nov-Jan
2021-12-19,2021,0.7518978340081227,0.7563714038422369,T_east,M0_Ratio,Nov-Jan
2021-12-24,2021,1.8848568445434972,2.13852460575016,T_east,M0_Ratio,Nov-Jan
2021-12-29,2021,1.9526233505273103,1.9884899540342458,T_east,M0_Ratio,Nov-Jan
2022-01-08,2021,0.798928608544117,0.6364014995805801,T_east,M0_Ratio,Nov-Jan
2022-01-13,2021,2.1045877019293706,1.7917971300821782,T_east,M0_Ratio,Nov-Jan
2022-01-18,2021,1.1943144083070303,1.4775603555189383,T_east,M0_Ratio,Nov-Jan
2022-01-23,2021,2.037007107737654,2.0734178107485532,T_east,M0_Ratio,Nov-Jan
2022-02-07,2021,2.453586610438556,2.6422542199056016,T_east,M0_Ratio,Feb-Apr
2022-02-12,2021,4.856818570529696,4.969402169942107,T_east,M0_Ratio,Feb-Apr
2022-02-17,2021,2.4195880381973183,2.542658123656155,T_east,M0_Ratio,Feb-Apr
2022-02-22,2021,2.295337364429322,2.2908663970863694,T_east,M0_Ratio,Feb-Apr
2022-02-27,2021,1.5654903466681964,1.6251570008542036,T_east,M0_Ratio,Feb-Apr
2022-03-04,2021,1.9662704302229046,2.1198653116366772,T_east,M0_Ratio,Feb-Apr
2022-03-09,2021,2.391934677377478,2.4428448513166368,T_east,M0_Ratio,Feb-Apr
2022-03-14,2021,2.402353458479545,2.5653633892287693,T_east,M0_Ratio,Feb-Apr
2022-03-19,2021,2.398887196539959,2.4858170259315813,T_east,M0_Ratio,Feb-Apr
2022-03-24,2021,2.542493989333495,2.3956809110477604,T_east,M0_Ratio,Feb-Apr
2022-08-31,2022,1.9249406808096117,1.2779561072963368,T_east,M0_Ratio,May-Oct
2022-10-05,2022,2.2354485886177646,2.4589608630046844,T_east,M0_Ratio,May-Oct
2022-10-10,2022,0.401726074742795,-0.3786223604238882,T_east,M0_Ratio,May-Oct
2022-10-15,2022,2.2239778731104876,2.242638877563551,T_east,M0_Ratio,May-Oct
2022-10-20,2022,0.3158707858863335,0.5656957153252684,T_east,M0_Ratio,May-Oct
2022-10-30,2022,1.843484440374583,1.9651786883748805,T_east,M0_Ratio,May-Oct
2022-11-09,2022,2.161409260774802,2.1593877544087055,T_east,M0_Ratio,Nov-Jan
2022-11-14,2022,0.9696542244231223,1.3600956017496402,T_east,M0_Ratio,Nov-Jan
2022-11-24,2022,2.087968279996181,2.1688982084263277,T_east,M0_Ratio,Nov-Jan
2022-12-04,2022,1.5410050331863245,1.7109773875843324,T_east,M0_Ratio,Nov-Jan
2022-12-09,2022,0.9496582510855393,0.7315622892971414,T_east,M0_Ratio,Nov-Jan
2022-12-14,2022,2.532810292543491,2.869396822575847,T_east,M0_Ratio,Nov-Jan
2022-12-24,2022,2.783029705939154,4.228014366833125,T_east,M0_Ratio,Nov-Jan
2022-12-29,2022,2.788808685013992,3.2303222919518846,T_east,M0_Ratio,Nov-Jan
2023-01-03,2022,1.9480459381578423,1.970848288875969,T_east,M0_Ratio,Nov-Jan
2023-01-08,2022,3.578640196627236,3.745481287028327,T_east,M0_Ratio,Nov-Jan
2023-01-13,2022,1.4209706612573203,1.5660972451406865,T_east,M0_Ratio,Nov-Jan
2023-01-18,2022,5.2655777212932025,5.34633638569198,T_east,M0_Ratio,Nov-Jan
2023-01-23,2022,1.9061875919223534,2.1950671818456295,T_east,M0_Ratio,Nov-Jan
2023-01-28,2022,2.3849557060333155,2.559711864673481,T_east,M0_Ratio,Nov-Jan
2023-02-02,2022,2.3281270528856504,2.2184764008182665,T_east,M0_Ratio,Feb-Apr
2023-02-07,2022,2.4332614047906467,2.6179853485889892,T_east,M0_Ratio,Feb-Apr
2023-02-12,2022,2.436664254409141,2.5369211903629942,T_east,M0_Ratio,Feb-Apr
2023-02-17,2022,2.5001889722021082,2.6677652851567966,T_east,M0_Ratio,Feb-Apr
2023-02-22,2022,3.6581744690498663,3.6807551616274683,T_east,M0_Ratio,Feb-Apr
2023-02-27,2022,2.028345494960213,2.1356064295775816,T_east,M0_Ratio,Feb-Apr
2023-03-04,2022,2.2201366947737204,2.4628594777676702,T_east,M0_Ratio,Feb-Apr
2023-03-09,2022,2.2842677753981957,2.5539737808429015,T_east,M0_Ratio,Feb-Apr
2023-03-14,2022,2.709624131526499,2.463075311297881,T_east,M0_Ratio,Feb-Apr
2023-03-29,2022,2.727446369090273,2.6794453886184124,T_east,M0_Ratio,Feb-Apr
2023-09-15,2023,3.5906378996173993,2.7454084347570875,T_east,M0_Ratio,May-Oct
2023-09-25,2023,2.2842677753981944,2.238580232756699,T_east,M0_Ratio,May-Oct
2023-10-10,2023,2.35676745490369,2.2673759423379223,T_east,M0_Ratio,May-Oct
2023-10-15,2023,2.153415369635297,2.412243590901271,T_east,M0_Ratio,May-Oct
2023-10-20,2023,0.4965073679514247,0.10282234296765164,T_east,M0_Ratio,May-Oct
2023-10-30,2023,0.9596997459300435,1.1215962101603103,T_east,M0_Ratio,May-Oct
2023-11-09,2023,2.204681598678963,2.197511445224419,T_east,M0_Ratio,Nov-Jan
2023-11-14,2023,1.553305824810081,1.5378857086968671,T_east,M0_Ratio,Nov-Jan
2023-11-19,2023,1.3259378031353588,1.851168212804609,T_east,M0_Ratio,Nov-Jan
2023-11-24,2023,0.9696542244231228,0.546749622877093,T_east,M0_Ratio,Nov-Jan
2023-12-09,2023,2.0921398231445587,2.42047244327951,T_east,M0_Ratio,Nov-Jan
2023-12-14,2023,1.9061875919223532,2.0373557786145478,T_east,M0_Ratio,Nov-Jan
2023-12-19,2023,1.4938724646209809,1.4877928260382034,T_east,M0_Ratio,Nov-Jan
2023-12-24,2023,1.4041118872689258,1.4711945481443673,T_east,M0_Ratio,Nov-Jan
2023-12-29,2023,1.9752986418145575,2.1507195617344648,T_east,M0_Ratio,Nov-Jan
2024-01-03,2023,0.8329554767263914,0.7863765483059001,T_east,M0_Ratio,Nov-Jan
2024-01-08,2023,1.6420233394340629,1.7911631961872176,T_east,M0_Ratio,Nov-Jan
2024-01-13,2023,2.145381284717333,2.260105155661451,T_east,M0_Ratio,Nov-Jan
2024-01-18,2023,2.3245140141648424,2.3850435645872055,T_east,M0_Ratio,Nov-Jan
2024-01-23,2023,1.4313593111200733,1.72079766169827,T_east,M0_Ratio,Nov-Jan
2024-01-28,2023,2.470359816202812,2.239084282887765,T_east,M0_Ratio,Nov-Jan
2024-02-02,2023,2.587088359558297,2.6749318909092246,T_east,M0_Ratio,Feb-Apr
2024-02-07,2023,4.737360160874043,4.6119020664324415,T_east,M0_Ratio,Feb-Apr
2024-02-12,2023,4.414766798782416,4.05219494897063,T_east,M0_Ratio,Feb-Apr
2024-02-17,2023,4.825488033260379,4.88700955349669,T_east,M0_Ratio,Feb-Apr
2024-02-22,2023,2.6027864630522277,2.605532737616494,T_east,M0_Ratio,Feb-Apr
2024-02-27,2023,2.7244852678682134,2.7196798383630023,T_east,M0_Ratio,Feb-Apr
2024-03-03,2023,2.6765918120022074,2.7502682654376387,T_east,M0_Ratio,Feb-Apr
2024-03-08,2023,2.5295721138793485,2.6172947448685657,T_east,M0_Ratio,Feb-Apr
2024-03-13,2023,2.416153891351526,2.444774963933452,T_east,M0_Ratio,Feb-Apr
2024-03-18,2023,2.227810304324792,2.388854033779285,T_east,M0_Ratio,Feb-Apr
2024-03-28,2023,2.612150045961738,2.627292103860401,T_east,M0_Ratio,Feb-Apr
2024-04-12,2023,2.759779556268466,3.293034384361536,T_east,M0_Ratio,Feb-Apr
2024-04-27,2023,2.661417685595354,2.5773083115497775,T_east,M0_Ratio,Feb-Apr
2024-05-12,2024,2.0795912520018978,1.661818377292203,T_east,M0_Ratio,May-Oct
2024-09-19,2024,0.9795233911690108,1.346034995606579,T_east,M0_Ratio,May-Oct
2024-09-29,2024,2.1251164124266397,1.8521307910189528,T_east,M0_Ratio,May-Oct
2024-10-09,2024,1.424602999148343,1.361889609099463,T_east,M0_Ratio,May-Oct
2024-10-14,2024,1.9249406808096097,1.8361604764094412,T_east,M0_Ratio,May-Oct
2024-10-19,2024,4.279100733157384,2.494627662133853,T_east,M0_Ratio,May-Oct
2024-10-29,2024,2.75393273197916,3.2790376447064444,T_east,M0_Ratio,May-Oct
2017-01-09,2016,0.9596997459300426,0.7578754455189649,T_east,M1_Ridge,Nov-Jan
2017-02-08,2016,2.015259118982352,2.0427209233993784,T_east,M1_Ridge,Feb-Apr
2017-02-18,2016,2.032682501874367,2.069097401146602,T_east,M1_Ridge,Feb-Apr
2017-10-16,2017,0.041680279348103255,-0.2589852037383791,T_east,M1_Ridge,May-Oct
2017-11-05,2017,1.565490346668194,1.4260858104565504,T_east,M1_Ridge,Nov-Jan
2017-11-10,2017,1.3259378031353592,1.4025309994069595,T_east,M1_Ridge,Nov-Jan
2017-11-30,2017,0.5115324844400243,0.5624479088771828,T_east,M1_Ridge,Nov-Jan
2017-12-15,2017,1.6534113289172505,1.621879592778165,T_east,M1_Ridge,Nov-Jan
2017-12-20,2017,0.5409771967212752,0.5257671391266001,T_east,M1_Ridge,Nov-Jan
2017-12-30,2017,0.9496582510855396,0.9556238767894025,T_east,M1_Ridge,Nov-Jan
2018-01-04,2017,2.133253554676887,1.6006941578251475,T_east,M1_Ridge,Nov-Jan
2018-01-09,2017,2.019633899430622,2.20345629253302,T_east,M1_Ridge,Nov-Jan
2018-01-19,2017,0.9395282704505294,1.0263255341613602,T_east,M1_Ridge,Nov-Jan
2018-01-29,2017,2.049907527650859,2.207849161948858,T_east,M1_Ridge,Nov-Jan
2018-02-13,2017,1.8533133512772435,1.7432205740552515,T_east,M1_Ridge,Feb-Apr
2018-02-23,2017,2.561724004057776,2.6449319569164382,T_east,M1_Ridge,Feb-Apr
2018-03-05,2017,2.5230799187395525,2.726197756679268,T_east,M1_Ridge,Feb-Apr
2018-03-10,2017,2.4230157233147325,2.3182605838965777,T_east,M1_Ridge,Feb-Apr
2018-04-09,2017,1.993191458413503,2.4218291662399745,T_east,M1_Ridge,Feb-Apr
2018-10-16,2018,1.8286108750081531,0.9341871572874947,T_east,M1_Ridge,May-Oct
2018-11-25,2018,1.3549414983779462,1.643046211855907,T_east,M1_Ridge,Nov-Jan
2018-11-30,2018,1.1735830199094441,1.0017090914137077,T_east,M1_Ridge,Nov-Jan
2018-12-10,2018,0.8217267647990589,0.9108714012073855,T_east,M1_Ridge,Nov-Jan
2018-12-25,2018,1.8727683544109746,1.8521224740881688,T_east,M1_Ridge,Nov-Jan
2018-12-30,2018,1.6647023400954757,1.7435130684661821,T_east,M1_Ridge,Nov-Jan
2019-01-04,2018,1.027643009700792,1.1198767645056253,T_east,M1_Ridge,Nov-Jan
2019-01-09,2018,1.8823967448837036,1.8120039855401524,T_east,M1_Ridge,Nov-Jan
2019-01-19,2018,2.5067562814010693,2.568772125376039,T_east,M1_Ridge,Nov-Jan
2019-01-24,2018,1.571539801049876,1.8350771649063702,T_east,M1_Ridge,Nov-Jan
2019-01-29,2018,4.521850117967461,4.093076425131557,T_east,M1_Ridge,Nov-Jan
2019-02-03,2018,1.9014609296543872,1.842904788965547,T_east,M1_Ridge,Feb-Apr
2019-02-08,2018,1.1269880356340551,1.1628243736551052,T_east,M1_Ridge,Feb-Apr
2019-02-13,2018,1.5097268696597224,1.5423942348280646,T_east,M1_Ridge,Feb-Apr
2019-02-18,2018,5.277708864130028,4.591872733194464,T_east,M1_Ridge,Feb-Apr
2019-02-23,2018,2.2468408648819578,2.5632808517606924,T_east,M1_Ridge,Feb-Apr
2019-02-28,2018,2.177278742322497,2.180089477359796,T_east,M1_Ridge,Feb-Apr
2019-03-05,2018,3.6518689663314556,3.289569737015003,T_east,M1_Ridge,Feb-Apr
2019-03-10,2018,2.3988871965399587,2.4509574570698893,T_east,M1_Ridge,Feb-Apr
2019-03-15,2018,2.3460814269603296,2.4471991440242995,T_east,M1_Ridge,Feb-Apr
2019-03-20,2018,2.443451416578767,2.5778163902521256,T_east,M1_Ridge,Feb-Apr
2019-03-25,2018,3.0146971102325786,2.9059765618638456,T_east,M1_Ridge,Feb-Apr
2019-03-30,2018,3.048029820766842,3.0953992259379266,T_east,M1_Ridge,Feb-Apr
2019-04-04,2018,2.7743362399855784,2.71429724065888,T_east,M1_Ridge,Feb-Apr
2019-04-09,2018,3.527561324331402,2.73950209465497,T_east,M1_Ridge,Feb-Apr
2019-09-26,2019,2.116937124822366,2.329852174240568,T_east,M1_Ridge,May-Oct
2019-10-16,2019,0.5115324844400264,0.20480922009135605,T_east,M1_Ridge,May-Oct
2019-10-21,2019,1.8186066933605225,1.4792859911260423,T_east,M1_Ridge,May-Oct
2019-10-31,2019,2.299011356803433,2.2611920908795704,T_east,M1_Ridge,May-Oct
2019-11-05,2019,1.9480459381578406,1.7895896137974165,T_east,M1_Ridge,Nov-Jan
2019-11-15,2019,1.4178099647548879,1.8160714753426768,T_east,M1_Ridge,Nov-Jan
2019-11-20,2019,1.509726869659719,1.0931750281159165,T_east,M1_Ridge,Nov-Jan
2019-11-25,2019,1.8286108750081553,1.6359861264584126,T_east,M1_Ridge,Nov-Jan
2019-11-30,2019,1.2734633086511276,0.9838992270067421,T_east,M1_Ridge,Nov-Jan
2019-12-05,2019,1.0276430097007927,0.7911408408804195,T_east,M1_Ridge,Nov-Jan
2019-12-10,2019,1.9480459381578397,1.8829052986091697,T_east,M1_Ridge,Nov-Jan
2019-12-15,2019,1.9388477594480023,1.8943626030461884,T_east,M1_Ridge,Nov-Jan
2019-12-20,2019,2.2619111016918168,2.342528741962363,T_east,M1_Ridge,Nov-Jan
2019-12-25,2019,1.5835546417041784,1.7173016583841445,T_east,M1_Ridge,Nov-Jan
2019-12-30,2019,1.915594594698243,1.9469549575794853,T_east,M1_Ridge,Nov-Jan
2020-01-09,2019,1.630536261299778,1.7155441703325771,T_east,M1_Ridge,Nov-Jan
2020-01-14,2019,1.703483584104775,1.6445706295899902,T_east,M1_Ridge,Nov-Jan
2020-01-19,2019,1.0555850177450126,1.3146107983475022,T_east,M1_Ridge,Nov-Jan
2020-01-24,2019,5.223701592578758,4.884669510557329,T_east,M1_Ridge,Nov-Jan
2020-01-29,2019,4.206890790519459,4.033978529670405,T_east,M1_Ridge,Nov-Jan
2020-02-03,2019,2.3353307748607084,2.3801886980413194,T_east,M1_Ridge,Feb-Apr
2020-02-08,2019,2.1890792637674648,2.2768898964674857,T_east,M1_Ridge,Feb-Apr
2020-02-13,2019,4.303876135233221,3.954180285683269,T_east,M1_Ridge,Feb-Apr
2020-02-18,2019,2.718552065895062,2.7128143176618478,T_east,M1_Ridge,Feb-Apr
2020-02-23,2019,2.2162864237090507,2.2918043226792797,T_east,M1_Ridge,Feb-Apr
2020-02-28,2019,2.302677679671272,2.432051914425422,T_east,M1_Ridge,Feb-Apr
2020-03-04,2019,2.4023534584795447,2.3275349933578644,T_east,M1_Ridge,Feb-Apr
2020-03-09,2019,2.239254700138034,2.3256585139142416,T_east,M1_Ridge,Feb-Apr
2020-03-14,2019,2.797452761631155,2.7220825762071565,T_east,M1_Ridge,Feb-Apr
2020-03-24,2019,2.765612518500798,2.7667981394786767,T_east,M1_Ridge,Feb-Apr
2020-11-09,2020,1.218611571413007,1.2222937637578561,T_east,M1_Ridge,Nov-Jan
2020-11-14,2020,1.258044372040549,1.088548134389139,T_east,M1_Ridge,Nov-Jan
2020-11-19,2020,4.807906470719241,4.627853421256187,T_east,M1_Ridge,Nov-Jan
2020-11-24,2020,1.5223299759990385,1.756270644098005,T_east,M1_Ridge,Nov-Jan
2020-11-29,2020,0.5975971033970151,1.0286700942821498,T_east,M1_Ridge,Nov-Jan
2020-12-09,2020,5.088502723221634,4.567794315332194,T_east,M1_Ridge,Nov-Jan
2020-12-14,2020,1.8186066933605234,1.7123028687850232,T_east,M1_Ridge,Nov-Jan
2020-12-19,2020,2.1291901860152262,2.353563995715813,T_east,M1_Ridge,Nov-Jan
2020-12-24,2020,1.867929593539534,1.998699886351666,T_east,M1_Ridge,Nov-Jan
2021-01-03,2020,1.6305362612997807,1.6823188307766825,T_east,M1_Ridge,Nov-Jan
2021-01-08,2020,1.2502604731257545,1.2405247504241972,T_east,M1_Ridge,Nov-Jan
2021-01-13,2020,2.349650616626287,2.261688378873505,T_east,M1_Ridge,Nov-Jan
2021-01-18,2020,1.9976311588877156,1.9981056778097346,T_east,M1_Ridge,Nov-Jan
2021-01-23,2020,3.1601814791971754,2.938085781267307,T_east,M1_Ridge,Nov-Jan
2021-01-28,2020,1.9707914463644467,2.090470494790755,T_east,M1_Ridge,Nov-Jan
2021-02-02,2020,2.023995992612391,2.1117609307406666,T_east,M1_Ridge,Feb-Apr
2021-02-07,2020,2.5034753023025442,2.525930606107401,T_east,M1_Ridge,Feb-Apr
2021-02-12,2020,2.353212522812129,2.3340928985030067,T_east,M1_Ridge,Feb-Apr
2021-02-17,2020,2.18122175326693,2.3484097225007248,T_east,M1_Ridge,Feb-Apr
2021-02-22,2020,2.0020576739088645,2.0953410156275956,T_east,M1_Ridge,Feb-Apr
2021-03-04,2020,3.127080175663256,2.6384012435494704,T_east,M1_Ridge,Feb-Apr
2021-03-09,2020,2.79169329290817,3.042848001236755,T_east,M1_Ridge,Feb-Apr
2021-03-14,2020,4.272873570158218,4.219972924182235,T_east,M1_Ridge,Feb-Apr
2021-03-24,2020,2.718552065895059,3.2511978020882593,T_east,M1_Ridge,Feb-Apr
2021-10-10,2021,2.599656185867491,2.6738065814498047,T_east,M1_Ridge,May-Oct
2021-10-30,2021,1.4939268781941024,1.411382745444624,T_east,M1_Ridge,May-Oct
2021-11-09,2021,0.8217267647990603,0.9377126148917532,T_east,M1_Ridge,Nov-Jan
2021-11-19,2021,1.2266022705533157,0.7094995849529786,T_east,M1_Ridge,Nov-Jan
2021-11-24,2021,0.8440739009889882,0.5036584353181599,T_east,M1_Ridge,Nov-Jan
2021-11-29,2021,1.5533058248100824,1.352672696068229,T_east,M1_Ridge,Nov-Jan
2021-12-09,2021,1.226602270553318,1.244309121134111,T_east,M1_Ridge,Nov-Jan
2021-12-14,2021,1.7778536192756877,1.7164237244321436,T_east,M1_Ridge,Nov-Jan
2021-12-19,2021,0.7518978340081227,0.8042850098920176,T_east,M1_Ridge,Nov-Jan
2021-12-24,2021,1.8848568445434972,2.0928596230213694,T_east,M1_Ridge,Nov-Jan
2021-12-29,2021,1.9526233505273103,1.9962853065659947,T_east,M1_Ridge,Nov-Jan
2022-01-08,2021,0.798928608544117,0.7973951976675093,T_east,M1_Ridge,Nov-Jan
2022-01-13,2021,2.1045877019293706,1.7503533472882122,T_east,M1_Ridge,Nov-Jan
2022-01-18,2021,1.1943144083070303,1.4677170473883139,T_east,M1_Ridge,Nov-Jan
2022-01-23,2021,2.037007107737654,2.1313317251107122,T_east,M1_Ridge,Nov-Jan
2022-02-07,2021,2.453586610438556,2.47323416906845,T_east,M1_Ridge,Feb-Apr
2022-02-12,2021,4.856818570529696,4.441799578958294,T_east,M1_Ridge,Feb-Apr
2022-02-17,2021,2.4195880381973183,2.4565031542073523,T_east,M1_Ridge,Feb-Apr
2022-02-22,2021,2.295337364429322,2.486169979234193,T_east,M1_Ridge,Feb-Apr
2022-02-27,2021,1.5654903466681964,1.617540615382124,T_east,M1_Ridge,Feb-Apr
2022-03-04,2021,1.9662704302229046,2.1209746001837257,T_east,M1_Ridge,Feb-Apr
2022-03-09,2021,2.391934677377478,2.5052291091430816,T_east,M1_Ridge,Feb-Apr
2022-03-14,2021,2.402353458479545,2.437377152235504,T_east,M1_Ridge,Feb-Apr
2022-03-19,2021,2.398887196539959,2.510845431380512,T_east,M1_Ridge,Feb-Apr
2022-03-24,2021,2.542493989333495,2.5912148229869603,T_east,M1_Ridge,Feb-Apr
2022-08-31,2022,1.9249406808096117,1.78318336306095,T_east,M1_Ridge,May-Oct
2022-10-05,2022,2.2354485886177646,2.5323663465213317,T_east,M1_Ridge,May-Oct
2022-10-10,2022,0.401726074742795,0.221498920821533,T_east,M1_Ridge,May-Oct
2022-10-15,2022,2.2239778731104876,2.38506780189917,T_east,M1_Ridge,May-Oct
2022-10-20,2022,0.3158707858863335,0.5903920880063702,T_east,M1_Ridge,May-Oct
2022-10-30,2022,1.843484440374583,2.0791180210059346,T_east,M1_Ridge,May-Oct
2022-11-09,2022,2.161409260774802,2.239536501680225,T_east,M1_Ridge,Nov-Jan
2022-11-14,2022,0.9696542244231223,1.4915829033211088,T_east,M1_Ridge,Nov-Jan
2022-11-24,2022,2.087968279996181,2.180442753636851,T_east,M1_Ridge,Nov-Jan
2022-12-04,2022,1.5410050331863245,1.6659878798286878,T_east,M1_Ridge,Nov-Jan
2022-12-09,2022,0.9496582510855393,0.8230742856027358,T_east,M1_Ridge,Nov-Jan
2022-12-14,2022,2.532810292543491,2.7018723515472662,T_east,M1_Ridge,Nov-Jan
2022-12-24,2022,2.783029705939154,4.097515056044806,T_east,M1_Ridge,Nov-Jan
2022-12-29,2022,2.788808685013992,3.211506562202312,T_east,M1_Ridge,Nov-Jan
2023-01-03,2022,1.9480459381578423,1.865646483225472,T_east,M1_Ridge,Nov-Jan
2023-01-08,2022,3.578640196627236,3.578000337114682,T_east,M1_Ridge,Nov-Jan
2023-01-13,2022,1.4209706612573203,1.5643816396543313,T_east,M1_Ridge,Nov-Jan
2023-01-18,2022,5.2655777212932025,4.934814375147634,T_east,M1_Ridge,Nov-Jan
2023-01-23,2022,1.9061875919223534,2.1147696978616533,T_east,M1_Ridge,Nov-Jan
2023-01-28,2022,2.3849557060333155,2.451955171070278,T_east,M1_Ridge,Nov-Jan
2023-02-02,2022,2.3281270528856504,2.0332210562657593,T_east,M1_Ridge,Feb-Apr
2023-02-07,2022,2.4332614047906467,2.4946926434268115,T_east,M1_Ridge,Feb-Apr
2023-02-12,2022,2.436664254409141,2.439989001584389,T_east,M1_Ridge,Feb-Apr
2023-02-17,2022,2.5001889722021082,2.6022388827036202,T_east,M1_Ridge,Feb-Apr
2023-02-22,2022,3.6581744690498663,3.6912191118768365,T_east,M1_Ridge,Feb-Apr
2023-02-27,2022,2.028345494960213,2.0320858769945254,T_east,M1_Ridge,Feb-Apr
2023-03-04,2022,2.2201366947737204,2.2723103814415184,T_east,M1_Ridge,Feb-Apr
2023-03-09,2022,2.2842677753981957,2.429680546135814,T_east,M1_Ridge,Feb-Apr
2023-03-14,2022,2.709624131526499,2.4654838971621484,T_east,M1_Ridge,Feb-Apr
2023-03-29,2022,2.727446369090273,2.630265675347732,T_east,M1_Ridge,Feb-Apr
2023-09-15,2023,3.5906378996173993,2.606016865522088,T_east,M1_Ridge,May-Oct
2023-09-25,2023,2.2842677753981944,2.7186845810998097,T_east,M1_Ridge,May-Oct
2023-10-10,2023,2.35676745490369,2.4468772130873813,T_east,M1_Ridge,May-Oct
2023-10-15,2023,2.153415369635297,2.5394708912226753,T_east,M1_Ridge,May-Oct
2023-10-20,2023,0.4965073679514247,0.5548447548736768,T_east,M1_Ridge,May-Oct
2023-10-30,2023,0.9596997459300435,0.9343826728946267,T_east,M1_Ridge,May-Oct
2023-11-09,2023,2.204681598678963,2.182746636822138,T_east,M1_Ridge,Nov-Jan
2023-11-14,2023,1.553305824810081,1.7990168871359815,T_east,M1_Ridge,Nov-Jan
2023-11-19,2023,1.3259378031353588,1.650831026055135,T_east,M1_Ridge,Nov-Jan
2023-11-24,2023,0.9696542244231228,0.6754821136003413,T_east,M1_Ridge,Nov-Jan
2023-12-09,2023,2.0921398231445587,2.4608926289455777,T_east,M1_Ridge,Nov-Jan
2023-12-14,2023,1.9061875919223532,1.9812039392247367,T_east,M1_Ridge,Nov-Jan
2023-12-19,2023,1.4938724646209809,1.628893248133019,T_east,M1_Ridge,Nov-Jan
2023-12-24,2023,1.4041118872689258,1.6133299253072444,T_east,M1_Ridge,Nov-Jan
2023-12-29,2023,1.9752986418145575,2.126037887756542,T_east,M1_Ridge,Nov-Jan
2024-01-03,2023,0.8329554767263914,0.8276399751654442,T_east,M1_Ridge,Nov-Jan
2024-01-08,2023,1.6420233394340629,1.6986305593758773,T_east,M1_Ridge,Nov-Jan
2024-01-13,2023,2.145381284717333,2.1336974195864924,T_east,M1_Ridge,Nov-Jan
2024-01-18,2023,2.3245140141648424,2.276360950768963,T_east,M1_Ridge,Nov-Jan
2024-01-23,2023,1.4313593111200733,1.5941552158855323,T_east,M1_Ridge,Nov-Jan
2024-01-28,2023,2.470359816202812,2.075315067176417,T_east,M1_Ridge,Nov-Jan
2024-02-02,2023,2.587088359558297,2.6269908356245595,T_east,M1_Ridge,Feb-Apr
2024-02-07,2023,4.737360160874043,4.339341291184946,T_east,M1_Ridge,Feb-Apr
2024-02-12,2023,4.414766798782416,3.8145847156854966,T_east,M1_Ridge,Feb-Apr
2024-02-17,2023,4.825488033260379,4.469961383262305,T_east,M1_Ridge,Feb-Apr
2024-02-22,2023,2.6027864630522277,2.5172898987474346,T_east,M1_Ridge,Feb-Apr
2024-02-27,2023,2.7244852678682134,2.594044229370166,T_east,M1_Ridge,Feb-Apr
2024-03-03,2023,2.6765918120022074,2.659890879998323,T_east,M1_Ridge,Feb-Apr
2024-03-08,2023,2.5295721138793485,2.5163179466824888,T_east,M1_Ridge,Feb-Apr
2024-03-13,2023,2.416153891351526,2.572015893567274,T_east,M1_Ridge,Feb-Apr
2024-03-18,2023,2.227810304324792,2.2930119751266114,T_east,M1_Ridge,Feb-Apr
2024-03-28,2023,2.612150045961738,2.7340507343686093,T_east,M1_Ridge,Feb-Apr
2024-04-12,2023,2.759779556268466,3.4302307946973594,T_east,M1_Ridge,Feb-Apr
2024-04-27,2023,2.661417685595354,2.8682124986480506,T_east,M1_Ridge,Feb-Apr
2024-05-12,2024,2.0795912520018978,1.8062815432452322,T_east,M1_Ridge,May-Oct
2024-09-19,2024,0.9795233911690108,1.6727789074984485,T_east,M1_Ridge,May-Oct
2024-09-29,2024,2.1251164124266397,2.192365183469219,T_east,M1_Ridge,May-Oct
2024-10-09,2024,1.424602999148343,1.729872016093558,T_east,M1_Ridge,May-Oct
2024-10-14,2024,1.9249406808096097,2.1560111609203565,T_east,M1_Ridge,May-Oct
2024-10-19,2024,4.279100733157384,2.6779896644002887,T_east,M1_Ridge,May-Oct
2024-10-29,2024,2.75393273197916,3.2523411508119384,T_east,M1_Ridge,May-Oct
2017-01-09,2016,0.9596997459300426,1.130000949069666,T_east,M2_RandomForest,Nov-Jan
2017-02-08,2016,2.015259118982352,2.1036713145226584,T_east,M2_RandomForest,Feb-Apr
2017-02-18,2016,2.032682501874367,2.0427422639240187,T_east,M2_RandomForest,Feb-Apr
2017-10-16,2017,0.041680279348103255,0.8878530922641699,T_east,M2_RandomForest,May-Oct
2017-11-05,2017,1.565490346668194,1.290078877239187,T_east,M2_RandomForest,Nov-Jan
2017-11-10,2017,1.3259378031353592,1.2413175280976974,T_east,M2_RandomForest,Nov-Jan
2017-11-30,2017,0.5115324844400243,1.0298951077786107,T_east,M2_RandomForest,Nov-Jan
2017-12-15,2017,1.6534113289172505,1.7223560930038366,T_east,M2_RandomForest,Nov-Jan
2017-12-20,2017,0.5409771967212752,1.001424333036928,T_east,M2_RandomForest,Nov-Jan
2017-12-30,2017,0.9496582510855396,1.0162069255002875,T_east,M2_RandomForest,Nov-Jan
2018-01-04,2017,2.133253554676887,2.218647756321265,T_east,M2_RandomForest,Nov-Jan
2018-01-09,2017,2.019633899430622,2.2236588569165217,T_east,M2_RandomForest,Nov-Jan
2018-01-19,2017,0.9395282704505294,1.3046454050811127,T_east,M2_RandomForest,Nov-Jan
2018-01-29,2017,2.049907527650859,2.3090231281095956,T_east,M2_RandomForest,Nov-Jan
2018-02-13,2017,1.8533133512772435,1.743815304397198,T_east,M2_RandomForest,Feb-Apr
2018-02-23,2017,2.561724004057776,2.5300374887104238,T_east,M2_RandomForest,Feb-Apr
2018-03-05,2017,2.5230799187395525,2.703319160406734,T_east,M2_RandomForest,Feb-Apr
2018-03-10,2017,2.4230157233147325,2.347626221918865,T_east,M2_RandomForest,Feb-Apr
2018-04-09,2017,1.993191458413503,2.4855611345489494,T_east,M2_RandomForest,Feb-Apr
2018-10-16,2018,1.8286108750081531,1.9552016382330546,T_east,M2_RandomForest,May-Oct
2018-11-25,2018,1.3549414983779462,1.5744871034540044,T_east,M2_RandomForest,Nov-Jan
2018-11-30,2018,1.1735830199094441,1.0424747402301815,T_east,M2_RandomForest,Nov-Jan
2018-12-10,2018,0.8217267647990589,1.0341697284564026,T_east,M2_RandomForest,Nov-Jan
2018-12-25,2018,1.8727683544109746,1.738909221468814,T_east,M2_RandomForest,Nov-Jan
2018-12-30,2018,1.6647023400954757,1.8144425581842463,T_east,M2_RandomForest,Nov-Jan
2019-01-04,2018,1.027643009700792,1.3455673688226695,T_east,M2_RandomForest,Nov-Jan
2019-01-09,2018,1.8823967448837036,1.7999784692478782,T_east,M2_RandomForest,Nov-Jan
2019-01-19,2018,2.5067562814010693,2.505143667490435,T_east,M2_RandomForest,Nov-Jan
2019-01-24,2018,1.571539801049876,1.8265408754016492,T_east,M2_RandomForest,Nov-Jan
2019-01-29,2018,4.521850117967461,4.031956069794996,T_east,M2_RandomForest,Nov-Jan
2019-02-03,2018,1.9014609296543872,2.000301083454372,T_east,M2_RandomForest,Feb-Apr
2019-02-08,2018,1.1269880356340551,1.6294263514737133,T_east,M2_RandomForest,Feb-Apr
2019-02-13,2018,1.5097268696597224,1.8928835623021765,T_east,M2_RandomForest,Feb-Apr
2019-02-18,2018,5.277708864130028,4.010577515938534,T_east,M2_RandomForest,Feb-Apr
2019-02-23,2018,2.2468408648819578,2.4552196837945077,T_east,M2_RandomForest,Feb-Apr
2019-02-28,2018,2.177278742322497,2.3019703938989853,T_east,M2_RandomForest,Feb-Apr
2019-03-05,2018,3.6518689663314556,2.8356786953859676,T_east,M2_RandomForest,Feb-Apr
2019-03-10,2018,2.3988871965399587,2.4545902187639563,T_east,M2_RandomForest,Feb-Apr
2019-03-15,2018,2.3460814269603296,2.4885864137576275,T_east,M2_RandomForest,Feb-Apr
2019-03-20,2018,2.443451416578767,2.4853399850878346,T_east,M2_RandomForest,Feb-Apr
2019-03-25,2018,3.0146971102325786,2.843526001458119,T_east,M2_RandomForest,Feb-Apr
2019-03-30,2018,3.048029820766842,2.844859875405282,T_east,M2_RandomForest,Feb-Apr
2019-04-04,2018,2.7743362399855784,2.6450144238768902,T_east,M2_RandomForest,Feb-Apr
2019-04-09,2018,3.527561324331402,2.7000203062850567,T_east,M2_RandomForest,Feb-Apr
2019-09-26,2019,2.116937124822366,2.0114840337598894,T_east,M2_RandomForest,May-Oct
2019-10-16,2019,0.5115324844400264,0.8062340317873593,T_east,M2_RandomForest,May-Oct
2019-10-21,2019,1.8186066933605225,1.3615244607746266,T_east,M2_RandomForest,May-Oct
2019-10-31,2019,2.299011356803433,2.0745327799417836,T_east,M2_RandomForest,May-Oct
2019-11-05,2019,1.9480459381578406,1.8394879445626653,T_east,M2_RandomForest,Nov-Jan
2019-11-15,2019,1.4178099647548879,1.8799776756285582,T_east,M2_RandomForest,Nov-Jan
2019-11-20,2019,1.509726869659719,1.0581685491319193,T_east,M2_RandomForest,Nov-Jan
2019-11-25,2019,1.8286108750081553,1.3787986195811592,T_east,M2_RandomForest,Nov-Jan
2019-11-30,2019,1.2734633086511276,1.0918063655327828,T_east,M2_RandomForest,Nov-Jan
2019-12-05,2019,1.0276430097007927,0.9196138377709946,T_east,M2_RandomForest,Nov-Jan
2019-12-10,2019,1.9480459381578397,1.8713765927355888,T_east,M2_RandomForest,Nov-Jan
2019-12-15,2019,1.9388477594480023,1.8811573695290147,T_east,M2_RandomForest,Nov-Jan
2019-12-20,2019,2.2619111016918168,2.4479763747217658,T_east,M2_RandomForest,Nov-Jan
2019-12-25,2019,1.5835546417041784,1.7762194266640061,T_east,M2_RandomForest,Nov-Jan
2019-12-30,2019,1.915594594698243,1.9242393305771694,T_east,M2_RandomForest,Nov-Jan
2020-01-09,2019,1.630536261299778,1.5508789998427361,T_east,M2_RandomForest,Nov-Jan
2020-01-14,2019,1.703483584104775,1.548425767994007,T_east,M2_RandomForest,Nov-Jan
2020-01-19,2019,1.0555850177450126,1.529648602550264,T_east,M2_RandomForest,Nov-Jan
2020-01-24,2019,5.223701592578758,4.1058482237163725,T_east,M2_RandomForest,Nov-Jan
2020-01-29,2019,4.206890790519459,4.018062250814654,T_east,M2_RandomForest,Nov-Jan
2020-02-03,2019,2.3353307748607084,2.7090823826982433,T_east,M2_RandomForest,Feb-Apr
2020-02-08,2019,2.1890792637674648,2.4554304929403803,T_east,M2_RandomForest,Feb-Apr
2020-02-13,2019,4.303876135233221,3.982797218939345,T_east,M2_RandomForest,Feb-Apr
2020-02-18,2019,2.718552065895062,2.8541927150455373,T_east,M2_RandomForest,Feb-Apr
2020-02-23,2019,2.2162864237090507,2.454310639981385,T_east,M2_RandomForest,Feb-Apr
2020-02-28,2019,2.302677679671272,2.5515078563794646,T_east,M2_RandomForest,Feb-Apr
2020-03-04,2019,2.4023534584795447,2.440435599602126,T_east,M2_RandomForest,Feb-Apr
2020-03-09,2019,2.239254700138034,2.3629439487293924,T_east,M2_RandomForest,Feb-Apr
2020-03-14,2019,2.797452761631155,2.741831662084635,T_east,M2_RandomForest,Feb-Apr
2020-03-24,2019,2.765612518500798,2.858523962077432,T_east,M2_RandomForest,Feb-Apr
2020-11-09,2020,1.218611571413007,1.2137873450382073,T_east,M2_RandomForest,Nov-Jan
2020-11-14,2020,1.258044372040549,1.0488474672099872,T_east,M2_RandomForest,Nov-Jan
2020-11-19,2020,4.807906470719241,3.4982401866235113,T_east,M2_RandomForest,Nov-Jan
2020-11-24,2020,1.5223299759990385,1.6124376694352924,T_east,M2_RandomForest,Nov-Jan
2020-11-29,2020,0.5975971033970151,1.0615940690291812,T_east,M2_RandomForest,Nov-Jan
2020-12-09,2020,5.088502723221634,3.5265193275762736,T_east,M2_RandomForest,Nov-Jan
2020-12-14,2020,1.8186066933605234,1.6606264350829094,T_east,M2_RandomForest,Nov-Jan
2020-12-19,2020,2.1291901860152262,2.436438225024457,T_east,M2_RandomForest,Nov-Jan
2020-12-24,2020,1.867929593539534,2.023361525991693,T_east,M2_RandomForest,Nov-Jan
2021-01-03,2020,1.6305362612997807,1.6500827796770876,T_east,M2_RandomForest,Nov-Jan
2021-01-08,2020,1.2502604731257545,1.2549961323203895,T_east,M2_RandomForest,Nov-Jan
2021-01-13,2020,2.349650616626287,2.2250350204384888,T_east,M2_RandomForest,Nov-Jan
2021-01-18,2020,1.9976311588877156,1.9634684074419628,T_east,M2_RandomForest,Nov-Jan
2021-01-23,2020,3.1601814791971754,2.8814209195050866,T_east,M2_RandomForest,Nov-Jan
2021-01-28,2020,1.9707914463644467,2.078650969363719,T_east,M2_RandomForest,Nov-Jan
2021-02-02,2020,2.023995992612391,2.2311222984029744,T_east,M2_RandomForest,Feb-Apr
2021-02-07,2020,2.5034753023025442,2.605675522532048,T_east,M2_RandomForest,Feb-Apr
2021-02-12,2020,2.353212522812129,2.3388869528872016,T_east,M2_RandomForest,Feb-Apr
2021-02-17,2020,2.18122175326693,2.384507626138203,T_east,M2_RandomForest,Feb-Apr
2021-02-22,2020,2.0020576739088645,2.124234126472959,T_east,M2_RandomForest,Feb-Apr
2021-03-04,2020,3.127080175663256,2.5026945689529194,T_east,M2_RandomForest,Feb-Apr
2021-03-09,2020,2.79169329290817,2.9038865217268057,T_east,M2_RandomForest,Feb-Apr
2021-03-14,2020,4.272873570158218,3.9276045088010814,T_east,M2_RandomForest,Feb-Apr
2021-03-24,2020,2.718552065895059,2.9242752216947054,T_east,M2_RandomForest,Feb-Apr
2021-10-10,2021,2.599656185867491,2.1611450188998123,T_east,M2_RandomForest,May-Oct
2021-10-30,2021,1.4939268781941024,1.577999900696954,T_east,M2_RandomForest,May-Oct
2021-11-09,2021,0.8217267647990603,1.1033358305406114,T_east,M2_RandomForest,Nov-Jan
2021-11-19,2021,1.2266022705533157,1.0279380613424305,T_east,M2_RandomForest,Nov-Jan
2021-11-24,2021,0.8440739009889882,0.861403957263515,T_east,M2_RandomForest,Nov-Jan
2021-11-29,2021,1.5533058248100824,1.4865209001021227,T_east,M2_RandomForest,Nov-Jan
2021-12-09,2021,1.226602270553318,1.250738468131667,T_east,M2_RandomForest,Nov-Jan
2021-12-14,2021,1.7778536192756877,1.7498386852483474,T_east,M2_RandomForest,Nov-Jan
2021-12-19,2021,0.7518978340081227,1.0183823585769407,T_east,M2_RandomForest,Nov-Jan
2021-12-24,2021,1.8848568445434972,1.959478998408049,T_east,M2_RandomForest,Nov-Jan
2021-12-29,2021,1.9526233505273103,1.8729122605635966,T_east,M2_RandomForest,Nov-Jan
2022-01-08,2021,0.798928608544117,1.1158310048836901,T_east,M2_RandomForest,Nov-Jan
2022-01-13,2021,2.1045877019293706,1.6723733108188013,T_east,M2_RandomForest,Nov-Jan
2022-01-18,2021,1.1943144083070303,1.6100874185559755,T_east,M2_RandomForest,Nov-Jan
2022-01-23,2021,2.037007107737654,1.9596873471339544,T_east,M2_RandomForest,Nov-Jan
2022-02-07,2021,2.453586610438556,2.606968532206228,T_east,M2_RandomForest,Feb-Apr
2022-02-12,2021,4.856818570529696,4.466668793645153,T_east,M2_RandomForest,Feb-Apr
2022-02-17,2021,2.4195880381973183,2.4201656373426066,T_east,M2_RandomForest,Feb-Apr
2022-02-22,2021,2.295337364429322,2.280440412480119,T_east,M2_RandomForest,Feb-Apr
2022-02-27,2021,1.5654903466681964,1.8560538972819698,T_east,M2_RandomForest,Feb-Apr
2022-03-04,2021,1.9662704302229046,2.1539414823856604,T_east,M2_RandomForest,Feb-Apr
2022-03-09,2021,2.391934677377478,2.417942821026495,T_east,M2_RandomForest,Feb-Apr
2022-03-14,2021,2.402353458479545,2.5432686318857787,T_east,M2_RandomForest,Feb-Apr
2022-03-19,2021,2.398887196539959,2.5313523814120225,T_east,M2_RandomForest,Feb-Apr
2022-03-24,2021,2.542493989333495,2.42254279804806,T_east,M2_RandomForest,Feb-Apr
2022-08-31,2022,1.9249406808096117,1.31192235860102,T_east,M2_RandomForest,May-Oct
2022-10-05,2022,2.2354485886177646,2.458525499257437,T_east,M2_RandomForest,May-Oct
2022-10-10,2022,0.401726074742795,0.9235118035170143,T_east,M2_RandomForest,May-Oct
2022-10-15,2022,2.2239778731104876,2.1196642690628296,T_east,M2_RandomForest,May-Oct
2022-10-20,2022,0.3158707858863335,0.998672053266149,T_east,M2_RandomForest,May-Oct
2022-10-30,2022,1.843484440374583,1.8683966689934703,T_east,M2_RandomForest,May-Oct
2022-11-09,2022,2.161409260774802,1.9299309070457469,T_east,M2_RandomForest,Nov-Jan
2022-11-14,2022,0.9696542244231223,1.4740179143930539,T_east,M2_RandomForest,Nov-Jan
2022-11-24,2022,2.087968279996181,2.0626519311912936,T_east,M2_RandomForest,Nov-Jan
2022-12-04,2022,1.5410050331863245,1.7235746172110646,T_east,M2_RandomForest,Nov-Jan
2022-12-09,2022,0.9496582510855393,0.9376040636542465,T_east,M2_RandomForest,Nov-Jan
2022-12-14,2022,2.532810292543491,2.724611604732409,T_east,M2_RandomForest,Nov-Jan
2022-12-24,2022,2.783029705939154,3.7231011388111077,T_east,M2_RandomForest,Nov-Jan
2022-12-29,2022,2.788808685013992,2.732553880244594,T_east,M2_RandomForest,Nov-Jan
2023-01-03,2022,1.9480459381578423,1.905686670847778,T_east,M2_RandomForest,Nov-Jan
2023-01-08,2022,3.578640196627236,3.5918301122619303,T_east,M2_RandomForest,Nov-Jan
2023-01-13,2022,1.4209706612573203,1.6542404891157492,T_east,M2_RandomForest,Nov-Jan
2023-01-18,2022,5.2655777212932025,3.977527358349009,T_east,M2_RandomForest,Nov-Jan
2023-01-23,2022,1.9061875919223534,2.0481733786801253,T_east,M2_RandomForest,Nov-Jan
2023-01-28,2022,2.3849557060333155,2.381703943041846,T_east,M2_RandomForest,Nov-Jan
2023-02-02,2022,2.3281270528856504,2.1606391274715753,T_east,M2_RandomForest,Feb-Apr
2023-02-07,2022,2.4332614047906467,2.467571712097152,T_east,M2_RandomForest,Feb-Apr
2023-02-12,2022,2.436664254409141,2.442051655577736,T_east,M2_RandomForest,Feb-Apr
2023-02-17,2022,2.5001889722021082,2.5221601375696934,T_east,M2_RandomForest,Feb-Apr
2023-02-22,2022,3.6581744690498663,3.482558747253688,T_east,M2_RandomForest,Feb-Apr
2023-02-27,2022,2.028345494960213,2.052204334984962,T_east,M2_RandomForest,Feb-Apr
2023-03-04,2022,2.2201366947737204,2.3802947266872376,T_east,M2_RandomForest,Feb-Apr
2023-03-09,2022,2.2842677753981957,2.5255789101947412,T_east,M2_RandomForest,Feb-Apr
2023-03-14,2022,2.709624131526499,2.4202700593877706,T_east,M2_RandomForest,Feb-Apr
2023-03-29,2022,2.727446369090273,2.748010173668626,T_east,M2_RandomForest,Feb-Apr
2023-09-15,2023,3.5906378996173993,2.6480047826267534,T_east,M2_RandomForest,May-Oct
2023-09-25,2023,2.2842677753981944,2.234170847303172,T_east,M2_RandomForest,May-Oct
2023-10-10,2023,2.35676745490369,2.0913258761341957,T_east,M2_RandomForest,May-Oct
2023-10-15,2023,2.153415369635297,2.420160926975671,T_east,M2_RandomForest,May-Oct
2023-10-20,2023,0.4965073679514247,0.9236903569635396,T_east,M2_RandomForest,May-Oct
2023-10-30,2023,0.9596997459300435,1.243446969988591,T_east,M2_RandomForest,May-Oct
2023-11-09,2023,2.204681598678963,2.070635704232033,T_east,M2_RandomForest,Nov-Jan
2023-11-14,2023,1.553305824810081,1.5348822899960015,T_east,M2_RandomForest,Nov-Jan
2023-11-19,2023,1.3259378031353588,1.8282832259619346,T_east,M2_RandomForest,Nov-Jan
2023-11-24,2023,0.9696542244231228,0.8483186857892575,T_east,M2_RandomForest,Nov-Jan
2023-12-09,2023,2.0921398231445587,2.429656299075628,T_east,M2_RandomForest,Nov-Jan
2023-12-14,2023,1.9061875919223532,1.873416485792018,T_east,M2_RandomForest,Nov-Jan
2023-12-19,2023,1.4938724646209809,1.4998529763709338,T_east,M2_RandomForest,Nov-Jan
2023-12-24,2023,1.4041118872689258,1.4321918914337304,T_east,M2_RandomForest,Nov-Jan
2023-12-29,2023,1.9752986418145575,1.9434379799643071,T_east,M2_RandomForest,Nov-Jan
2024-01-03,2023,0.8329554767263914,1.0763167691729867,T_east,M2_RandomForest,Nov-Jan
2024-01-08,2023,1.6420233394340629,1.8058580579224728,T_east,M2_RandomForest,Nov-Jan
2024-01-13,2023,2.145381284717333,2.179891224683826,T_east,M2_RandomForest,Nov-Jan
2024-01-18,2023,2.3245140141648424,2.2728088697281774,T_east,M2_RandomForest,Nov-Jan
2024-01-23,2023,1.4313593111200733,1.7991371595444,T_east,M2_RandomForest,Nov-Jan
2024-01-28,2023,2.470359816202812,2.2625151141009185,T_east,M2_RandomForest,Nov-Jan
2024-02-02,2023,2.587088359558297,2.5788734659116974,T_east,M2_RandomForest,Feb-Apr
2024-02-07,2023,4.737360160874043,4.250107310708476,T_east,M2_RandomForest,Feb-Apr
2024-02-12,2023,4.414766798782416,3.76017614293309,T_east,M2_RandomForest,Feb-Apr
2024-02-17,2023,4.825488033260379,4.307731547047142,T_east,M2_RandomForest,Feb-Apr
2024-02-22,2023,2.6027864630522277,2.6406479757633163,T_east,M2_RandomForest,Feb-Apr
2024-02-27,2023,2.7244852678682134,2.71986049326657,T_east,M2_RandomForest,Feb-Apr
2024-03-03,2023,2.6765918120022074,2.7014517513237974,T_east,M2_RandomForest,Feb-Apr
2024-03-08,2023,2.5295721138793485,2.521367977138691,T_east,M2_RandomForest,Feb-Apr
2024-03-13,2023,2.416153891351526,2.5162265630874523,T_east,M2_RandomForest,Feb-Apr
2024-03-18,2023,2.227810304324792,2.4316545740986295,T_east,M2_RandomForest,Feb-Apr
2024-03-28,2023,2.612150045961738,2.7595956798436694,T_east,M2_RandomForest,Feb-Apr
2024-04-12,2023,2.759779556268466,3.0321872907493423,T_east,M2_RandomForest,Feb-Apr
2024-04-27,2023,2.661417685595354,2.798375082195005,T_east,M2_RandomForest,Feb-Apr
2024-05-12,2024,2.0795912520018978,1.9660826263972464,T_east,M2_RandomForest,May-Oct
2024-09-19,2024,0.9795233911690108,1.580050424785253,T_east,M2_RandomForest,May-Oct
2024-09-29,2024,2.1251164124266397,1.910473384103124,T_east,M2_RandomForest,May-Oct
2024-10-09,2024,1.424602999148343,1.630676083100412,T_east,M2_RandomForest,May-Oct
2024-10-14,2024,1.9249406808096097,1.638213649198869,T_east,M2_RandomForest,May-Oct
2024-10-19,2024,4.279100733157384,2.2940444521141328,T_east,M2_RandomForest,May-Oct
2024-10-29,2024,2.75393273197916,2.6887707738552007,T_east,M2_RandomForest,May-Oct
2017-01-09,2016,0.9596997459300426,0.9004741907119751,T_east,M3_XGBoost,Nov-Jan
2017-02-08,2016,2.015259118982352,2.0881502628326416,T_east,M3_XGBoost,Feb-Apr
2017-02-18,2016,2.032682501874367,2.0578086376190186,T_east,M3_XGBoost,Feb-Apr
2017-10-16,2017,0.041680279348103255,0.695020854473114,T_east,M3_XGBoost,May-Oct
2017-11-05,2017,1.565490346668194,1.3962267637252808,T_east,M3_XGBoost,Nov-Jan
2017-11-10,2017,1.3259378031353592,1.1747841835021973,T_east,M3_XGBoost,Nov-Jan
2017-11-30,2017,0.5115324844400243,0.9210608005523682,T_east,M3_XGBoost,Nov-Jan
2017-12-15,2017,1.6534113289172505,1.555301547050476,T_east,M3_XGBoost,Nov-Jan
2017-12-20,2017,0.5409771967212752,0.9067497253417969,T_east,M3_XGBoost,Nov-Jan
2017-12-30,2017,0.9496582510855396,1.0464706420898438,T_east,M3_XGBoost,Nov-Jan
2018-01-04,2017,2.133253554676887,2.045818567276001,T_east,M3_XGBoost,Nov-Jan
2018-01-09,2017,2.019633899430622,2.0317835807800293,T_east,M3_XGBoost,Nov-Jan
2018-01-19,2017,0.9395282704505294,1.1636061668395996,T_east,M3_XGBoost,Nov-Jan
2018-01-29,2017,2.049907527650859,2.1275529861450195,T_east,M3_XGBoost,Nov-Jan
2018-02-13,2017,1.8533133512772435,1.7209124565124512,T_east,M3_XGBoost,Feb-Apr
2018-02-23,2017,2.561724004057776,2.455867052078247,T_east,M3_XGBoost,Feb-Apr
2018-03-05,2017,2.5230799187395525,2.741122245788574,T_east,M3_XGBoost,Feb-Apr
2018-03-10,2017,2.4230157233147325,2.2391397953033447,T_east,M3_XGBoost,Feb-Apr
2018-04-09,2017,1.993191458413503,2.3857457637786865,T_east,M3_XGBoost,Feb-Apr
2018-10-16,2018,1.8286108750081531,1.7622990608215332,T_east,M3_XGBoost,May-Oct
2018-11-25,2018,1.3549414983779462,1.5444899797439575,T_east,M3_XGBoost,Nov-Jan
2018-11-30,2018,1.1735830199094441,1.0062745809555054,T_east,M3_XGBoost,Nov-Jan
2018-12-10,2018,0.8217267647990589,0.9478868842124939,T_east,M3_XGBoost,Nov-Jan
2018-12-25,2018,1.8727683544109746,1.7736597061157227,T_east,M3_XGBoost,Nov-Jan
2018-12-30,2018,1.6647023400954757,1.674135446548462,T_east,M3_XGBoost,Nov-Jan
2019-01-04,2018,1.027643009700792,1.2833625078201294,T_east,M3_XGBoost,Nov-Jan
2019-01-09,2018,1.8823967448837036,1.7798101902008057,T_east,M3_XGBoost,Nov-Jan
2019-01-19,2018,2.5067562814010693,2.517641305923462,T_east,M3_XGBoost,Nov-Jan
2019-01-24,2018,1.571539801049876,1.7139606475830078,T_east,M3_XGBoost,Nov-Jan
2019-01-29,2018,4.521850117967461,3.75313138961792,T_east,M3_XGBoost,Nov-Jan
2019-02-03,2018,1.9014609296543872,2.0096423625946045,T_east,M3_XGBoost,Feb-Apr
2019-02-08,2018,1.1269880356340551,1.3611022233963013,T_east,M3_XGBoost,Feb-Apr
2019-02-13,2018,1.5097268696597224,1.572228193283081,T_east,M3_XGBoost,Feb-Apr
2019-02-18,2018,5.277708864130028,4.42344856262207,T_east,M3_XGBoost,Feb-Apr
2019-02-23,2018,2.2468408648819578,2.419217348098755,T_east,M3_XGBoost,Feb-Apr
2019-02-28,2018,2.177278742322497,2.30376935005188,T_east,M3_XGBoost,Feb-Apr
2019-03-05,2018,3.6518689663314556,2.9282748699188232,T_east,M3_XGBoost,Feb-Apr
2019-03-10,2018,2.3988871965399587,2.4327704906463623,T_east,M3_XGBoost,Feb-Apr
2019-03-15,2018,2.3460814269603296,2.5622341632843018,T_east,M3_XGBoost,Feb-Apr
2019-03-20,2018,2.443451416578767,2.478764533996582,T_east,M3_XGBoost,Feb-Apr
2019-03-25,2018,3.0146971102325786,2.9272303581237793,T_east,M3_XGBoost,Feb-Apr
2019-03-30,2018,3.048029820766842,2.854726552963257,T_east,M3_XGBoost,Feb-Apr
2019-04-04,2018,2.7743362399855784,2.5468785762786865,T_east,M3_XGBoost,Feb-Apr
2019-04-09,2018,3.527561324331402,2.721550464630127,T_east,M3_XGBoost,Feb-Apr
2019-09-26,2019,2.116937124822366,1.8401159048080444,T_east,M3_XGBoost,May-Oct
2019-10-16,2019,0.5115324844400264,0.38330551981925964,T_east,M3_XGBoost,May-Oct
2019-10-21,2019,1.8186066933605225,1.4479459524154663,T_east,M3_XGBoost,May-Oct
2019-10-31,2019,2.299011356803433,2.122119903564453,T_east,M3_XGBoost,May-Oct
2019-11-05,2019,1.9480459381578406,1.9412307739257812,T_east,M3_XGBoost,Nov-Jan
2019-11-15,2019,1.4178099647548879,1.9548633098602295,T_east,M3_XGBoost,Nov-Jan
2019-11-20,2019,1.509726869659719,0.9397698044776917,T_east,M3_XGBoost,Nov-Jan
2019-11-25,2019,1.8286108750081553,1.445348858833313,T_east,M3_XGBoost,Nov-Jan
2019-11-30,2019,1.2734633086511276,1.149646282196045,T_east,M3_XGBoost,Nov-Jan
2019-12-05,2019,1.0276430097007927,0.7600628733634949,T_east,M3_XGBoost,Nov-Jan
2019-12-10,2019,1.9480459381578397,1.9328984022140503,T_east,M3_XGBoost,Nov-Jan
2019-12-15,2019,1.9388477594480023,1.8989709615707397,T_east,M3_XGBoost,Nov-Jan
2019-12-20,2019,2.2619111016918168,2.3749778270721436,T_east,M3_XGBoost,Nov-Jan
2019-12-25,2019,1.5835546417041784,1.6191058158874512,T_east,M3_XGBoost,Nov-Jan
2019-12-30,2019,1.915594594698243,2.068436861038208,T_east,M3_XGBoost,Nov-Jan
2020-01-09,2019,1.630536261299778,1.5585063695907593,T_east,M3_XGBoost,Nov-Jan
2020-01-14,2019,1.703483584104775,1.4390186071395874,T_east,M3_XGBoost,Nov-Jan
2020-01-19,2019,1.0555850177450126,1.512567400932312,T_east,M3_XGBoost,Nov-Jan
2020-01-24,2019,5.223701592578758,4.5185160636901855,T_east,M3_XGBoost,Nov-Jan
2020-01-29,2019,4.206890790519459,3.93149995803833,T_east,M3_XGBoost,Nov-Jan
2020-02-03,2019,2.3353307748607084,2.6018593311309814,T_east,M3_XGBoost,Feb-Apr
2020-02-08,2019,2.1890792637674648,2.4640724658966064,T_east,M3_XGBoost,Feb-Apr
2020-02-13,2019,4.303876135233221,3.9889020919799805,T_east,M3_XGBoost,Feb-Apr
2020-02-18,2019,2.718552065895062,2.8199567794799805,T_east,M3_XGBoost,Feb-Apr
2020-02-23,2019,2.2162864237090507,2.386246681213379,T_east,M3_XGBoost,Feb-Apr
2020-02-28,2019,2.302677679671272,2.3296613693237305,T_east,M3_XGBoost,Feb-Apr
2020-03-04,2019,2.4023534584795447,2.4563417434692383,T_east,M3_XGBoost,Feb-Apr
2020-03-09,2019,2.239254700138034,2.4507994651794434,T_east,M3_XGBoost,Feb-Apr
2020-03-14,2019,2.797452761631155,2.687325954437256,T_east,M3_XGBoost,Feb-Apr
2020-03-24,2019,2.765612518500798,3.0223240852355957,T_east,M3_XGBoost,Feb-Apr
2020-11-09,2020,1.218611571413007,1.2547662258148193,T_east,M3_XGBoost,Nov-Jan
2020-11-14,2020,1.258044372040549,1.2181453704833984,T_east,M3_XGBoost,Nov-Jan
2020-11-19,2020,4.807906470719241,4.171095848083496,T_east,M3_XGBoost,Nov-Jan
2020-11-24,2020,1.5223299759990385,1.5445538759231567,T_east,M3_XGBoost,Nov-Jan
2020-11-29,2020,0.5975971033970151,0.9648393392562866,T_east,M3_XGBoost,Nov-Jan
2020-12-09,2020,5.088502723221634,4.318687915802002,T_east,M3_XGBoost,Nov-Jan
2020-12-14,2020,1.8186066933605234,1.6748892068862915,T_east,M3_XGBoost,Nov-Jan
2020-12-19,2020,2.1291901860152262,2.1687707901000977,T_east,M3_XGBoost,Nov-Jan
2020-12-24,2020,1.867929593539534,2.0182268619537354,T_east,M3_XGBoost,Nov-Jan
2021-01-03,2020,1.6305362612997807,1.4688124656677246,T_east,M3_XGBoost,Nov-Jan
2021-01-08,2020,1.2502604731257545,1.2483432292938232,T_east,M3_XGBoost,Nov-Jan
2021-01-13,2020,2.349650616626287,2.1827850341796875,T_east,M3_XGBoost,Nov-Jan
2021-01-18,2020,1.9976311588877156,1.9962303638458252,T_east,M3_XGBoost,Nov-Jan
2021-01-23,2020,3.1601814791971754,2.9613637924194336,T_east,M3_XGBoost,Nov-Jan
2021-01-28,2020,1.9707914463644467,2.0940663814544678,T_east,M3_XGBoost,Nov-Jan
2021-02-02,2020,2.023995992612391,2.3313095569610596,T_east,M3_XGBoost,Feb-Apr
2021-02-07,2020,2.5034753023025442,2.582044839859009,T_east,M3_XGBoost,Feb-Apr
2021-02-12,2020,2.353212522812129,2.2374508380889893,T_east,M3_XGBoost,Feb-Apr
2021-02-17,2020,2.18122175326693,2.3346290588378906,T_east,M3_XGBoost,Feb-Apr
2021-02-22,2020,2.0020576739088645,2.027968645095825,T_east,M3_XGBoost,Feb-Apr
2021-03-04,2020,3.127080175663256,2.5645692348480225,T_east,M3_XGBoost,Feb-Apr
2021-03-09,2020,2.79169329290817,2.8694748878479004,T_east,M3_XGBoost,Feb-Apr
2021-03-14,2020,4.272873570158218,3.4495389461517334,T_east,M3_XGBoost,Feb-Apr
2021-03-24,2020,2.718552065895059,3.0957558155059814,T_east,M3_XGBoost,Feb-Apr
2021-10-10,2021,2.599656185867491,2.380969524383545,T_east,M3_XGBoost,May-Oct
2021-10-30,2021,1.4939268781941024,1.4796245098114014,T_east,M3_XGBoost,May-Oct
2021-11-09,2021,0.8217267647990603,0.8044657111167908,T_east,M3_XGBoost,Nov-Jan
2021-11-19,2021,1.2266022705533157,0.7850108742713928,T_east,M3_XGBoost,Nov-Jan
2021-11-24,2021,0.8440739009889882,0.6458384990692139,T_east,M3_XGBoost,Nov-Jan
2021-11-29,2021,1.5533058248100824,1.451991319656372,T_east,M3_XGBoost,Nov-Jan
2021-12-09,2021,1.226602270553318,1.242063045501709,T_east,M3_XGBoost,Nov-Jan
2021-12-14,2021,1.7778536192756877,1.6597352027893066,T_east,M3_XGBoost,Nov-Jan
2021-12-19,2021,0.7518978340081227,0.733844518661499,T_east,M3_XGBoost,Nov-Jan
2021-12-24,2021,1.8848568445434972,2.0019493103027344,T_east,M3_XGBoost,Nov-Jan
2021-12-29,2021,1.9526233505273103,1.9235594272613525,T_east,M3_XGBoost,Nov-Jan
2022-01-08,2021,0.798928608544117,0.7912710309028625,T_east,M3_XGBoost,Nov-Jan
2022-01-13,2021,2.1045877019293706,1.636274814605713,T_east,M3_XGBoost,Nov-Jan
2022-01-18,2021,1.1943144083070303,1.4827816486358643,T_east,M3_XGBoost,Nov-Jan
2022-01-23,2021,2.037007107737654,2.087050676345825,T_east,M3_XGBoost,Nov-Jan
2022-02-07,2021,2.453586610438556,2.5824925899505615,T_east,M3_XGBoost,Feb-Apr
2022-02-12,2021,4.856818570529696,4.576592445373535,T_east,M3_XGBoost,Feb-Apr
2022-02-17,2021,2.4195880381973183,2.3673532009124756,T_east,M3_XGBoost,Feb-Apr
2022-02-22,2021,2.295337364429322,2.379472017288208,T_east,M3_XGBoost,Feb-Apr
2022-02-27,2021,1.5654903466681964,1.5916004180908203,T_east,M3_XGBoost,Feb-Apr
2022-03-04,2021,1.9662704302229046,1.9788509607315063,T_east,M3_XGBoost,Feb-Apr
2022-03-09,2021,2.391934677377478,2.3623874187469482,T_east,M3_XGBoost,Feb-Apr
2022-03-14,2021,2.402353458479545,2.5139358043670654,T_east,M3_XGBoost,Feb-Apr
2022-03-19,2021,2.398887196539959,2.397226095199585,T_east,M3_XGBoost,Feb-Apr
2022-03-24,2021,2.542493989333495,2.4767422676086426,T_east,M3_XGBoost,Feb-Apr
2022-08-31,2022,1.9249406808096117,0.8876523971557617,T_east,M3_XGBoost,May-Oct
2022-10-05,2022,2.2354485886177646,2.3891780376434326,T_east,M3_XGBoost,May-Oct
2022-10-10,2022,0.401726074742795,0.3841172158718109,T_east,M3_XGBoost,May-Oct
2022-10-15,2022,2.2239778731104876,2.199782133102417,T_east,M3_XGBoost,May-Oct
2022-10-20,2022,0.3158707858863335,0.8207523226737976,T_east,M3_XGBoost,May-Oct
2022-10-30,2022,1.843484440374583,1.7729405164718628,T_east,M3_XGBoost,May-Oct
2022-11-09,2022,2.161409260774802,1.9325064420700073,T_east,M3_XGBoost,Nov-Jan
2022-11-14,2022,0.9696542244231223,1.3597055673599243,T_east,M3_XGBoost,Nov-Jan
2022-11-24,2022,2.087968279996181,2.0650877952575684,T_east,M3_XGBoost,Nov-Jan
2022-12-04,2022,1.5410050331863245,1.6792283058166504,T_east,M3_XGBoost,Nov-Jan
2022-12-09,2022,0.9496582510855393,0.9086527824401855,T_east,M3_XGBoost,Nov-Jan
2022-12-14,2022,2.532810292543491,2.7794268131256104,T_east,M3_XGBoost,Nov-Jan
2022-12-24,2022,2.783029705939154,3.9832522869110107,T_east,M3_XGBoost,Nov-Jan
2022-12-29,2022,2.788808685013992,2.834233283996582,T_east,M3_XGBoost,Nov-Jan
2023-01-03,2022,1.9480459381578423,1.7966099977493286,T_east,M3_XGBoost,Nov-Jan
2023-01-08,2022,3.578640196627236,3.688246726989746,T_east,M3_XGBoost,Nov-Jan
2023-01-13,2022,1.4209706612573203,1.5255343914031982,T_east,M3_XGBoost,Nov-Jan
2023-01-18,2022,5.2655777212932025,4.7513251304626465,T_east,M3_XGBoost,Nov-Jan
2023-01-23,2022,1.9061875919223534,1.9276591539382935,T_east,M3_XGBoost,Nov-Jan
2023-01-28,2022,2.3849557060333155,2.426563262939453,T_east,M3_XGBoost,Nov-Jan
2023-02-02,2022,2.3281270528856504,2.1042280197143555,T_east,M3_XGBoost,Feb-Apr
2023-02-07,2022,2.4332614047906467,2.4372832775115967,T_east,M3_XGBoost,Feb-Apr
2023-02-12,2022,2.436664254409141,2.5443825721740723,T_east,M3_XGBoost,Feb-Apr
2023-02-17,2022,2.5001889722021082,2.502011299133301,T_east,M3_XGBoost,Feb-Apr
2023-02-22,2022,3.6581744690498663,3.7238612174987793,T_east,M3_XGBoost,Feb-Apr
2023-02-27,2022,2.028345494960213,2.086353302001953,T_east,M3_XGBoost,Feb-Apr
2023-03-04,2022,2.2201366947737204,2.24777889251709,T_east,M3_XGBoost,Feb-Apr
2023-03-09,2022,2.2842677753981957,2.5247743129730225,T_east,M3_XGBoost,Feb-Apr
2023-03-14,2022,2.709624131526499,2.3380041122436523,T_east,M3_XGBoost,Feb-Apr
2023-03-29,2022,2.727446369090273,2.6976826190948486,T_east,M3_XGBoost,Feb-Apr
2023-09-15,2023,3.5906378996173993,3.1747288703918457,T_east,M3_XGBoost,May-Oct
2023-09-25,2023,2.2842677753981944,2.109300136566162,T_east,M3_XGBoost,May-Oct
2023-10-10,2023,2.35676745490369,2.1129581928253174,T_east,M3_XGBoost,May-Oct
2023-10-15,2023,2.153415369635297,2.3083438873291016,T_east,M3_XGBoost,May-Oct
2023-10-20,2023,0.4965073679514247,0.5833912491798401,T_east,M3_XGBoost,May-Oct
2023-10-30,2023,0.9596997459300435,1.1494673490524292,T_east,M3_XGBoost,May-Oct
2023-11-09,2023,2.204681598678963,2.1164791584014893,T_east,M3_XGBoost,Nov-Jan
2023-11-14,2023,1.553305824810081,1.7305378913879395,T_east,M3_XGBoost,Nov-Jan
2023-11-19,2023,1.3259378031353588,1.7697275876998901,T_east,M3_XGBoost,Nov-Jan
2023-11-24,2023,0.9696542244231228,0.46741437911987305,T_east,M3_XGBoost,Nov-Jan
2023-12-09,2023,2.0921398231445587,2.4305529594421387,T_east,M3_XGBoost,Nov-Jan
2023-12-14,2023,1.9061875919223532,1.9177159070968628,T_east,M3_XGBoost,Nov-Jan
2023-12-19,2023,1.4938724646209809,1.4243156909942627,T_east,M3_XGBoost,Nov-Jan
2023-12-24,2023,1.4041118872689258,1.4629980325698853,T_east,M3_XGBoost,Nov-Jan
2023-12-29,2023,1.9752986418145575,1.8967788219451904,T_east,M3_XGBoost,Nov-Jan
2024-01-03,2023,0.8329554767263914,0.875921905040741,T_east,M3_XGBoost,Nov-Jan
2024-01-08,2023,1.6420233394340629,1.688453197479248,T_east,M3_XGBoost,Nov-Jan
2024-01-13,2023,2.145381284717333,1.999004602432251,T_east,M3_XGBoost,Nov-Jan
2024-01-18,2023,2.3245140141648424,2.073763370513916,T_east,M3_XGBoost,Nov-Jan
2024-01-23,2023,1.4313593111200733,1.6628586053848267,T_east,M3_XGBoost,Nov-Jan
2024-01-28,2023,2.470359816202812,2.091373920440674,T_east,M3_XGBoost,Nov-Jan
2024-02-02,2023,2.587088359558297,2.595452070236206,T_east,M3_XGBoost,Feb-Apr
2024-02-07,2023,4.737360160874043,4.59869909286499,T_east,M3_XGBoost,Feb-Apr
2024-02-12,2023,4.414766798782416,3.699683666229248,T_east,M3_XGBoost,Feb-Apr
2024-02-17,2023,4.825488033260379,4.893587112426758,T_east,M3_XGBoost,Feb-Apr
2024-02-22,2023,2.6027864630522277,2.5596272945404053,T_east,M3_XGBoost,Feb-Apr
2024-02-27,2023,2.7244852678682134,2.7584340572357178,T_east,M3_XGBoost,Feb-Apr
2024-03-03,2023,2.6765918120022074,2.6630754470825195,T_east,M3_XGBoost,Feb-Apr
2024-03-08,2023,2.5295721138793485,2.437565803527832,T_east,M3_XGBoost,Feb-Apr
2024-03-13,2023,2.416153891351526,2.6771628856658936,T_east,M3_XGBoost,Feb-Apr
2024-03-18,2023,2.227810304324792,2.320600748062134,T_east,M3_XGBoost,Feb-Apr
2024-03-28,2023,2.612150045961738,2.796553134918213,T_east,M3_XGBoost,Feb-Apr
2024-04-12,2023,2.759779556268466,3.280407428741455,T_east,M3_XGBoost,Feb-Apr
2024-04-27,2023,2.661417685595354,3.198033094406128,T_east,M3_XGBoost,Feb-Apr
2024-05-12,2024,2.0795912520018978,1.7856289148330688,T_east,M3_XGBoost,May-Oct
2024-09-19,2024,0.9795233911690108,1.8016258478164673,T_east,M3_XGBoost,May-Oct
2024-09-29,2024,2.1251164124266397,2.071856737136841,T_east,M3_XGBoost,May-Oct
2024-10-09,2024,1.424602999148343,1.7868527173995972,T_east,M3_XGBoost,May-Oct
2024-10-14,2024,1.9249406808096097,1.7960869073867798,T_east,M3_XGBoost,May-Oct
2024-10-19,2024,4.279100733157384,2.3802552223205566,T_east,M3_XGBoost,May-Oct
2024-10-29,2024,2.75393273197916,2.8812010288238525,T_east,M3_XGBoost,May-Oct
2017-01-09,2016,0.4581199816300919,0.7336604592845339,T_west,M0_Ratio,Nov-Jan
2017-02-08,2016,1.9108987709431877,2.152413659571911,T_west,M0_Ratio,Feb-Apr
2017-02-18,2016,1.9842720048274494,2.1338916416159397,T_west,M0_Ratio,Feb-Apr
2017-10-16,2017,0.9028238089233512,-0.7841744746977664,T_west,M0_Ratio,May-Oct
2017-11-05,2017,1.5533058248100804,1.1347366482614625,T_west,M0_Ratio,Nov-Jan
2017-11-10,2017,0.8767891386490705,1.1839920488665963,T_west,M0_Ratio,Nov-Jan
2017-11-30,2017,0.6248513161908307,0.47410915118051045,T_west,M0_Ratio,Nov-Jan
2017-12-15,2017,1.5410050331863268,1.8358710053725544,T_west,M0_Ratio,Nov-Jan
2017-12-20,2017,0.24188820126378624,0.43118150675226874,T_west,M0_Ratio,Nov-Jan
2017-12-30,2017,1.8775906917716378,0.8886570987687479,T_west,M0_Ratio,Nov-Jan
2018-01-04,2017,2.04131948613896,2.315282785582899,T_west,M0_Ratio,Nov-Jan
2018-01-09,2017,1.9842720048274496,2.4349473791298353,T_west,M0_Ratio,Nov-Jan
2018-01-19,2017,0.6774242317752743,1.029686313792979,T_west,M0_Ratio,Nov-Jan
2018-01-29,2017,1.9953758554889691,2.3757778450666667,T_west,M0_Ratio,Nov-Jan
2018-02-13,2017,1.7932770477689097,1.8270071803418686,T_west,M0_Ratio,Feb-Apr
2018-02-23,2017,2.4670168588951245,2.6748804415477876,T_west,M0_Ratio,Feb-Apr
2018-03-05,2017,2.45358661043856,2.644212840222812,T_west,M0_Ratio,Feb-Apr
2018-03-10,2017,2.4366642544091457,2.4718363378761268,T_west,M0_Ratio,Feb-Apr
2018-04-09,2017,2.3988871965399654,2.275783783221764,T_west,M0_Ratio,Feb-Apr
2018-10-16,2018,2.0921398231445587,1.9641346110014912,T_west,M0_Ratio,May-Oct
2018-11-25,2018,1.281099744730533,1.5765696120934807,T_west,M0_Ratio,Nov-Jan
2018-11-30,2018,0.96965422442312,0.9224612531202274,T_west,M0_Ratio,Nov-Jan
2018-12-10,2018,0.7152824574703865,0.8243649684753789,T_west,M0_Ratio,Nov-Jan
2018-12-25,2018,1.9388477594480025,1.830513946297859,T_west,M0_Ratio,Nov-Jan
2018-12-30,2018,1.464605625479053,1.8578402857383145,T_west,M0_Ratio,Nov-Jan
2019-01-04,2018,0.7638414915468451,1.2210713727013078,T_west,M0_Ratio,Nov-Jan
2019-01-09,2018,1.9504939576751352,1.9379674698467506,T_west,M0_Ratio,Nov-Jan
2019-01-19,2018,2.4298523696819783,2.7376090185109008,T_west,M0_Ratio,Nov-Jan
2019-01-24,2018,2.019633899430622,1.766529370306315,T_west,M0_Ratio,Nov-Jan
2019-01-29,2018,4.055900312008701,4.598197834850421,T_west,M0_Ratio,Nov-Jan
2019-02-03,2018,1.692517503394872,1.9859049956033146,T_west,M0_Ratio,Feb-Apr
2019-02-08,2018,1.0181777318039658,1.1119522767515657,T_west,M0_Ratio,Feb-Apr
2019-02-13,2018,1.3549414983779462,1.604845787330908,T_west,M0_Ratio,Feb-Apr
2019-02-18,2018,5.039395710173174,4.861488974159979,T_west,M0_Ratio,Feb-Apr
2019-02-23,2018,2.2046815986789703,2.5406436870215447,T_west,M0_Ratio,Feb-Apr
2019-02-28,2018,2.1251164124266397,2.2788663088699486,T_west,M0_Ratio,Feb-Apr
2019-03-05,2018,3.473550413255955,3.4999296342063615,T_west,M0_Ratio,Feb-Apr
2019-03-10,2018,2.381456216620189,2.497166998195264,T_west,M0_Ratio,Feb-Apr
2019-03-15,2018,2.2543928506063073,2.6190838372173717,T_west,M0_Ratio,Feb-Apr
2019-03-20,2018,2.771431766793968,2.564461602594275,T_west,M0_Ratio,Feb-Apr
2019-03-25,2018,3.573274109923686,3.040393172724336,T_west,M0_Ratio,Feb-Apr
2019-03-30,2018,2.703653257717317,3.341186403672916,T_west,M0_Ratio,Feb-Apr
2019-04-04,2018,3.174605899298893,2.7052777352860824,T_west,M0_Ratio,Feb-Apr
2019-04-09,2018,2.7304036833434497,2.76080042511472,T_west,M0_Ratio,Feb-Apr
2019-09-26,2019,2.096300187494258,2.190121579491249,T_west,M0_Ratio,May-Oct
2019-10-16,2019,1.2502604731257552,0.13232887678951283,T_west,M0_Ratio,May-Oct
2019-10-21,2019,1.7034835841047735,1.3939256970696547,T_west,M0_Ratio,May-Oct
2019-10-31,2019,3.6186794968846283,2.153893744388946,T_west,M0_Ratio,May-Oct
2019-11-05,2019,1.803464444795128,1.8944357722979785,T_west,M0_Ratio,Nov-Jan
2019-11-15,2019,2.450214271759892,1.9356940144556245,T_west,M0_Ratio,Nov-Jan
2019-11-20,2019,1.6730862719003299,1.06311994282902,T_west,M0_Ratio,Nov-Jan
2019-11-25,2019,1.6158884854942075,1.5547033132080872,T_west,M0_Ratio,Nov-Jan
2019-11-30,2019,0.6774242317752698,0.950947803524175,T_west,M0_Ratio,Nov-Jan
2019-12-05,2019,0.5696516995687099,0.7950151336258212,T_west,M0_Ratio,Nov-Jan
2019-12-10,2019,1.8630742681758898,1.9384723092629428,T_west,M0_Ratio,Nov-Jan
2019-12-15,2019,2.058447434598366,1.9628208605160062,T_west,M0_Ratio,Nov-Jan
2019-12-20,2019,2.223977873110486,2.558500234499665,T_west,M0_Ratio,Nov-Jan
2019-12-25,2019,1.7387086740944615,1.8456381987094055,T_west,M0_Ratio,Nov-Jan
2019-12-30,2019,1.8750954307270853,1.9830321578203352,T_west,M0_Ratio,Nov-Jan
2020-01-09,2019,1.347754560633281,1.7501172885325635,T_west,M0_Ratio,Nov-Jan
2020-01-14,2019,1.5348102219681015,1.573624386887801,T_west,M0_Ratio,Nov-Jan
2020-01-19,2019,1.0086344755020875,1.2753905594226764,T_west,M0_Ratio,Nov-Jan
2020-01-24,2019,5.204407587329137,5.387308590724002,T_west,M0_Ratio,Nov-Jan
2020-01-29,2019,3.476206300571806,4.406304303013632,T_west,M0_Ratio,Nov-Jan
2020-02-03,2019,2.2085589361016726,2.6378312164358606,T_west,M0_Ratio,Feb-Apr
2020-02-08,2019,1.7570162604019943,2.389341880700414,T_west,M0_Ratio,Feb-Apr
2020-02-13,2019,3.4466252124570778,4.212361482124561,T_west,M0_Ratio,Feb-Apr
2020-02-18,2019,2.6183697458327986,2.908112711412193,T_west,M0_Ratio,Feb-Apr
2020-02-23,2019,2.133253554676886,2.2544117456016632,T_west,M0_Ratio,Feb-Apr
2020-02-28,2019,2.2316337617538737,2.5367536470989123,T_west,M0_Ratio,Feb-Apr
2020-03-04,2019,2.083785398473268,2.4491730273199095,T_west,M0_Ratio,Feb-Apr
2020-03-09,2019,2.2619111016918163,2.3017359498790824,T_west,M0_Ratio,Feb-Apr
2020-03-14,2019,3.579166467474984,2.7529924778619783,T_west,M0_Ratio,Feb-Apr
2020-03-24,2019,2.6492039165635113,2.838016498661135,T_west,M0_Ratio,Feb-Apr
2020-11-09,2020,1.6247549205570482,1.0317381393090694,T_west,M0_Ratio,Nov-Jan
2020-11-14,2020,1.7118885462178828,0.7211130466919573,T_west,M0_Ratio,Nov-Jan
2020-11-19,2020,4.829961444991641,4.970268099445618,T_west,M0_Ratio,Nov-Jan
2020-11-24,2020,1.920275189658733,1.8052855618866004,T_west,M0_Ratio,Nov-Jan
2020-11-29,2020,1.230571220056465,0.8896233548226156,T_west,M0_Ratio,Nov-Jan
2020-12-09,2020,4.807425267259573,5.142544577827427,T_west,M0_Ratio,Nov-Jan
2020-12-14,2020,1.8967186546234638,1.8130144203613254,T_west,M0_Ratio,Nov-Jan
2020-12-19,2020,2.5198258421069646,2.5821524548006742,T_west,M0_Ratio,Nov-Jan
2020-12-24,2020,1.772673880139067,2.1111208290596424,T_west,M0_Ratio,Nov-Jan
2021-01-03,2020,1.8941626622744112,1.6884776546386528,T_west,M0_Ratio,Nov-Jan
2021-01-08,2020,0.9795233911690083,1.277599081420104,T_west,M0_Ratio,Nov-Jan
2021-01-13,2020,2.3902375780712553,2.4479335589841105,T_west,M0_Ratio,Nov-Jan
2021-01-18,2020,1.9571864942767623,2.1276162624078134,T_west,M0_Ratio,Nov-Jan
2021-01-23,2020,2.7539327319791553,3.3122350748551637,T_west,M0_Ratio,Nov-Jan
2021-01-28,2020,1.931850732744828,2.2261217540043905,T_west,M0_Ratio,Nov-Jan
2021-02-02,2020,1.9501460597365512,2.200727682003752,T_west,M0_Ratio,Feb-Apr
2021-02-07,2020,2.4803539049090486,2.727900879200531,T_west,M0_Ratio,Feb-Apr
2021-02-12,2020,2.2731261094633917,2.50761877940699,T_west,M0_Ratio,Feb-Apr
2021-02-17,2020,2.7945745266488324,2.507661749745299,T_west,M0_Ratio,Feb-Apr
2021-02-22,2020,2.129190186015221,2.230310268001522,T_west,M0_Ratio,Feb-Apr
2021-03-04,2020,2.7421967869028956,2.5952470665327936,T_west,M0_Ratio,Feb-Apr
2021-03-09,2020,2.745136121391249,3.2103465852003352,T_west,M0_Ratio,Feb-Apr
2021-03-14,2020,4.336433978107022,4.535765451773345,T_west,M0_Ratio,Feb-Apr
2021-03-24,2020,2.590237281912038,3.3154276888296894,T_west,M0_Ratio,Feb-Apr
2021-10-10,2021,3.351768067986827,2.4047052956600905,T_west,M0_Ratio,May-Oct
2021-10-30,2021,1.975298641814556,1.4671505004209846,T_west,M0_Ratio,May-Oct
2021-11-09,2021,0.5975971033970217,0.7013573496289264,T_west,M0_Ratio,Nov-Jan
2021-11-19,2021,0.898087628333772,0.6458011899387515,T_west,M0_Ratio,Nov-Jan
2021-11-24,2021,0.4965073679514246,0.44789560799915196,T_west,M0_Ratio,Nov-Jan
2021-11-29,2021,1.292535573508616,1.4609472310728118,T_west,M0_Ratio,Nov-Jan
2021-12-09,2021,1.2502604731257545,1.2575233415816953,T_west,M0_Ratio,Nov-Jan
2021-12-14,2021,1.825910076534528,1.8959740193799652,T_west,M0_Ratio,Nov-Jan
2021-12-19,2021,0.5340432161859793,0.8245283828869754,T_west,M0_Ratio,Nov-Jan
2021-12-24,2021,2.079591252001898,2.2066815847948984,T_west,M0_Ratio,Nov-Jan
2021-12-29,2021,1.7726738801390671,2.0566469330789845,T_west,M0_Ratio,Nov-Jan
2022-01-08,2021,-0.0669993617943906,0.7045584786253186,T_west,M0_Ratio,Nov-Jan
2022-01-13,2021,2.137306440850009,1.8599541091269165,T_west,M0_Ratio,Nov-Jan
2022-01-18,2021,0.9795233911690123,1.5457173345636765,T_west,M0_Ratio,Nov-Jan
2022-01-23,2021,2.1066119249108035,2.1415747897932915,T_west,M0_Ratio,Nov-Jan
2022-02-07,2021,2.4023534584795447,2.71041119895034,T_west,M0_Ratio,Feb-Apr
2022-02-12,2021,5.086027442285121,5.037559148986846,T_west,M0_Ratio,Feb-Apr
2022-02-17,2021,2.3638560407739275,2.6108151027008932,T_west,M0_Ratio,Feb-Apr
2022-02-22,2021,2.587088359558297,2.3590233761311077,T_west,M0_Ratio,Feb-Apr
2022-02-27,2021,1.4209328331226756,1.6933139798989418,T_west,M0_Ratio,Feb-Apr
2022-03-04,2021,1.9434541419573157,2.1880222906814155,T_west,M0_Ratio,Feb-Apr
2022-03-09,2021,2.2842677753981957,2.511001830361375,T_west,M0_Ratio,Feb-Apr
2022-03-14,2021,2.302677679671272,2.6335203682735076,T_west,M0_Ratio,Feb-Apr
2022-03-19,2021,2.3567674549036877,2.5539740049763195,T_west,M0_Ratio,Feb-Apr
2022-03-24,2021,2.4803539049090473,2.4638378900924987,T_west,M0_Ratio,Feb-Apr
2022-08-31,2022,1.9617354833058622,1.301197805799887,T_west,M0_Ratio,May-Oct
2022-10-05,2022,3.839871953128923,2.4822025615082346,T_west,M0_Ratio,May-Oct
2022-10-10,2022,1.6072565079379484,-0.355380661920338,T_west,M0_Ratio,May-Oct
2022-10-15,2022,2.5649116042403355,2.2658805760671012,T_west,M0_Ratio,May-Oct
2022-10-20,2022,0.7470044514132299,0.5889374138288186,T_west,M0_Ratio,May-Oct
2022-10-30,2022,2.187152762681437,1.9884203868784307,T_west,M0_Ratio,May-Oct
2022-11-04,2022,4.72551389868606,2.788531617688314,T_west,M0_Ratio,Nov-Jan
2022-11-09,2022,2.2842677753981953,2.1826294529122556,T_west,M0_Ratio,Nov-Jan
2022-11-14,2022,2.017806652569266,1.3833373002531903,T_west,M0_Ratio,Nov-Jan
2022-11-24,2022,2.3281270528856512,2.192139906929878,T_west,M0_Ratio,Nov-Jan
2022-12-04,2022,1.6980117466390212,1.7342190860878826,T_west,M0_Ratio,Nov-Jan
2022-12-09,2022,1.2424259233265722,0.7548039878006916,T_west,M0_Ratio,Nov-Jan
2022-12-14,2022,2.7274463690902753,2.8926385210793972,T_west,M0_Ratio,Nov-Jan
2022-12-24,2022,4.006724920886051,4.251256065336675,T_west,M0_Ratio,Nov-Jan
2022-12-29,2022,3.3121006550900627,3.2535639904554348,T_west,M0_Ratio,Nov-Jan
2023-01-03,2022,1.6477295934987697,1.9940899873795193,T_west,M0_Ratio,Nov-Jan
2023-01-08,2022,3.1100693858492168,3.7687229855318773,T_west,M0_Ratio,Nov-Jan
2023-01-13,2022,1.202468416307643,1.5893389436442367,T_west,M0_Ratio,Nov-Jan
2023-01-18,2022,5.070262734506427,5.36957808419553,T_west,M0_Ratio,Nov-Jan
2023-01-23,2022,1.6814609110035792,2.2183088803491797,T_west,M0_Ratio,Nov-Jan
2023-01-28,2022,2.5839345933664344,2.582953563177031,T_west,M0_Ratio,Nov-Jan
2023-02-02,2022,2.1574173045285017,2.2417180993218166,T_west,M0_Ratio,Feb-Apr
2023-02-07,2022,2.346081426960322,2.6412270470925394,T_west,M0_Ratio,Feb-Apr
2023-02-12,2022,2.32451401416484,2.5601628888665444,T_west,M0_Ratio,Feb-Apr
2023-02-17,2022,2.652153003634471,2.6910069836603467,T_west,M0_Ratio,Feb-Apr
2023-02-22,2022,2.633841219951272,3.7039968601310185,T_west,M0_Ratio,Feb-Apr
2023-02-27,2022,1.9662704302229028,2.158848128081132,T_west,M0_Ratio,Feb-Apr
2023-03-04,2022,2.1693635125282986,2.4861011762712204,T_west,M0_Ratio,Feb-Apr
2023-03-09,2022,2.284075517641235,2.5772154793464517,T_west,M0_Ratio,Feb-Apr
2023-03-14,2022,2.342505175380539,2.4863170098014313,T_west,M0_Ratio,Feb-Apr
2023-03-29,2022,2.583934593366435,2.7026870871219626,T_west,M0_Ratio,Feb-Apr
2023-09-15,2023,4.197497642869459,2.7986934972720836,T_west,M0_Ratio,May-Oct
2023-09-25,2023,3.3921458209379662,2.291865295271695,T_west,M0_Ratio,May-Oct
2023-10-10,2023,2.3779498295749124,2.3206610048529184,T_west,M0_Ratio,May-Oct
2023-10-15,2023,2.685647831406695,2.4655286534162673,T_west,M0_Ratio,May-Oct
2023-10-20,2023,1.0687294102212739,0.15610740548264748,T_west,M0_Ratio,May-Oct
2023-10-30,2023,1.3620867219978745,1.1748812726753062,T_west,M0_Ratio,May-Oct
2023-11-09,2023,2.435039640037394,2.250796507739415,T_west,M0_Ratio,Nov-Jan
2023-11-14,2023,1.5160439702574886,1.591170771211863,T_west,M0_Ratio,Nov-Jan
2023-11-19,2023,1.4416493116860725,1.9044532753196048,T_west,M0_Ratio,Nov-Jan
2023-11-24,2023,0.7028054378335604,0.6000346853920888,T_west,M0_Ratio,Nov-Jan
2023-12-09,2023,2.4451452586343336,2.4737575057945063,T_west,M0_Ratio,Nov-Jan
2023-12-14,2023,1.8919606357544658,2.090640841129544,T_west,M0_Ratio,Nov-Jan
2023-12-19,2023,1.325937803135358,1.5410778885531993,T_west,M0_Ratio,Nov-Jan
2023-12-24,2023,1.2105672467471171,1.5244796106593632,T_west,M0_Ratio,Nov-Jan
2023-12-29,2023,1.9249406808096174,2.204004624249461,T_west,M0_Ratio,Nov-Jan
2024-01-03,2023,0.6248513161908273,0.8396616108208959,T_west,M0_Ratio,Nov-Jan
2024-01-08,2023,2.4400608285843286,1.8444482587022135,T_west,M0_Ratio,Nov-Jan
2024-01-13,2023,1.9683090862742731,2.313390218176447,T_west,M0_Ratio,Nov-Jan
2024-01-18,2023,2.1929938923098633,2.4383286271022016,T_west,M0_Ratio,Nov-Jan
2024-01-23,2023,1.2810997447305281,1.774082724213266,T_west,M0_Ratio,Nov-Jan
2024-01-28,2023,2.3099869672316737,2.292369345402761,T_west,M0_Ratio,Nov-Jan
2024-02-02,2023,2.650483575633937,2.7282169534242207,T_west,M0_Ratio,Feb-Apr
2024-02-07,2023,4.510784981281184,4.665187128947437,T_west,M0_Ratio,Feb-Apr
2024-02-12,2023,4.134135039713431,4.105480011485626,T_west,M0_Ratio,Feb-Apr
2024-02-17,2023,4.72322414921491,4.940294616011686,T_west,M0_Ratio,Feb-Apr
2024-02-22,2023,2.4736969745720323,2.65881780013149,T_west,M0_Ratio,Feb-Apr
2024-02-27,2023,2.703653257717317,2.7729649008779984,T_west,M0_Ratio,Feb-Apr
2024-03-03,2023,2.526328585318158,2.803553327952635,T_west,M0_Ratio,Feb-Apr
2024-03-08,2023,2.519825842106963,2.670579807383562,T_west,M0_Ratio,Feb-Apr
2024-03-13,2023,2.3172656174527755,2.498060026448448,T_west,M0_Ratio,Feb-Apr
2024-03-18,2023,2.1693635125283017,2.442139096294281,T_west,M0_Ratio,Feb-Apr
2024-03-28,2023,2.5067562814010675,2.680577166375397,T_west,M0_Ratio,Feb-Apr
2024-04-12,2023,2.633841219951272,3.346319446876532,T_west,M0_Ratio,Feb-Apr
2024-04-27,2023,2.621472933173149,2.6305933740647736,T_west,M0_Ratio,Feb-Apr
2024-05-12,2024,2.3496506166262883,1.6990320653701487,T_west,M0_Ratio,May-Oct
2024-09-19,2024,1.6420233394340669,1.3832486836845246,T_west,M0_Ratio,May-Oct
2024-09-29,2024,2.3673899128250135,1.8893444790968985,T_west,M0_Ratio,May-Oct
2024-10-09,2024,1.785669857766618,1.3991032971774087,T_west,M0_Ratio,May-Oct
2024-10-14,2024,2.693313724774869,1.873374164487387,T_west,M0_Ratio,May-Oct
2024-10-19,2024,4.091827270811713,2.5318413502117987,T_west,M0_Ratio,May-Oct
2024-10-29,2024,4.129613748296032,3.31625133278439,T_west,M0_Ratio,May-Oct
2017-01-09,2016,0.4581199816300919,0.6242109768888704,T_west,M1_Ridge,Nov-Jan
2017-02-08,2016,1.9108987709431877,1.817708839998447,T_west,M1_Ridge,Feb-Apr
2017-02-18,2016,1.9842720048274494,1.7304374785967984,T_west,M1_Ridge,Feb-Apr
2017-10-16,2017,0.9028238089233512,0.3570204939968258,T_west,M1_Ridge,May-Oct
2017-11-05,2017,1.5533058248100804,1.4215059278343585,T_west,M1_Ridge,Nov-Jan
2017-11-10,2017,0.8767891386490705,1.5583802557512474,T_west,M1_Ridge,Nov-Jan
2017-11-30,2017,0.6248513161908307,0.6837319619410893,T_west,M1_Ridge,Nov-Jan
2017-12-15,2017,1.5410050331863268,1.7684372851217771,T_west,M1_Ridge,Nov-Jan
2017-12-20,2017,0.24188820126378624,0.29393924214466205,T_west,M1_Ridge,Nov-Jan
2017-12-30,2017,1.8775906917716378,1.160051875124451,T_west,M1_Ridge,Nov-Jan
2018-01-04,2017,2.04131948613896,1.9888036842358492,T_west,M1_Ridge,Nov-Jan
2018-01-09,2017,1.9842720048274496,2.437905749425828,T_west,M1_Ridge,Nov-Jan
2018-01-19,2017,0.6774242317752743,0.7008432311327852,T_west,M1_Ridge,Nov-Jan
2018-01-29,2017,1.9953758554889691,2.4492582234414213,T_west,M1_Ridge,Nov-Jan
2018-02-13,2017,1.7932770477689097,1.5007105436144976,T_west,M1_Ridge,Feb-Apr
2018-02-23,2017,2.4670168588951245,2.3540477246421205,T_west,M1_Ridge,Feb-Apr
2018-03-05,2017,2.45358661043856,2.549913360492941,T_west,M1_Ridge,Feb-Apr
2018-03-10,2017,2.4366642544091457,2.125166079453469,T_west,M1_Ridge,Feb-Apr
2018-04-09,2017,2.3988871965399654,2.4303406064984094,T_west,M1_Ridge,Feb-Apr
2018-10-16,2018,2.0921398231445587,2.206354974945767,T_west,M1_Ridge,May-Oct
2018-11-25,2018,1.281099744730533,1.6941803572989735,T_west,M1_Ridge,Nov-Jan
2018-11-30,2018,0.96965422442312,0.929839160744814,T_west,M1_Ridge,Nov-Jan
2018-12-10,2018,0.7152824574703865,0.6534394233664931,T_west,M1_Ridge,Nov-Jan
2018-12-25,2018,1.9388477594480025,1.6335828841270483,T_west,M1_Ridge,Nov-Jan
2018-12-30,2018,1.464605625479053,1.8224285803712044,T_west,M1_Ridge,Nov-Jan
2019-01-04,2018,0.7638414915468451,1.0586882797710122,T_west,M1_Ridge,Nov-Jan
2019-01-09,2018,1.9504939576751352,1.8215063333269992,T_west,M1_Ridge,Nov-Jan
2019-01-19,2018,2.4298523696819783,2.464016231208137,T_west,M1_Ridge,Nov-Jan
2019-01-24,2018,2.019633899430622,1.521242459086329,T_west,M1_Ridge,Nov-Jan
2019-01-29,2018,4.055900312008701,4.222853575770471,T_west,M1_Ridge,Nov-Jan
2019-02-03,2018,1.692517503394872,1.512391984064106,T_west,M1_Ridge,Feb-Apr
2019-02-08,2018,1.0181777318039658,0.8461112222311824,T_west,M1_Ridge,Feb-Apr
2019-02-13,2018,1.3549414983779462,1.3425965960773008,T_west,M1_Ridge,Feb-Apr
2019-02-18,2018,5.039395710173174,4.595557696574926,T_west,M1_Ridge,Feb-Apr
2019-02-23,2018,2.2046815986789703,2.220820797691335,T_west,M1_Ridge,Feb-Apr
2019-02-28,2018,2.1251164124266397,1.9322839597642023,T_west,M1_Ridge,Feb-Apr
2019-03-05,2018,3.473550413255955,3.3365346055271394,T_west,M1_Ridge,Feb-Apr
2019-03-10,2018,2.381456216620189,2.3988888502223245,T_west,M1_Ridge,Feb-Apr
2019-03-15,2018,2.2543928506063073,2.3386465755849923,T_west,M1_Ridge,Feb-Apr
2019-03-20,2018,2.771431766793968,2.448536127864665,T_west,M1_Ridge,Feb-Apr
2019-03-25,2018,3.573274109923686,2.8988252792255924,T_west,M1_Ridge,Feb-Apr
2019-03-30,2018,2.703653257717317,2.785892086638998,T_west,M1_Ridge,Feb-Apr
2019-04-04,2018,3.174605899298893,2.9333916452926814,T_west,M1_Ridge,Feb-Apr
2019-04-09,2018,2.7304036833434497,2.921261610430713,T_west,M1_Ridge,Feb-Apr
2019-09-26,2019,2.096300187494258,2.94547516206466,T_west,M1_Ridge,May-Oct
2019-10-16,2019,1.2502604731257552,0.5522934195074478,T_west,M1_Ridge,May-Oct
2019-10-21,2019,1.7034835841047735,1.8213260096728325,T_west,M1_Ridge,May-Oct
2019-10-31,2019,3.6186794968846283,2.776704034273287,T_west,M1_Ridge,May-Oct
2019-11-05,2019,1.803464444795128,2.0699263521490154,T_west,M1_Ridge,Nov-Jan
2019-11-15,2019,2.450214271759892,2.1261594280477576,T_west,M1_Ridge,Nov-Jan
2019-11-20,2019,1.6730862719003299,1.5868816372541636,T_west,M1_Ridge,Nov-Jan
2019-11-25,2019,1.6158884854942075,1.5632070651817291,T_west,M1_Ridge,Nov-Jan
2019-11-30,2019,0.6774242317752698,0.7820562206779968,T_west,M1_Ridge,Nov-Jan
2019-12-05,2019,0.5696516995687099,0.8148285027091149,T_west,M1_Ridge,Nov-Jan
2019-12-10,2019,1.8630742681758898,1.8942879939411652,T_west,M1_Ridge,Nov-Jan
2019-12-15,2019,2.058447434598366,1.945562631719855,T_west,M1_Ridge,Nov-Jan
2019-12-20,2019,2.223977873110486,2.3482410061474925,T_west,M1_Ridge,Nov-Jan
2019-12-25,2019,1.7387086740944615,1.916361782011729,T_west,M1_Ridge,Nov-Jan
2019-12-30,2019,1.8750954307270853,1.8021394936410802,T_west,M1_Ridge,Nov-Jan
2020-01-09,2019,1.347754560633281,1.5157432357157015,T_west,M1_Ridge,Nov-Jan
2020-01-14,2019,1.5348102219681015,1.3407776612885023,T_west,M1_Ridge,Nov-Jan
2020-01-19,2019,1.0086344755020875,1.4252496234069705,T_west,M1_Ridge,Nov-Jan
2020-01-24,2019,5.204407587329137,4.9019182395305325,T_west,M1_Ridge,Nov-Jan
2020-01-29,2019,3.476206300571806,3.7932191552838352,T_west,M1_Ridge,Nov-Jan
2020-02-03,2019,2.2085589361016726,2.4254818376564313,T_west,M1_Ridge,Feb-Apr
2020-02-08,2019,1.7570162604019943,2.1302920826320206,T_west,M1_Ridge,Feb-Apr
2020-02-13,2019,3.4466252124570778,3.5868556289175757,T_west,M1_Ridge,Feb-Apr
2020-02-18,2019,2.6183697458327986,2.7223840550521343,T_west,M1_Ridge,Feb-Apr
2020-02-23,2019,2.133253554676886,2.1507715563210685,T_west,M1_Ridge,Feb-Apr
2020-02-28,2019,2.2316337617538737,2.2753287955985977,T_west,M1_Ridge,Feb-Apr
2020-03-04,2019,2.083785398473268,2.1297454292267424,T_west,M1_Ridge,Feb-Apr
2020-03-09,2019,2.2619111016918163,2.139924405494974,T_west,M1_Ridge,Feb-Apr
2020-03-14,2019,3.579166467474984,2.6760514174331202,T_west,M1_Ridge,Feb-Apr
2020-03-24,2019,2.6492039165635113,2.6501848595344493,T_west,M1_Ridge,Feb-Apr
2020-11-09,2020,1.6247549205570482,1.1113370451326183,T_west,M1_Ridge,Nov-Jan
2020-11-14,2020,1.7118885462178828,1.3090356869058013,T_west,M1_Ridge,Nov-Jan
2020-11-19,2020,4.829961444991641,4.7482545568472485,T_west,M1_Ridge,Nov-Jan
2020-11-24,2020,1.920275189658733,2.024106448608698,T_west,M1_Ridge,Nov-Jan
2020-11-29,2020,1.230571220056465,1.3147419044796438,T_west,M1_Ridge,Nov-Jan
2020-12-09,2020,4.807425267259573,4.795731999479997,T_west,M1_Ridge,Nov-Jan
2020-12-14,2020,1.8967186546234638,1.7410780648416657,T_west,M1_Ridge,Nov-Jan
2020-12-19,2020,2.5198258421069646,2.638370632218755,T_west,M1_Ridge,Nov-Jan
2020-12-24,2020,1.772673880139067,1.7630028543122176,T_west,M1_Ridge,Nov-Jan
2021-01-03,2020,1.8941626622744112,1.6332899386603035,T_west,M1_Ridge,Nov-Jan
2021-01-08,2020,0.9795233911690083,1.0723165115513837,T_west,M1_Ridge,Nov-Jan
2021-01-13,2020,2.3902375780712553,2.1340369671296484,T_west,M1_Ridge,Nov-Jan
2021-01-18,2020,1.9571864942767623,1.822117516198481,T_west,M1_Ridge,Nov-Jan
2021-01-23,2020,2.7539327319791553,2.817285065440347,T_west,M1_Ridge,Nov-Jan
2021-01-28,2020,1.931850732744828,2.181466078498594,T_west,M1_Ridge,Nov-Jan
2021-02-02,2020,1.9501460597365512,2.06603957222899,T_west,M1_Ridge,Feb-Apr
2021-02-07,2020,2.4803539049090486,2.5642289386004684,T_west,M1_Ridge,Feb-Apr
2021-02-12,2020,2.2731261094633917,2.0770213371099935,T_west,M1_Ridge,Feb-Apr
2021-02-17,2020,2.7945745266488324,2.212824471220947,T_west,M1_Ridge,Feb-Apr
2021-02-22,2020,2.129190186015221,2.2339433030944824,T_west,M1_Ridge,Feb-Apr
2021-03-04,2020,2.7421967869028956,2.8980189304825563,T_west,M1_Ridge,Feb-Apr
2021-03-09,2020,2.745136121391249,3.356129069288384,T_west,M1_Ridge,Feb-Apr
2021-03-14,2020,4.336433978107022,4.49214151998085,T_west,M1_Ridge,Feb-Apr
2021-03-24,2020,2.590237281912038,3.2672797800521525,T_west,M1_Ridge,Feb-Apr
2021-10-10,2021,3.351768067986827,3.2675284585176745,T_west,M1_Ridge,May-Oct
2021-10-30,2021,1.975298641814556,1.7976015680626851,T_west,M1_Ridge,May-Oct
2021-11-09,2021,0.5975971033970217,0.854591101760453,T_west,M1_Ridge,Nov-Jan
2021-11-19,2021,0.898087628333772,0.6287344257636398,T_west,M1_Ridge,Nov-Jan
2021-11-24,2021,0.4965073679514246,0.45797975087651555,T_west,M1_Ridge,Nov-Jan
2021-11-29,2021,1.292535573508616,1.4384862208131128,T_west,M1_Ridge,Nov-Jan
2021-12-09,2021,1.2502604731257545,1.2272592259064763,T_west,M1_Ridge,Nov-Jan
2021-12-14,2021,1.825910076534528,1.8713510431077651,T_west,M1_Ridge,Nov-Jan
2021-12-19,2021,0.5340432161859793,0.892614082706308,T_west,M1_Ridge,Nov-Jan
2021-12-24,2021,2.079591252001898,2.1482586486712565,T_west,M1_Ridge,Nov-Jan
2021-12-29,2021,1.7726738801390671,1.9009348627288123,T_west,M1_Ridge,Nov-Jan
2022-01-08,2021,-0.0669993617943906,0.5080976060355304,T_west,M1_Ridge,Nov-Jan
2022-01-13,2021,2.137306440850009,1.7103383855768546,T_west,M1_Ridge,Nov-Jan
2022-01-18,2021,0.9795233911690123,1.3270296163365796,T_west,M1_Ridge,Nov-Jan
2022-01-23,2021,2.1066119249108035,1.9717769466213177,T_west,M1_Ridge,Nov-Jan
2022-02-07,2021,2.4023534584795447,2.4438587737603252,T_west,M1_Ridge,Feb-Apr
2022-02-12,2021,5.086027442285121,4.435356982076627,T_west,M1_Ridge,Feb-Apr
2022-02-17,2021,2.3638560407739275,2.410200132141815,T_west,M1_Ridge,Feb-Apr
2022-02-22,2021,2.587088359558297,2.6292645293603165,T_west,M1_Ridge,Feb-Apr
2022-02-27,2021,1.4209328331226756,1.5207217424351769,T_west,M1_Ridge,Feb-Apr
2022-03-04,2021,1.9434541419573157,2.0994729291930927,T_west,M1_Ridge,Feb-Apr
2022-03-09,2021,2.2842677753981957,2.306514382425263,T_west,M1_Ridge,Feb-Apr
2022-03-14,2021,2.302677679671272,2.409420821185141,T_west,M1_Ridge,Feb-Apr
2022-03-19,2021,2.3567674549036877,2.4625171730309403,T_west,M1_Ridge,Feb-Apr
2022-03-24,2021,2.4803539049090473,2.7591828128259994,T_west,M1_Ridge,Feb-Apr
2022-08-31,2022,1.9617354833058622,2.4722035189906775,T_west,M1_Ridge,May-Oct
2022-10-05,2022,3.839871953128923,3.0297179435404606,T_west,M1_Ridge,May-Oct
2022-10-10,2022,1.6072565079379484,1.256228901199725,T_west,M1_Ridge,May-Oct
2022-10-15,2022,2.5649116042403355,2.953784569643246,T_west,M1_Ridge,May-Oct
2022-10-20,2022,0.7470044514132299,0.8918732167728889,T_west,M1_Ridge,May-Oct
2022-10-30,2022,2.187152762681437,2.182984838627458,T_west,M1_Ridge,May-Oct
2022-11-04,2022,4.72551389868606,3.242161072242072,T_west,M1_Ridge,Nov-Jan
2022-11-09,2022,2.2842677753981953,2.4410137827032226,T_west,M1_Ridge,Nov-Jan
2022-11-14,2022,2.017806652569266,1.599560463984619,T_west,M1_Ridge,Nov-Jan
2022-11-24,2022,2.3281270528856512,2.3470189762540645,T_west,M1_Ridge,Nov-Jan
2022-12-04,2022,1.6980117466390212,1.6042790974542882,T_west,M1_Ridge,Nov-Jan
2022-12-09,2022,1.2424259233265722,0.7469975968761464,T_west,M1_Ridge,Nov-Jan
2022-12-14,2022,2.7274463690902753,2.689696375589497,T_west,M1_Ridge,Nov-Jan
2022-12-24,2022,4.006724920886051,4.561610573319882,T_west,M1_Ridge,Nov-Jan
2022-12-29,2022,3.3121006550900627,3.3891783927278425,T_west,M1_Ridge,Nov-Jan
2023-01-03,2022,1.6477295934987697,1.6177646427428933,T_west,M1_Ridge,Nov-Jan
2023-01-08,2022,3.1100693858492168,3.9025688948628443,T_west,M1_Ridge,Nov-Jan
2023-01-13,2022,1.202468416307643,1.5011024100537869,T_west,M1_Ridge,Nov-Jan
2023-01-18,2022,5.070262734506427,4.846067461979914,T_west,M1_Ridge,Nov-Jan
2023-01-23,2022,1.6814609110035792,2.0366224236063353,T_west,M1_Ridge,Nov-Jan
2023-01-28,2022,2.5839345933664344,2.4847897569915722,T_west,M1_Ridge,Nov-Jan
2023-02-02,2022,2.1574173045285017,2.020862571952378,T_west,M1_Ridge,Feb-Apr
2023-02-07,2022,2.346081426960322,2.299597468592582,T_west,M1_Ridge,Feb-Apr
2023-02-12,2022,2.32451401416484,2.194428252027362,T_west,M1_Ridge,Feb-Apr
2023-02-17,2022,2.652153003634471,2.505996385927202,T_west,M1_Ridge,Feb-Apr
2023-02-22,2022,2.633841219951272,3.7834357941991286,T_west,M1_Ridge,Feb-Apr
2023-02-27,2022,1.9662704302229028,1.8515343331605043,T_west,M1_Ridge,Feb-Apr
2023-03-04,2022,2.1693635125282986,2.131192811480483,T_west,M1_Ridge,Feb-Apr
2023-03-09,2022,2.284075517641235,2.3997376224219953,T_west,M1_Ridge,Feb-Apr
2023-03-14,2022,2.342505175380539,2.256371646645997,T_west,M1_Ridge,Feb-Apr
2023-03-29,2022,2.583934593366435,2.6201716772026926,T_west,M1_Ridge,Feb-Apr
2023-09-15,2023,4.197497642869459,4.120540005569445,T_west,M1_Ridge,May-Oct
2023-09-25,2023,3.3921458209379662,3.400877479520402,T_west,M1_Ridge,May-Oct
2023-10-10,2023,2.3779498295749124,3.089045025462315,T_west,M1_Ridge,May-Oct
2023-10-15,2023,2.685647831406695,3.1179663934764092,T_west,M1_Ridge,May-Oct
2023-10-20,2023,1.0687294102212739,1.033926257807813,T_west,M1_Ridge,May-Oct
2023-10-30,2023,1.3620867219978745,1.29570272991795,T_west,M1_Ridge,May-Oct
2023-11-09,2023,2.435039640037394,2.4270103515499915,T_west,M1_Ridge,Nov-Jan
2023-11-14,2023,1.5160439702574886,1.979709660296501,T_west,M1_Ridge,Nov-Jan
2023-11-19,2023,1.4416493116860725,1.6468115844179878,T_west,M1_Ridge,Nov-Jan
2023-11-24,2023,0.7028054378335604,0.8450149650818486,T_west,M1_Ridge,Nov-Jan
2023-12-09,2023,2.4451452586343336,2.6937434035863603,T_west,M1_Ridge,Nov-Jan
2023-12-14,2023,1.8919606357544658,2.003798085865011,T_west,M1_Ridge,Nov-Jan
2023-12-19,2023,1.325937803135358,1.5868361412407732,T_west,M1_Ridge,Nov-Jan
2023-12-24,2023,1.2105672467471171,1.6099355401038944,T_west,M1_Ridge,Nov-Jan
2023-12-29,2023,1.9249406808096174,1.9286861527551382,T_west,M1_Ridge,Nov-Jan
2024-01-03,2023,0.6248513161908273,0.6763658697922397,T_west,M1_Ridge,Nov-Jan
2024-01-08,2023,2.4400608285843286,1.9936988886159464,T_west,M1_Ridge,Nov-Jan
2024-01-13,2023,1.9683090862742731,2.261107880722548,T_west,M1_Ridge,Nov-Jan
2024-01-18,2023,2.1929938923098633,2.078453104087985,T_west,M1_Ridge,Nov-Jan
2024-01-23,2023,1.2810997447305281,1.5492853188245952,T_west,M1_Ridge,Nov-Jan
2024-01-28,2023,2.3099869672316737,1.9616091942314235,T_west,M1_Ridge,Nov-Jan
2024-02-02,2023,2.650483575633937,2.419867085372245,T_west,M1_Ridge,Feb-Apr
2024-02-07,2023,4.510784981281184,4.092423729199808,T_west,M1_Ridge,Feb-Apr
2024-02-12,2023,4.134135039713431,3.4011412609877967,T_west,M1_Ridge,Feb-Apr
2024-02-17,2023,4.72322414921491,4.225289435333998,T_west,M1_Ridge,Feb-Apr
2024-02-22,2023,2.4736969745720323,2.3942988637224065,T_west,M1_Ridge,Feb-Apr
2024-02-27,2023,2.703653257717317,2.6899593217808357,T_west,M1_Ridge,Feb-Apr
2024-03-03,2023,2.526328585318158,2.3968177389533967,T_west,M1_Ridge,Feb-Apr
2024-03-08,2023,2.519825842106963,2.5587978733350947,T_west,M1_Ridge,Feb-Apr
2024-03-13,2023,2.3172656174527755,2.563111287183738,T_west,M1_Ridge,Feb-Apr
2024-03-18,2023,2.1693635125283017,2.2525045128736076,T_west,M1_Ridge,Feb-Apr
2024-03-28,2023,2.5067562814010675,2.747636943076774,T_west,M1_Ridge,Feb-Apr
2024-04-12,2023,2.633841219951272,3.1110855579817898,T_west,M1_Ridge,Feb-Apr
2024-04-27,2023,2.621472933173149,3.3054566314432,T_west,M1_Ridge,Feb-Apr
2024-05-12,2024,2.3496506166262883,1.407542426339945,T_west,M1_Ridge,May-Oct
2024-09-19,2024,1.6420233394340669,1.811200594986003,T_west,M1_Ridge,May-Oct
2024-09-29,2024,2.3673899128250135,2.3801174269227428,T_west,M1_Ridge,May-Oct
2024-10-09,2024,1.785669857766618,1.9129610757896183,T_west,M1_Ridge,May-Oct
2024-10-14,2024,2.693313724774869,3.066426386369304,T_west,M1_Ridge,May-Oct
2024-10-19,2024,4.091827270811713,3.8870474030497677,T_west,M1_Ridge,May-Oct
2024-10-29,2024,4.129613748296032,3.889283579215594,T_west,M1_Ridge,May-Oct
2017-01-09,2016,0.4581199816300919,1.070100025630118,T_west,M2_RandomForest,Nov-Jan
2017-02-08,2016,1.9108987709431877,2.093067345176807,T_west,M2_RandomForest,Feb-Apr
2017-02-18,2016,1.9842720048274494,2.0570823489186,T_west,M2_RandomForest,Feb-Apr
2017-10-16,2017,0.9028238089233512,1.5446449401781697,T_west,M2_RandomForest,May-Oct
2017-11-05,2017,1.5533058248100804,1.5106463724160342,T_west,M2_RandomForest,Nov-Jan
2017-11-10,2017,0.8767891386490705,1.4833608671295329,T_west,M2_RandomForest,Nov-Jan
2017-11-30,2017,0.6248513161908307,0.9162687673527664,T_west,M2_RandomForest,Nov-Jan
2017-12-15,2017,1.5410050331863268,1.867789077529792,T_west,M2_RandomForest,Nov-Jan
2017-12-20,2017,0.24188820126378624,0.9106773525201283,T_west,M2_RandomForest,Nov-Jan
2017-12-30,2017,1.8775906917716378,1.0121948211810043,T_west,M2_RandomForest,Nov-Jan
2018-01-04,2017,2.04131948613896,2.2082013319395424,T_west,M2_RandomForest,Nov-Jan
2018-01-09,2017,1.9842720048274496,2.3711300760988445,T_west,M2_RandomForest,Nov-Jan
2018-01-19,2017,0.6774242317752743,1.1191332474387632,T_west,M2_RandomForest,Nov-Jan
2018-01-29,2017,1.9953758554889691,2.304968116519705,T_west,M2_RandomForest,Nov-Jan
2018-02-13,2017,1.7932770477689097,1.8661117156146114,T_west,M2_RandomForest,Feb-Apr
2018-02-23,2017,2.4670168588951245,2.4498811706225165,T_west,M2_RandomForest,Feb-Apr
2018-03-05,2017,2.45358661043856,2.5574576507254547,T_west,M2_RandomForest,Feb-Apr
2018-03-10,2017,2.4366642544091457,2.291572068417722,T_west,M2_RandomForest,Feb-Apr
2018-04-09,2017,2.3988871965399654,2.4872629922981937,T_west,M2_RandomForest,Feb-Apr
2018-10-16,2018,2.0921398231445587,2.4857298915613155,T_west,M2_RandomForest,May-Oct
2018-11-25,2018,1.281099744730533,1.487385252550231,T_west,M2_RandomForest,Nov-Jan
2018-11-30,2018,0.96965422442312,0.905337176080989,T_west,M2_RandomForest,Nov-Jan
2018-12-10,2018,0.7152824574703865,0.806564815438765,T_west,M2_RandomForest,Nov-Jan
2018-12-25,2018,1.9388477594480025,1.7975062048332406,T_west,M2_RandomForest,Nov-Jan
2018-12-30,2018,1.464605625479053,2.0062342358502243,T_west,M2_RandomForest,Nov-Jan
2019-01-04,2018,0.7638414915468451,1.3588614805657393,T_west,M2_RandomForest,Nov-Jan
2019-01-09,2018,1.9504939576751352,1.9478319054939697,T_west,M2_RandomForest,Nov-Jan
2019-01-19,2018,2.4298523696819783,2.3459982111337228,T_west,M2_RandomForest,Nov-Jan
2019-01-24,2018,2.019633899430622,1.6745706858007006,T_west,M2_RandomForest,Nov-Jan
2019-01-29,2018,4.055900312008701,3.819157620428583,T_west,M2_RandomForest,Nov-Jan
2019-02-03,2018,1.692517503394872,1.9220536444233798,T_west,M2_RandomForest,Feb-Apr
2019-02-08,2018,1.0181777318039658,1.4137528981295222,T_west,M2_RandomForest,Feb-Apr
2019-02-13,2018,1.3549414983779462,1.8056103537115518,T_west,M2_RandomForest,Feb-Apr
2019-02-18,2018,5.039395710173174,3.675223323122926,T_west,M2_RandomForest,Feb-Apr
2019-02-23,2018,2.2046815986789703,2.4057944494748416,T_west,M2_RandomForest,Feb-Apr
2019-02-28,2018,2.1251164124266397,2.244746353111679,T_west,M2_RandomForest,Feb-Apr
2019-03-05,2018,3.473550413255955,3.074718107353648,T_west,M2_RandomForest,Feb-Apr
2019-03-10,2018,2.381456216620189,2.436964726103389,T_west,M2_RandomForest,Feb-Apr
2019-03-15,2018,2.2543928506063073,2.4028507825304932,T_west,M2_RandomForest,Feb-Apr
2019-03-20,2018,2.771431766793968,2.3914325568260635,T_west,M2_RandomForest,Feb-Apr
2019-03-25,2018,3.573274109923686,2.934327750498365,T_west,M2_RandomForest,Feb-Apr
2019-03-30,2018,2.703653257717317,2.92741284810145,T_west,M2_RandomForest,Feb-Apr
2019-04-04,2018,3.174605899298893,2.5662446925813387,T_west,M2_RandomForest,Feb-Apr
2019-04-09,2018,2.7304036833434497,2.7754765148232896,T_west,M2_RandomForest,Feb-Apr
2019-09-26,2019,2.096300187494258,2.4270234705269025,T_west,M2_RandomForest,May-Oct
2019-10-16,2019,1.2502604731257552,1.3817365492047557,T_west,M2_RandomForest,May-Oct
2019-10-21,2019,1.7034835841047735,1.6281908162949776,T_west,M2_RandomForest,May-Oct
2019-10-31,2019,3.6186794968846283,2.352568602687423,T_west,M2_RandomForest,May-Oct
2019-11-05,2019,1.803464444795128,2.110672365714411,T_west,M2_RandomForest,Nov-Jan
2019-11-15,2019,2.450214271759892,2.0250136101853964,T_west,M2_RandomForest,Nov-Jan
2019-11-20,2019,1.6730862719003299,1.2961040760474103,T_west,M2_RandomForest,Nov-Jan
2019-11-25,2019,1.6158884854942075,1.4493654853252502,T_west,M2_RandomForest,Nov-Jan
2019-11-30,2019,0.6774242317752698,1.0921323833488885,T_west,M2_RandomForest,Nov-Jan
2019-12-05,2019,0.5696516995687099,1.0164659238600047,T_west,M2_RandomForest,Nov-Jan
2019-12-10,2019,1.8630742681758898,1.8065672232288905,T_west,M2_RandomForest,Nov-Jan
2019-12-15,2019,2.058447434598366,1.9079172076760766,T_west,M2_RandomForest,Nov-Jan
2019-12-20,2019,2.223977873110486,2.5843620134396774,T_west,M2_RandomForest,Nov-Jan
2019-12-25,2019,1.7387086740944615,1.8358208234304283,T_west,M2_RandomForest,Nov-Jan
2019-12-30,2019,1.8750954307270853,1.8782121811266397,T_west,M2_RandomForest,Nov-Jan
2020-01-09,2019,1.347754560633281,1.6438173917367163,T_west,M2_RandomForest,Nov-Jan
2020-01-14,2019,1.5348102219681015,1.3220246480341977,T_west,M2_RandomForest,Nov-Jan
2020-01-19,2019,1.0086344755020875,1.434471548159237,T_west,M2_RandomForest,Nov-Jan
2020-01-24,2019,5.204407587329137,4.049281977915392,T_west,M2_RandomForest,Nov-Jan
2020-01-29,2019,3.476206300571806,3.999731833144194,T_west,M2_RandomForest,Nov-Jan
2020-02-03,2019,2.2085589361016726,2.579998303838746,T_west,M2_RandomForest,Feb-Apr
2020-02-08,2019,1.7570162604019943,2.4612359134039545,T_west,M2_RandomForest,Feb-Apr
2020-02-13,2019,3.4466252124570778,4.152041147597237,T_west,M2_RandomForest,Feb-Apr
2020-02-18,2019,2.6183697458327986,3.090999112331184,T_west,M2_RandomForest,Feb-Apr
2020-02-23,2019,2.133253554676886,2.4291272557049686,T_west,M2_RandomForest,Feb-Apr
2020-02-28,2019,2.2316337617538737,2.5558529413821267,T_west,M2_RandomForest,Feb-Apr
2020-03-04,2019,2.083785398473268,2.3916464824988433,T_west,M2_RandomForest,Feb-Apr
2020-03-09,2019,2.2619111016918163,2.3611552657434407,T_west,M2_RandomForest,Feb-Apr
2020-03-14,2019,3.579166467474984,2.6653739789090647,T_west,M2_RandomForest,Feb-Apr
2020-03-24,2019,2.6492039165635113,2.990338573943742,T_west,M2_RandomForest,Feb-Apr
2020-11-09,2020,1.6247549205570482,1.2272732975212586,T_west,M2_RandomForest,Nov-Jan
2020-11-14,2020,1.7118885462178828,1.171605519823943,T_west,M2_RandomForest,Nov-Jan
2020-11-19,2020,4.829961444991641,3.5382669985846347,T_west,M2_RandomForest,Nov-Jan
2020-11-24,2020,1.920275189658733,1.7378504756973403,T_west,M2_RandomForest,Nov-Jan
2020-11-29,2020,1.230571220056465,1.246947421779549,T_west,M2_RandomForest,Nov-Jan
2020-12-09,2020,4.807425267259573,3.441902423048424,T_west,M2_RandomForest,Nov-Jan
2020-12-14,2020,1.8967186546234638,1.687887324772282,T_west,M2_RandomForest,Nov-Jan
2020-12-19,2020,2.5198258421069646,2.3474050949345466,T_west,M2_RandomForest,Nov-Jan
2020-12-24,2020,1.772673880139067,1.9424955883935822,T_west,M2_RandomForest,Nov-Jan
2021-01-03,2020,1.8941626622744112,1.5058937066407303,T_west,M2_RandomForest,Nov-Jan
2021-01-08,2020,0.9795233911690083,1.1565780710661209,T_west,M2_RandomForest,Nov-Jan
2021-01-13,2020,2.3902375780712553,2.1868132404046365,T_west,M2_RandomForest,Nov-Jan
2021-01-18,2020,1.9571864942767623,1.9593266586794083,T_west,M2_RandomForest,Nov-Jan
2021-01-23,2020,2.7539327319791553,3.1619631648780273,T_west,M2_RandomForest,Nov-Jan
2021-01-28,2020,1.931850732744828,2.110252471355503,T_west,M2_RandomForest,Nov-Jan
2021-02-02,2020,1.9501460597365512,2.168667951018548,T_west,M2_RandomForest,Feb-Apr
2021-02-07,2020,2.4803539049090486,2.5675459525794553,T_west,M2_RandomForest,Feb-Apr
2021-02-12,2020,2.2731261094633917,2.295526404764928,T_west,M2_RandomForest,Feb-Apr
2021-02-17,2020,2.7945745266488324,2.3444928407281402,T_west,M2_RandomForest,Feb-Apr
2021-02-22,2020,2.129190186015221,2.1789015516705112,T_west,M2_RandomForest,Feb-Apr
2021-03-04,2020,2.7421967869028956,2.455049500512718,T_west,M2_RandomForest,Feb-Apr
2021-03-09,2020,2.745136121391249,3.153492842928467,T_west,M2_RandomForest,Feb-Apr
2021-03-14,2020,4.336433978107022,3.7151930260582593,T_west,M2_RandomForest,Feb-Apr
2021-03-24,2020,2.590237281912038,3.1340289004673467,T_west,M2_RandomForest,Feb-Apr
2021-10-10,2021,3.351768067986827,2.553331926424831,T_west,M2_RandomForest,May-Oct
2021-10-30,2021,1.975298641814556,1.778900714161614,T_west,M2_RandomForest,May-Oct
2021-11-09,2021,0.5975971033970217,1.2527181766844346,T_west,M2_RandomForest,Nov-Jan
2021-11-19,2021,0.898087628333772,1.1719899565694432,T_west,M2_RandomForest,Nov-Jan
2021-11-24,2021,0.4965073679514246,1.0265793532656573,T_west,M2_RandomForest,Nov-Jan
2021-11-29,2021,1.292535573508616,1.5265398192626947,T_west,M2_RandomForest,Nov-Jan
2021-12-09,2021,1.2502604731257545,1.311247752436183,T_west,M2_RandomForest,Nov-Jan
2021-12-14,2021,1.825910076534528,1.8773640173501194,T_west,M2_RandomForest,Nov-Jan
2021-12-19,2021,0.5340432161859793,1.0442688580988042,T_west,M2_RandomForest,Nov-Jan
2021-12-24,2021,2.079591252001898,1.9394186944062297,T_west,M2_RandomForest,Nov-Jan
2021-12-29,2021,1.7726738801390671,1.7622419589459704,T_west,M2_RandomForest,Nov-Jan
2022-01-08,2021,-0.0669993617943906,0.9305158479840632,T_west,M2_RandomForest,Nov-Jan
2022-01-13,2021,2.137306440850009,1.7652094098768862,T_west,M2_RandomForest,Nov-Jan
2022-01-18,2021,0.9795233911690123,1.4399494605621315,T_west,M2_RandomForest,Nov-Jan
2022-01-23,2021,2.1066119249108035,1.908998377618371,T_west,M2_RandomForest,Nov-Jan
2022-02-07,2021,2.4023534584795447,2.517259506356866,T_west,M2_RandomForest,Feb-Apr
2022-02-12,2021,5.086027442285121,4.158463459400813,T_west,M2_RandomForest,Feb-Apr
2022-02-17,2021,2.3638560407739275,2.5256824768942376,T_west,M2_RandomForest,Feb-Apr
2022-02-22,2021,2.587088359558297,2.3159512313664914,T_west,M2_RandomForest,Feb-Apr
2022-02-27,2021,1.4209328331226756,1.876491441824786,T_west,M2_RandomForest,Feb-Apr
2022-03-04,2021,1.9434541419573157,2.2012513342546143,T_west,M2_RandomForest,Feb-Apr
2022-03-09,2021,2.2842677753981957,2.383169321072839,T_west,M2_RandomForest,Feb-Apr
2022-03-14,2021,2.302677679671272,2.55182418270457,T_west,M2_RandomForest,Feb-Apr
2022-03-19,2021,2.3567674549036877,2.55225309977319,T_west,M2_RandomForest,Feb-Apr
2022-03-24,2021,2.4803539049090473,2.533676974267712,T_west,M2_RandomForest,Feb-Apr
2022-08-31,2022,1.9617354833058622,1.7278207287639233,T_west,M2_RandomForest,May-Oct
2022-10-05,2022,3.839871953128923,2.983860078066684,T_west,M2_RandomForest,May-Oct
2022-10-10,2022,1.6072565079379484,1.6190097797067158,T_west,M2_RandomForest,May-Oct
2022-10-15,2022,2.5649116042403355,2.633334555651565,T_west,M2_RandomForest,May-Oct
2022-10-20,2022,0.7470044514132299,1.2769898979547278,T_west,M2_RandomForest,May-Oct
2022-10-30,2022,2.187152762681437,2.1808476922448534,T_west,M2_RandomForest,May-Oct
2022-11-04,2022,4.72551389868606,3.0526413952512303,T_west,M2_RandomForest,Nov-Jan
2022-11-09,2022,2.2842677753981953,2.245396412564196,T_west,M2_RandomForest,Nov-Jan
2022-11-14,2022,2.017806652569266,1.432835859055871,T_west,M2_RandomForest,Nov-Jan
2022-11-24,2022,2.3281270528856512,2.2145190542658852,T_west,M2_RandomForest,Nov-Jan
2022-12-04,2022,1.6980117466390212,1.7097247432453913,T_west,M2_RandomForest,Nov-Jan
2022-12-09,2022,1.2424259233265722,0.7792391652989146,T_west,M2_RandomForest,Nov-Jan
2022-12-14,2022,2.7274463690902753,2.7352019888968213,T_west,M2_RandomForest,Nov-Jan
2022-12-24,2022,4.006724920886051,3.3425687600836884,T_west,M2_RandomForest,Nov-Jan
2022-12-29,2022,3.3121006550900627,2.7313108090518616,T_west,M2_RandomForest,Nov-Jan
2023-01-03,2022,1.6477295934987697,1.831602896298181,T_west,M2_RandomForest,Nov-Jan
2023-01-08,2022,3.1100693858492168,3.314357125601462,T_west,M2_RandomForest,Nov-Jan
2023-01-13,2022,1.202468416307643,1.4180545640956659,T_west,M2_RandomForest,Nov-Jan
2023-01-18,2022,5.070262734506427,3.6529385411895743,T_west,M2_RandomForest,Nov-Jan
2023-01-23,2022,1.6814609110035792,2.042984746021618,T_west,M2_RandomForest,Nov-Jan
2023-01-28,2022,2.5839345933664344,2.3672517521878036,T_west,M2_RandomForest,Nov-Jan
2023-02-02,2022,2.1574173045285017,2.174597005284533,T_west,M2_RandomForest,Feb-Apr
2023-02-07,2022,2.346081426960322,2.409968673412106,T_west,M2_RandomForest,Feb-Apr
2023-02-12,2022,2.32451401416484,2.394552638532308,T_west,M2_RandomForest,Feb-Apr
2023-02-17,2022,2.652153003634471,2.5148612436113824,T_west,M2_RandomForest,Feb-Apr
2023-02-22,2022,2.633841219951272,3.3297507773302955,T_west,M2_RandomForest,Feb-Apr
2023-02-27,2022,1.9662704302229028,2.0646049064697642,T_west,M2_RandomForest,Feb-Apr
2023-03-04,2022,2.1693635125282986,2.4182858528489763,T_west,M2_RandomForest,Feb-Apr
2023-03-09,2022,2.284075517641235,2.516768769958296,T_west,M2_RandomForest,Feb-Apr
2023-03-14,2022,2.342505175380539,2.4523582309840064,T_west,M2_RandomForest,Feb-Apr
2023-03-29,2022,2.583934593366435,2.6494325808018266,T_west,M2_RandomForest,Feb-Apr
2023-09-15,2023,4.197497642869459,3.462894433938723,T_west,M2_RandomForest,May-Oct
2023-09-25,2023,3.3921458209379662,2.74027589534811,T_west,M2_RandomForest,May-Oct
2023-10-10,2023,2.3779498295749124,2.7067560867390497,T_west,M2_RandomForest,May-Oct
2023-10-15,2023,2.685647831406695,2.847154931919441,T_west,M2_RandomForest,May-Oct
2023-10-20,2023,1.0687294102212739,1.4455659306396869,T_west,M2_RandomForest,May-Oct
2023-10-30,2023,1.3620867219978745,1.4172262252365644,T_west,M2_RandomForest,May-Oct
2023-11-09,2023,2.435039640037394,2.206305589181352,T_west,M2_RandomForest,Nov-Jan
2023-11-14,2023,1.5160439702574886,1.6173139844335536,T_west,M2_RandomForest,Nov-Jan
2023-11-19,2023,1.4416493116860725,2.097719762854202,T_west,M2_RandomForest,Nov-Jan
2023-11-24,2023,0.7028054378335604,1.001842265447649,T_west,M2_RandomForest,Nov-Jan
2023-12-09,2023,2.4451452586343336,2.6165409203723233,T_west,M2_RandomForest,Nov-Jan
2023-12-14,2023,1.8919606357544658,1.9589752233064648,T_west,M2_RandomForest,Nov-Jan
2023-12-19,2023,1.325937803135358,1.4622159455260892,T_west,M2_RandomForest,Nov-Jan
2023-12-24,2023,1.2105672467471171,1.4188945800085657,T_west,M2_RandomForest,Nov-Jan
2023-12-29,2023,1.9249406808096174,1.9484185635563807,T_west,M2_RandomForest,Nov-Jan
2024-01-03,2023,0.6248513161908273,0.8931476496964681,T_west,M2_RandomForest,Nov-Jan
2024-01-08,2023,2.4400608285843286,1.815967136640843,T_west,M2_RandomForest,Nov-Jan
2024-01-13,2023,1.9683090862742731,2.1271457626725834,T_west,M2_RandomForest,Nov-Jan
2024-01-18,2023,2.1929938923098633,2.2181255708012086,T_west,M2_RandomForest,Nov-Jan
2024-01-23,2023,1.2810997447305281,1.8199422046344795,T_west,M2_RandomForest,Nov-Jan
2024-01-28,2023,2.3099869672316737,2.190803444046019,T_west,M2_RandomForest,Nov-Jan
2024-02-02,2023,2.650483575633937,2.508996235974569,T_west,M2_RandomForest,Feb-Apr
2024-02-07,2023,4.510784981281184,3.8388295469212577,T_west,M2_RandomForest,Feb-Apr
2024-02-12,2023,4.134135039713431,3.282925605209288,T_west,M2_RandomForest,Feb-Apr
2024-02-17,2023,4.72322414921491,3.9065154322956364,T_west,M2_RandomForest,Feb-Apr
2024-02-22,2023,2.4736969745720323,2.5068329944816825,T_west,M2_RandomForest,Feb-Apr
2024-02-27,2023,2.703653257717317,2.9327306490249425,T_west,M2_RandomForest,Feb-Apr
2024-03-03,2023,2.526328585318158,2.783472863476189,T_west,M2_RandomForest,Feb-Apr
2024-03-08,2023,2.519825842106963,2.5233041026550738,T_west,M2_RandomForest,Feb-Apr
2024-03-13,2023,2.3172656174527755,2.510031545726055,T_west,M2_RandomForest,Feb-Apr
2024-03-18,2023,2.1693635125283017,2.4241031058843876,T_west,M2_RandomForest,Feb-Apr
2024-03-28,2023,2.5067562814010675,2.6283864853640035,T_west,M2_RandomForest,Feb-Apr
2024-04-12,2023,2.633841219951272,3.063966427160388,T_west,M2_RandomForest,Feb-Apr
2024-04-27,2023,2.621472933173149,2.941900851230015,T_west,M2_RandomForest,Feb-Apr
2024-05-12,2024,2.3496506166262883,2.0607390241174586,T_west,M2_RandomForest,May-Oct
2024-09-19,2024,1.6420233394340669,1.9316066145527446,T_west,M2_RandomForest,May-Oct
2024-09-29,2024,2.3673899128250135,2.2243465479032016,T_west,M2_RandomForest,May-Oct
2024-10-09,2024,1.785669857766618,1.9233649151650902,T_west,M2_RandomForest,May-Oct
2024-10-14,2024,2.693313724774869,2.107525489693701,T_west,M2_RandomForest,May-Oct
2024-10-19,2024,4.091827270811713,3.0026617827305904,T_west,M2_RandomForest,May-Oct
2024-10-29,2024,4.129613748296032,3.226246604037865,T_west,M2_RandomForest,May-Oct
2017-01-09,2016,0.4581199816300919,0.7751514911651611,T_west,M3_XGBoost,Nov-Jan
2017-02-08,2016,1.9108987709431877,1.9696308374404907,T_west,M3_XGBoost,Feb-Apr
2017-02-18,2016,1.9842720048274494,1.8564083576202393,T_west,M3_XGBoost,Feb-Apr
2017-10-16,2017,0.9028238089233512,1.348046898841858,T_west,M3_XGBoost,May-Oct
2017-11-05,2017,1.5533058248100804,1.4286645650863647,T_west,M3_XGBoost,Nov-Jan
2017-11-10,2017,0.8767891386490705,1.3896474838256836,T_west,M3_XGBoost,Nov-Jan
2017-11-30,2017,0.6248513161908307,0.7119725942611694,T_west,M3_XGBoost,Nov-Jan
2017-12-15,2017,1.5410050331863268,1.6536822319030762,T_west,M3_XGBoost,Nov-Jan
2017-12-20,2017,0.24188820126378624,0.826915979385376,T_west,M3_XGBoost,Nov-Jan
2017-12-30,2017,1.8775906917716378,0.9042800664901733,T_west,M3_XGBoost,Nov-Jan
2018-01-04,2017,2.04131948613896,1.9464643001556396,T_west,M3_XGBoost,Nov-Jan
2018-01-09,2017,1.9842720048274496,2.2925803661346436,T_west,M3_XGBoost,Nov-Jan
2018-01-19,2017,0.6774242317752743,0.9120034575462341,T_west,M3_XGBoost,Nov-Jan
2018-01-29,2017,1.9953758554889691,2.291313409805298,T_west,M3_XGBoost,Nov-Jan
2018-02-13,2017,1.7932770477689097,1.7591890096664429,T_west,M3_XGBoost,Feb-Apr
2018-02-23,2017,2.4670168588951245,2.5179858207702637,T_west,M3_XGBoost,Feb-Apr
2018-03-05,2017,2.45358661043856,2.32064151763916,T_west,M3_XGBoost,Feb-Apr
2018-03-10,2017,2.4366642544091457,2.165363073348999,T_west,M3_XGBoost,Feb-Apr
2018-04-09,2017,2.3988871965399654,2.098726749420166,T_west,M3_XGBoost,Feb-Apr
2018-10-16,2018,2.0921398231445587,2.405707359313965,T_west,M3_XGBoost,May-Oct
2018-11-25,2018,1.281099744730533,1.4845997095108032,T_west,M3_XGBoost,Nov-Jan
2018-11-30,2018,0.96965422442312,0.7407834529876709,T_west,M3_XGBoost,Nov-Jan
2018-12-10,2018,0.7152824574703865,0.5653209090232849,T_west,M3_XGBoost,Nov-Jan
2018-12-25,2018,1.9388477594480025,1.7558612823486328,T_west,M3_XGBoost,Nov-Jan
2018-12-30,2018,1.464605625479053,1.9208673238754272,T_west,M3_XGBoost,Nov-Jan
2019-01-04,2018,0.7638414915468451,1.1283416748046875,T_west,M3_XGBoost,Nov-Jan
2019-01-09,2018,1.9504939576751352,1.8677146434783936,T_west,M3_XGBoost,Nov-Jan
2019-01-19,2018,2.4298523696819783,2.4633686542510986,T_west,M3_XGBoost,Nov-Jan
2019-01-24,2018,2.019633899430622,1.6351702213287354,T_west,M3_XGBoost,Nov-Jan
2019-01-29,2018,4.055900312008701,4.315803527832031,T_west,M3_XGBoost,Nov-Jan
2019-02-03,2018,1.692517503394872,1.8348065614700317,T_west,M3_XGBoost,Feb-Apr
2019-02-08,2018,1.0181777318039658,1.1328984498977661,T_west,M3_XGBoost,Feb-Apr
2019-02-13,2018,1.3549414983779462,1.4738911390304565,T_west,M3_XGBoost,Feb-Apr
2019-02-18,2018,5.039395710173174,4.116257667541504,T_west,M3_XGBoost,Feb-Apr
2019-02-23,2018,2.2046815986789703,2.2350077629089355,T_west,M3_XGBoost,Feb-Apr
2019-02-28,2018,2.1251164124266397,2.1258385181427,T_west,M3_XGBoost,Feb-Apr
2019-03-05,2018,3.473550413255955,2.9432482719421387,T_west,M3_XGBoost,Feb-Apr
2019-03-10,2018,2.381456216620189,2.3887624740600586,T_west,M3_XGBoost,Feb-Apr
2019-03-15,2018,2.2543928506063073,2.338412284851074,T_west,M3_XGBoost,Feb-Apr
2019-03-20,2018,2.771431766793968,2.344299077987671,T_west,M3_XGBoost,Feb-Apr
2019-03-25,2018,3.573274109923686,2.8700149059295654,T_west,M3_XGBoost,Feb-Apr
2019-03-30,2018,2.703653257717317,2.706400156021118,T_west,M3_XGBoost,Feb-Apr
2019-04-04,2018,3.174605899298893,2.538121461868286,T_west,M3_XGBoost,Feb-Apr
2019-04-09,2018,2.7304036833434497,3.143095016479492,T_west,M3_XGBoost,Feb-Apr
2019-09-26,2019,2.096300187494258,2.615617513656616,T_west,M3_XGBoost,May-Oct
2019-10-16,2019,1.2502604731257552,1.160935878753662,T_west,M3_XGBoost,May-Oct
2019-10-21,2019,1.7034835841047735,1.5762971639633179,T_west,M3_XGBoost,May-Oct
2019-10-31,2019,3.6186794968846283,2.6702330112457275,T_west,M3_XGBoost,May-Oct
2019-11-05,2019,1.803464444795128,2.1906723976135254,T_west,M3_XGBoost,Nov-Jan
2019-11-15,2019,2.450214271759892,2.0640785694122314,T_west,M3_XGBoost,Nov-Jan
2019-11-20,2019,1.6730862719003299,1.4824820756912231,T_west,M3_XGBoost,Nov-Jan
2019-11-25,2019,1.6158884854942075,1.4638121128082275,T_west,M3_XGBoost,Nov-Jan
2019-11-30,2019,0.6774242317752698,0.9750199317932129,T_west,M3_XGBoost,Nov-Jan
2019-12-05,2019,0.5696516995687099,0.8077608346939087,T_west,M3_XGBoost,Nov-Jan
2019-12-10,2019,1.8630742681758898,1.8458106517791748,T_west,M3_XGBoost,Nov-Jan
2019-12-15,2019,2.058447434598366,2.1067936420440674,T_west,M3_XGBoost,Nov-Jan
2019-12-20,2019,2.223977873110486,2.3915116786956787,T_west,M3_XGBoost,Nov-Jan
2019-12-25,2019,1.7387086740944615,1.8984404802322388,T_west,M3_XGBoost,Nov-Jan
2019-12-30,2019,1.8750954307270853,1.9312002658843994,T_west,M3_XGBoost,Nov-Jan
2020-01-09,2019,1.347754560633281,1.5355169773101807,T_west,M3_XGBoost,Nov-Jan
2020-01-14,2019,1.5348102219681015,1.1954550743103027,T_west,M3_XGBoost,Nov-Jan
2020-01-19,2019,1.0086344755020875,1.3056573867797852,T_west,M3_XGBoost,Nov-Jan
2020-01-24,2019,5.204407587329137,4.466057300567627,T_west,M3_XGBoost,Nov-Jan
2020-01-29,2019,3.476206300571806,3.7676966190338135,T_west,M3_XGBoost,Nov-Jan
2020-02-03,2019,2.2085589361016726,2.4344727993011475,T_west,M3_XGBoost,Feb-Apr
2020-02-08,2019,1.7570162604019943,2.4415857791900635,T_west,M3_XGBoost,Feb-Apr
2020-02-13,2019,3.4466252124570778,3.9773643016815186,T_west,M3_XGBoost,Feb-Apr
2020-02-18,2019,2.6183697458327986,3.1244618892669678,T_west,M3_XGBoost,Feb-Apr
2020-02-23,2019,2.133253554676886,2.422022819519043,T_west,M3_XGBoost,Feb-Apr
2020-02-28,2019,2.2316337617538737,2.5664641857147217,T_west,M3_XGBoost,Feb-Apr
2020-03-04,2019,2.083785398473268,2.329258918762207,T_west,M3_XGBoost,Feb-Apr
2020-03-09,2019,2.2619111016918163,2.3712642192840576,T_west,M3_XGBoost,Feb-Apr
2020-03-14,2019,3.579166467474984,2.9030988216400146,T_west,M3_XGBoost,Feb-Apr
2020-03-24,2019,2.6492039165635113,3.3145105838775635,T_west,M3_XGBoost,Feb-Apr
2020-11-09,2020,1.6247549205570482,0.9942944049835205,T_west,M3_XGBoost,Nov-Jan
2020-11-14,2020,1.7118885462178828,1.229074478149414,T_west,M3_XGBoost,Nov-Jan
2020-11-19,2020,4.829961444991641,4.456151008605957,T_west,M3_XGBoost,Nov-Jan
2020-11-24,2020,1.920275189658733,1.8210561275482178,T_west,M3_XGBoost,Nov-Jan
2020-11-29,2020,1.230571220056465,1.0480990409851074,T_west,M3_XGBoost,Nov-Jan
2020-12-09,2020,4.807425267259573,4.452670097351074,T_west,M3_XGBoost,Nov-Jan
2020-12-14,2020,1.8967186546234638,1.6405104398727417,T_west,M3_XGBoost,Nov-Jan
2020-12-19,2020,2.5198258421069646,2.220841646194458,T_west,M3_XGBoost,Nov-Jan
2020-12-24,2020,1.772673880139067,1.9002811908721924,T_west,M3_XGBoost,Nov-Jan
2021-01-03,2020,1.8941626622744112,1.3620601892471313,T_west,M3_XGBoost,Nov-Jan
2021-01-08,2020,0.9795233911690083,0.9576695561408997,T_west,M3_XGBoost,Nov-Jan
2021-01-13,2020,2.3902375780712553,2.1645002365112305,T_west,M3_XGBoost,Nov-Jan
2021-01-18,2020,1.9571864942767623,1.8827468156814575,T_west,M3_XGBoost,Nov-Jan
2021-01-23,2020,2.7539327319791553,3.227060556411743,T_west,M3_XGBoost,Nov-Jan
2021-01-28,2020,1.931850732744828,2.0587806701660156,T_west,M3_XGBoost,Nov-Jan
2021-02-02,2020,1.9501460597365512,2.20413875579834,T_west,M3_XGBoost,Feb-Apr
2021-02-07,2020,2.4803539049090486,2.661500930786133,T_west,M3_XGBoost,Feb-Apr
2021-02-12,2020,2.2731261094633917,2.266836643218994,T_west,M3_XGBoost,Feb-Apr
2021-02-17,2020,2.7945745266488324,2.4146981239318848,T_west,M3_XGBoost,Feb-Apr
2021-02-22,2020,2.129190186015221,2.167997121810913,T_west,M3_XGBoost,Feb-Apr
2021-03-04,2020,2.7421967869028956,2.6744942665100098,T_west,M3_XGBoost,Feb-Apr
2021-03-09,2020,2.745136121391249,3.334972858428955,T_west,M3_XGBoost,Feb-Apr
2021-03-14,2020,4.336433978107022,3.49969482421875,T_west,M3_XGBoost,Feb-Apr
2021-03-24,2020,2.590237281912038,3.0655109882354736,T_west,M3_XGBoost,Feb-Apr
2021-10-10,2021,3.351768067986827,2.6387486457824707,T_west,M3_XGBoost,May-Oct
2021-10-30,2021,1.975298641814556,1.899118423461914,T_west,M3_XGBoost,May-Oct
2021-11-09,2021,0.5975971033970217,0.7738828659057617,T_west,M3_XGBoost,Nov-Jan
2021-11-19,2021,0.898087628333772,0.9872440695762634,T_west,M3_XGBoost,Nov-Jan
2021-11-24,2021,0.4965073679514246,0.6534383296966553,T_west,M3_XGBoost,Nov-Jan
2021-11-29,2021,1.292535573508616,1.564259648323059,T_west,M3_XGBoost,Nov-Jan
2021-12-09,2021,1.2502604731257545,1.113031268119812,T_west,M3_XGBoost,Nov-Jan
2021-12-14,2021,1.825910076534528,1.7999380826950073,T_west,M3_XGBoost,Nov-Jan
2021-12-19,2021,0.5340432161859793,0.8597617745399475,T_west,M3_XGBoost,Nov-Jan
2021-12-24,2021,2.079591252001898,1.9288722276687622,T_west,M3_XGBoost,Nov-Jan
2021-12-29,2021,1.7726738801390671,1.6687361001968384,T_west,M3_XGBoost,Nov-Jan
2022-01-08,2021,-0.0669993617943906,0.7276082038879395,T_west,M3_XGBoost,Nov-Jan
2022-01-13,2021,2.137306440850009,1.8719221353530884,T_west,M3_XGBoost,Nov-Jan
2022-01-18,2021,0.9795233911690123,1.4696861505508423,T_west,M3_XGBoost,Nov-Jan
2022-01-23,2021,2.1066119249108035,1.9150522947311401,T_west,M3_XGBoost,Nov-Jan
2022-02-07,2021,2.4023534584795447,2.6649036407470703,T_west,M3_XGBoost,Feb-Apr
2022-02-12,2021,5.086027442285121,4.628988265991211,T_west,M3_XGBoost,Feb-Apr
2022-02-17,2021,2.3638560407739275,2.2739217281341553,T_west,M3_XGBoost,Feb-Apr
2022-02-22,2021,2.587088359558297,2.4521358013153076,T_west,M3_XGBoost,Feb-Apr
2022-02-27,2021,1.4209328331226756,1.6958167552947998,T_west,M3_XGBoost,Feb-Apr
2022-03-04,2021,1.9434541419573157,1.9294840097427368,T_west,M3_XGBoost,Feb-Apr
2022-03-09,2021,2.2842677753981957,2.456538677215576,T_west,M3_XGBoost,Feb-Apr
2022-03-14,2021,2.302677679671272,2.4609880447387695,T_west,M3_XGBoost,Feb-Apr
2022-03-19,2021,2.3567674549036877,2.432492256164551,T_west,M3_XGBoost,Feb-Apr
2022-03-24,2021,2.4803539049090473,2.558750629425049,T_west,M3_XGBoost,Feb-Apr
2022-08-31,2022,1.9617354833058622,1.6246157884597778,T_west,M3_XGBoost,May-Oct
2022-10-05,2022,3.839871953128923,3.230673313140869,T_west,M3_XGBoost,May-Oct
2022-10-10,2022,1.6072565079379484,1.6605401039123535,T_west,M3_XGBoost,May-Oct
2022-10-15,2022,2.5649116042403355,2.8858773708343506,T_west,M3_XGBoost,May-Oct
2022-10-20,2022,0.7470044514132299,0.7016118764877319,T_west,M3_XGBoost,May-Oct
2022-10-30,2022,2.187152762681437,2.3264620304107666,T_west,M3_XGBoost,May-Oct
2022-11-04,2022,4.72551389868606,3.6070773601531982,T_west,M3_XGBoost,Nov-Jan
2022-11-09,2022,2.2842677753981953,2.1498279571533203,T_west,M3_XGBoost,Nov-Jan
2022-11-14,2022,2.017806652569266,1.564889669418335,T_west,M3_XGBoost,Nov-Jan
2022-11-24,2022,2.3281270528856512,2.081328868865967,T_west,M3_XGBoost,Nov-Jan
2022-12-04,2022,1.6980117466390212,1.811856746673584,T_west,M3_XGBoost,Nov-Jan
2022-12-09,2022,1.2424259233265722,0.5802456140518188,T_west,M3_XGBoost,Nov-Jan
2022-12-14,2022,2.7274463690902753,2.8295812606811523,T_west,M3_XGBoost,Nov-Jan
2022-12-24,2022,4.006724920886051,3.929677724838257,T_west,M3_XGBoost,Nov-Jan
2022-12-29,2022,3.3121006550900627,2.696056842803955,T_west,M3_XGBoost,Nov-Jan
2023-01-03,2022,1.6477295934987697,1.6697311401367188,T_west,M3_XGBoost,Nov-Jan
2023-01-08,2022,3.1100693858492168,3.3553950786590576,T_west,M3_XGBoost,Nov-Jan
2023-01-13,2022,1.202468416307643,1.3606154918670654,T_west,M3_XGBoost,Nov-Jan
2023-01-18,2022,5.070262734506427,4.445098876953125,T_west,M3_XGBoost,Nov-Jan
2023-01-23,2022,1.6814609110035792,1.7416250705718994,T_west,M3_XGBoost,Nov-Jan
2023-01-28,2022,2.5839345933664344,2.251957416534424,T_west,M3_XGBoost,Nov-Jan
2023-02-02,2022,2.1574173045285017,2.138566255569458,T_west,M3_XGBoost,Feb-Apr
2023-02-07,2022,2.346081426960322,2.3667397499084473,T_west,M3_XGBoost,Feb-Apr
2023-02-12,2022,2.32451401416484,2.435965061187744,T_west,M3_XGBoost,Feb-Apr
2023-02-17,2022,2.652153003634471,2.571580410003662,T_west,M3_XGBoost,Feb-Apr
2023-02-22,2022,2.633841219951272,3.37667179107666,T_west,M3_XGBoost,Feb-Apr
2023-02-27,2022,1.9662704302229028,2.0519397258758545,T_west,M3_XGBoost,Feb-Apr
2023-03-04,2022,2.1693635125282986,2.2047359943389893,T_west,M3_XGBoost,Feb-Apr
2023-03-09,2022,2.284075517641235,2.4257047176361084,T_west,M3_XGBoost,Feb-Apr
2023-03-14,2022,2.342505175380539,2.3801283836364746,T_west,M3_XGBoost,Feb-Apr
2023-03-29,2022,2.583934593366435,2.6126298904418945,T_west,M3_XGBoost,Feb-Apr
2023-09-15,2023,4.197497642869459,3.6284074783325195,T_west,M3_XGBoost,May-Oct
2023-09-25,2023,3.3921458209379662,2.6871237754821777,T_west,M3_XGBoost,May-Oct
2023-10-10,2023,2.3779498295749124,2.8999087810516357,T_west,M3_XGBoost,May-Oct
2023-10-15,2023,2.685647831406695,2.901794910430908,T_west,M3_XGBoost,May-Oct
2023-10-20,2023,1.0687294102212739,1.0280355215072632,T_west,M3_XGBoost,May-Oct
2023-10-30,2023,1.3620867219978745,1.5636948347091675,T_west,M3_XGBoost,May-Oct
2023-11-09,2023,2.435039640037394,2.165037155151367,T_west,M3_XGBoost,Nov-Jan
2023-11-14,2023,1.5160439702574886,1.7648940086364746,T_west,M3_XGBoost,Nov-Jan
2023-11-19,2023,1.4416493116860725,2.157259225845337,T_west,M3_XGBoost,Nov-Jan
2023-11-24,2023,0.7028054378335604,0.7465707063674927,T_west,M3_XGBoost,Nov-Jan
2023-12-09,2023,2.4451452586343336,2.692922353744507,T_west,M3_XGBoost,Nov-Jan
2023-12-14,2023,1.8919606357544658,1.9185315370559692,T_west,M3_XGBoost,Nov-Jan
2023-12-19,2023,1.325937803135358,1.3089326620101929,T_west,M3_XGBoost,Nov-Jan
2023-12-24,2023,1.2105672467471171,1.341296911239624,T_west,M3_XGBoost,Nov-Jan
2023-12-29,2023,1.9249406808096174,1.8408844470977783,T_west,M3_XGBoost,Nov-Jan
2024-01-03,2023,0.6248513161908273,0.7817272543907166,T_west,M3_XGBoost,Nov-Jan
2024-01-08,2023,2.4400608285843286,1.825504183769226,T_west,M3_XGBoost,Nov-Jan
2024-01-13,2023,1.9683090862742731,2.1945700645446777,T_west,M3_XGBoost,Nov-Jan
2024-01-18,2023,2.1929938923098633,1.9525033235549927,T_west,M3_XGBoost,Nov-Jan
2024-01-23,2023,1.2810997447305281,1.8533059358596802,T_west,M3_XGBoost,Nov-Jan
2024-01-28,2023,2.3099869672316737,2.085123300552368,T_west,M3_XGBoost,Nov-Jan
2024-02-02,2023,2.650483575633937,2.3707993030548096,T_west,M3_XGBoost,Feb-Apr
2024-02-07,2023,4.510784981281184,4.05576229095459,T_west,M3_XGBoost,Feb-Apr
2024-02-12,2023,4.134135039713431,2.8398401737213135,T_west,M3_XGBoost,Feb-Apr
2024-02-17,2023,4.72322414921491,4.571587085723877,T_west,M3_XGBoost,Feb-Apr
2024-02-22,2023,2.4736969745720323,2.328132390975952,T_west,M3_XGBoost,Feb-Apr
2024-02-27,2023,2.703653257717317,3.1730241775512695,T_west,M3_XGBoost,Feb-Apr
2024-03-03,2023,2.526328585318158,2.7296152114868164,T_west,M3_XGBoost,Feb-Apr
2024-03-08,2023,2.519825842106963,2.632192611694336,T_west,M3_XGBoost,Feb-Apr
2024-03-13,2023,2.3172656174527755,2.491173028945923,T_west,M3_XGBoost,Feb-Apr
2024-03-18,2023,2.1693635125283017,2.344252586364746,T_west,M3_XGBoost,Feb-Apr
2024-03-28,2023,2.5067562814010675,2.4052534103393555,T_west,M3_XGBoost,Feb-Apr
2024-04-12,2023,2.633841219951272,3.313162326812744,T_west,M3_XGBoost,Feb-Apr
2024-04-27,2023,2.621472933173149,3.630246877670288,T_west,M3_XGBoost,Feb-Apr
2024-05-12,2024,2.3496506166262883,1.8742563724517822,T_west,M3_XGBoost,May-Oct
2024-09-19,2024,1.6420233394340669,1.981722116470337,T_west,M3_XGBoost,May-Oct
2024-09-29,2024,2.3673899128250135,2.0935721397399902,T_west,M3_XGBoost,May-Oct
2024-10-09,2024,1.785669857766618,1.750862956047058,T_west,M3_XGBoost,May-Oct
2024-10-14,2024,2.693313724774869,2.380915880203247,T_west,M3_XGBoost,May-Oct
2024-10-19,2024,4.091827270811713,3.560285806655884,T_west,M3_XGBoost,May-Oct
2024-10-29,2024,4.129613748296032,4.1014556884765625,T_west,M3_XGBoost,May-Oct
2017-01-09,2016,0.569651699568714,0.6225263435874754,T_south,M0_Ratio,Nov-Jan
2017-02-08,2016,1.9388477594480025,2.0412795438748526,T_south,M0_Ratio,Feb-Apr
2017-02-18,2016,2.02399599261239,2.0227575259188812,T_south,M0_Ratio,Feb-Apr
2017-10-16,2017,0.18284122315589932,-0.8874058478867862,T_south,M0_Ratio,May-Oct
2017-11-10,2017,0.9085895663253695,1.0807606756775763,T_south,M0_Ratio,Nov-Jan
2017-11-30,2017,0.2989187646867019,0.3708777779914906,T_south,M0_Ratio,Nov-Jan
2017-12-15,2017,1.311174324961169,1.7326396321835345,T_south,M0_Ratio,Nov-Jan
2017-12-20,2017,0.36819856651326754,0.32795013356324887,T_south,M0_Ratio,Nov-Jan
2017-12-30,2017,1.2810997447305286,0.785425725579728,T_south,M0_Ratio,Nov-Jan
2018-01-04,2017,2.0626995608052985,2.212051412393879,T_south,M0_Ratio,Nov-Jan
2018-01-09,2017,1.910898770943189,2.331716005940815,T_south,M0_Ratio,Nov-Jan
2018-01-19,2017,0.7276213558834279,0.9264549406039593,T_south,M0_Ratio,Nov-Jan
2018-01-29,2017,1.9295911916729482,2.2725464718776465,T_south,M0_Ratio,Nov-Jan
2018-02-13,2017,1.757016260401994,1.7237758071528486,T_south,M0_Ratio,Feb-Apr
2018-02-23,2017,2.558531580351543,2.5716490683587674,T_south,M0_Ratio,Feb-Apr
2018-03-05,2017,2.4603135368674676,2.540981467033792,T_south,M0_Ratio,Feb-Apr
2018-03-10,2017,2.356767454903689,2.3686049646871066,T_south,M0_Ratio,Feb-Apr
2018-04-09,2017,2.0413194861389625,2.172552410032744,T_south,M0_Ratio,Feb-Apr
2018-10-16,2018,1.642023339434066,1.8405329569735207,T_south,M0_Ratio,May-Oct
2018-11-25,2018,1.2502604731257547,1.4529679580655102,T_south,M0_Ratio,Nov-Jan
2018-11-30,2018,0.871813904851599,0.7988595990922569,T_south,M0_Ratio,Nov-Jan
2018-12-10,2018,0.555408113316414,0.7007633144474084,T_south,M0_Ratio,Nov-Jan
2018-12-25,2018,1.961735483305863,1.7069122922698885,T_south,M0_Ratio,Nov-Jan
2018-12-30,2018,1.5654903466681942,1.734238631710344,T_south,M0_Ratio,Nov-Jan
2019-01-04,2018,0.9347161482482925,1.0974697186733373,T_south,M0_Ratio,Nov-Jan
2019-01-09,2018,1.9687038949156528,1.81436581581878,T_south,M0_Ratio,Nov-Jan
2019-01-19,2018,2.3919346773774834,2.61400736448293,T_south,M0_Ratio,Nov-Jan
2019-01-24,2018,1.774921939881128,1.6429277162783444,T_south,M0_Ratio,Nov-Jan
2019-01-29,2018,4.1985401644270075,4.47459618082245,T_south,M0_Ratio,Nov-Jan
2019-02-03,2018,1.7517569705272724,1.862303341575344,T_south,M0_Ratio,Feb-Apr
2019-02-08,2018,0.844073900988989,0.9883506227235952,T_south,M0_Ratio,Feb-Apr
2019-02-13,2018,1.3762541882539097,1.4812441333029376,T_south,M0_Ratio,Feb-Apr
2019-02-18,2018,4.816950868974493,4.737887320132009,T_south,M0_Ratio,Feb-Apr
2019-02-23,2018,2.258156095491915,2.4170420329935745,T_south,M0_Ratio,Feb-Apr
2019-02-28,2018,2.092139823144559,2.155264654841978,T_south,M0_Ratio,Feb-Apr
2019-03-05,2018,3.570600825289938,3.3763279801783908,T_south,M0_Ratio,Feb-Apr
2019-03-10,2018,2.335330774860708,2.373565344167294,T_south,M0_Ratio,Feb-Apr
2019-03-15,2018,2.3532125228121292,2.4954821831894014,T_south,M0_Ratio,Feb-Apr
2019-03-20,2018,2.6323572058765325,2.4408599485663043,T_south,M0_Ratio,Feb-Apr
2019-03-25,2018,3.6398425846989895,2.9167915186963658,T_south,M0_Ratio,Feb-Apr
2019-03-30,2018,2.7392539828943754,3.2175847496449457,T_south,M0_Ratio,Feb-Apr
2019-04-04,2018,3.435617721944722,2.581676081258112,T_south,M0_Ratio,Feb-Apr
2019-04-09,2018,3.0683719096854403,2.6371987710867497,T_south,M0_Ratio,Feb-Apr
2019-09-26,2019,2.1169371248223667,2.0780538407852682,T_south,M0_Ratio,May-Oct
2019-10-16,2019,0.03234488974733699,0.020261138083531915,T_south,M0_Ratio,May-Oct
2019-10-21,2019,1.5348102219681006,1.281857958363674,T_south,M0_Ratio,May-Oct
2019-10-31,2019,2.1890792637674643,2.041826005682965,T_south,M0_Ratio,May-Oct
2019-11-05,2019,1.9342268443308608,1.7823680335919978,T_south,M0_Ratio,Nov-Jan
2019-11-15,2019,1.3585562268729494,1.8236262757496438,T_south,M0_Ratio,Nov-Jan
2019-11-20,2019,1.277293386592526,0.9510522041230389,T_south,M0_Ratio,Nov-Jan
2019-11-25,2019,1.28109974473053,1.4426355745021064,T_south,M0_Ratio,Nov-Jan
2019-11-30,2019,0.7756593100122408,0.838880064818194,T_south,M0_Ratio,Nov-Jan
2019-12-05,2019,0.7873541885218416,0.6829473949198402,T_south,M0_Ratio,Nov-Jan
2019-12-10,2019,1.8919606357544656,1.826404570556962,T_south,M0_Ratio,Nov-Jan
2019-12-15,2019,2.1812217532669282,1.8507531218100255,T_south,M0_Ratio,Nov-Jan
2019-12-20,2019,2.181221753266927,2.446432495793684,T_south,M0_Ratio,Nov-Jan
2019-12-25,2019,1.601371331902459,1.7335704600034247,T_south,M0_Ratio,Nov-Jan
2019-12-30,2019,1.7778536192756875,1.8709644191143544,T_south,M0_Ratio,Nov-Jan
2020-01-09,2019,1.4711507743568655,1.6380495498265828,T_south,M0_Ratio,Nov-Jan
2020-01-14,2019,1.4109797497060894,1.4615566481818203,T_south,M0_Ratio,Nov-Jan
2020-01-19,2019,0.9496582510855398,1.1633228207166957,T_south,M0_Ratio,Nov-Jan
2020-01-24,2019,5.234633079246922,5.275240852018022,T_south,M0_Ratio,Nov-Jan
2020-01-29,2019,4.032684055473358,4.294236564307652,T_south,M0_Ratio,Nov-Jan
2020-02-03,2019,2.1733259440041395,2.5257634777298796,T_south,M0_Ratio,Feb-Apr
2020-02-08,2019,2.045619568825272,2.277274141994433,T_south,M0_Ratio,Feb-Apr
2020-02-13,2019,3.7984352182411643,4.100293743418581,T_south,M0_Ratio,Feb-Apr
2020-02-18,2019,2.700662128520773,2.796044972706212,T_south,M0_Ratio,Feb-Apr
2020-02-23,2019,2.208558936101671,2.1423440068956823,T_south,M0_Ratio,Feb-Apr
2020-02-28,2019,2.2656576437738245,2.4246859083929313,T_south,M0_Ratio,Feb-Apr
2020-03-04,2019,2.3425051753805413,2.3371052886139285,T_south,M0_Ratio,Feb-Apr
2020-03-09,2019,2.2581560954919158,2.1896682111731014,T_south,M0_Ratio,Feb-Apr
2020-03-14,2019,3.52692117498013,2.6409247391559973,T_south,M0_Ratio,Feb-Apr
2020-03-24,2019,2.75393273197916,2.725948759955154,T_south,M0_Ratio,Feb-Apr
2020-11-09,2020,0.9988702085742547,0.9193245340984751,T_south,M0_Ratio,Nov-Jan
2020-11-14,2020,1.28109974473053,0.608699441481363,T_south,M0_Ratio,Nov-Jan
2020-11-19,2020,4.632755495255005,4.857854494235024,T_south,M0_Ratio,Nov-Jan
2020-11-24,2020,1.6647023400954757,1.692871956676006,T_south,M0_Ratio,Nov-Jan
2020-11-29,2020,0.45844395673862576,0.7772097496120212,T_south,M0_Ratio,Nov-Jan
2020-12-09,2020,4.942354841251308,5.030130972616833,T_south,M0_Ratio,Nov-Jan
2020-12-14,2020,1.89671865462346,1.700600815150731,T_south,M0_Ratio,Nov-Jan
2020-12-19,2020,2.3136300300817,2.4697388495900796,T_south,M0_Ratio,Nov-Jan
2020-12-24,2020,1.8775906917716363,1.998707223849048,T_south,M0_Ratio,Nov-Jan
2021-01-03,2020,1.6534113289172518,1.5760640494280584,T_south,M0_Ratio,Nov-Jan
2021-01-08,2020,1.1356160388213468,1.1651854762095095,T_south,M0_Ratio,Nov-Jan
2021-01-13,2020,2.3884485994922255,2.335519953773516,T_south,M0_Ratio,Nov-Jan
2021-01-18,2020,1.9342268443308626,2.015202657197219,T_south,M0_Ratio,Nov-Jan
2021-01-23,2020,2.7743362399855784,3.199821469644569,T_south,M0_Ratio,Nov-Jan
2021-01-28,2020,1.9571864942767616,2.113708148793796,T_south,M0_Ratio,Nov-Jan
2021-02-02,2020,2.0196338994306213,2.088314076793157,T_south,M0_Ratio,Feb-Apr
2021-02-07,2020,2.4434514165787666,2.6154872739899364,T_south,M0_Ratio,Feb-Apr
2021-02-12,2020,2.320893641264256,2.3952051741963953,T_south,M0_Ratio,Feb-Apr
2021-02-17,2020,2.498706259012305,2.3952481445347042,T_south,M0_Ratio,Feb-Apr
2021-02-22,2020,2.015259118982356,2.1178966627909275,T_south,M0_Ratio,Feb-Apr
2021-03-04,2020,2.9780517787402077,2.482833461322199,T_south,M0_Ratio,Feb-Apr
2021-03-09,2020,2.730403683343451,3.0979329799897406,T_south,M0_Ratio,Feb-Apr
2021-03-14,2020,4.62029757814117,4.423351846562751,T_south,M0_Ratio,Feb-Apr
2021-03-24,2020,2.7945745266488333,3.203014083619095,T_south,M0_Ratio,Feb-Apr
2021-10-10,2021,2.5198258421069633,2.2975457983310488,T_south,M0_Ratio,May-Oct
2021-10-30,2021,1.5835546417041795,1.359991003091943,T_south,M0_Ratio,May-Oct
2021-11-09,2021,0.4965073679514244,0.5941978522998848,T_south,M0_Ratio,Nov-Jan
2021-11-19,2021,0.7756593100122399,0.5386416926097097,T_south,M0_Ratio,Nov-Jan
2021-11-24,2021,0.18284122315590007,0.3407361106701103,T_south,M0_Ratio,Nov-Jan
2021-11-29,2021,1.2580443720405479,1.3537877337437703,T_south,M0_Ratio,Nov-Jan
2021-12-09,2021,1.0086344755020875,1.1503638442526538,T_south,M0_Ratio,Nov-Jan
2021-12-14,2021,1.6305362612997805,1.7888145220509237,T_south,M0_Ratio,Nov-Jan
2021-12-19,2021,0.6248513161908273,0.7173688855579337,T_south,M0_Ratio,Nov-Jan
2021-12-24,2021,1.8385441156148243,2.0995220874658567,T_south,M0_Ratio,Nov-Jan
2021-12-29,2021,1.8135775692474971,1.9494874357499428,T_south,M0_Ratio,Nov-Jan
2022-01-08,2021,0.12033159833072848,0.597398981296277,T_south,M0_Ratio,Nov-Jan
2022-01-13,2021,1.757016260401995,1.752794611797875,T_south,M0_Ratio,Nov-Jan
2022-01-18,2021,1.0086344755020804,1.438557837234635,T_south,M0_Ratio,Nov-Jan
2022-01-23,2021,2.0753856795352252,2.03441529246425,T_south,M0_Ratio,Nov-Jan
2022-02-07,2021,2.395414239728547,2.603251701621298,T_south,M0_Ratio,Feb-Apr
2022-02-12,2021,4.649232358639033,4.930399651657804,T_south,M0_Ratio,Feb-Apr
2022-02-17,2021,2.335330774860712,2.5036556053718515,T_south,M0_Ratio,Feb-Apr
2022-02-22,2021,2.3919346773774808,2.251863878802066,T_south,M0_Ratio,Feb-Apr
2022-02-27,2021,1.4246029991483447,1.5861544825699003,T_south,M0_Ratio,Feb-Apr
2022-03-04,2021,2.0108715537875987,2.080862793352374,T_south,M0_Ratio,Feb-Apr
2022-03-09,2021,2.384955706033314,2.4038423330323333,T_south,M0_Ratio,Feb-Apr
2022-03-14,2021,2.3919346773774808,2.526360870944466,T_south,M0_Ratio,Feb-Apr
2022-03-19,2021,2.4058133231772354,2.446814507647278,T_south,M0_Ratio,Feb-Apr
2022-03-24,2021,2.4434514165787666,2.356678392763457,T_south,M0_Ratio,Feb-Apr
2022-08-01,2022,2.045619568825271,2.1876808256918796,T_south,M0_Ratio,May-Oct
2022-08-31,2022,1.135616038821347,1.2021766574808408,T_south,M0_Ratio,May-Oct
2022-10-05,2022,2.75977955626847,2.383181413189188,T_south,M0_Ratio,May-Oct
2022-10-10,2022,1.0508004840604726,-0.4544018102393842,T_south,M0_Ratio,May-Oct
2022-10-15,2022,2.1453812847173324,2.166859427748055,T_south,M0_Ratio,May-Oct
2022-10-20,2022,0.4812726643528513,0.48991626550977246,T_south,M0_Ratio,May-Oct
2022-10-30,2022,1.8286108750081553,1.8893992385593845,T_south,M0_Ratio,May-Oct
2022-11-09,2022,1.9707914463644474,2.0836083045932092,T_south,M0_Ratio,Nov-Jan
2022-11-14,2022,1.496179111241841,1.2843161519341442,T_south,M0_Ratio,Nov-Jan
2022-11-24,2022,2.239254700138032,2.0931187586108315,T_south,M0_Ratio,Nov-Jan
2022-12-04,2022,1.5594124592509222,1.6351979377688366,T_south,M0_Ratio,Nov-Jan
2022-12-09,2022,1.091829774310715,0.6557828394816454,T_south,M0_Ratio,Nov-Jan
2022-12-14,2022,2.612150045961732,2.793617372760351,T_south,M0_Ratio,Nov-Jan
2022-12-24,2022,4.241972784122632,4.152234917017629,T_south,M0_Ratio,Nov-Jan
2022-12-29,2022,3.4857860642427583,3.1545428421363884,T_south,M0_Ratio,Nov-Jan
2023-01-03,2022,1.6647023400954757,1.895068839060473,T_south,M0_Ratio,Nov-Jan
2023-01-08,2022,3.2552146805581,3.669701837212831,T_south,M0_Ratio,Nov-Jan
2023-01-13,2022,1.3477545606332764,1.4903177953251907,T_south,M0_Ratio,Nov-Jan
2023-01-18,2022,5.1397961003777946,5.270556935876484,T_south,M0_Ratio,Nov-Jan
2023-01-23,2022,1.8385441156148212,2.1192877320301333,T_south,M0_Ratio,Nov-Jan
2023-01-28,2022,2.593381621241173,2.4839324148579847,T_south,M0_Ratio,Nov-Jan
2023-02-02,2022,2.2239778731104876,2.1426969510027702,T_south,M0_Ratio,Feb-Apr
2023-02-07,2022,2.388448599492224,2.542205898773493,T_south,M0_Ratio,Feb-Apr
2023-02-12,2022,2.356767454903691,2.461141740547498,T_south,M0_Ratio,Feb-Apr
2023-02-17,2022,2.7066406593477375,2.5919858353413003,T_south,M0_Ratio,Feb-Apr
2023-02-22,2022,3.490533682955247,3.604975711811972,T_south,M0_Ratio,Feb-Apr
2023-02-27,2022,1.9480459381578394,2.0598269797620854,T_south,M0_Ratio,Feb-Apr
2023-03-04,2022,2.141348993404327,2.387080027952174,T_south,M0_Ratio,Feb-Apr
2023-03-09,2022,2.363856040773928,2.4781943310274053,T_south,M0_Ratio,Feb-Apr
2023-03-14,2022,2.3532125228121297,2.387295861482385,T_south,M0_Ratio,Feb-Apr
2023-03-29,2022,2.624571557551717,2.603665938802916,T_south,M0_Ratio,Feb-Apr
2023-09-15,2023,4.151668048289952,2.6857177780449097,T_south,M0_Ratio,May-Oct
2023-09-25,2023,2.409266571919167,2.1788895760445213,T_south,M0_Ratio,May-Oct
2023-10-10,2023,2.25062103183005,2.2076852856257445,T_south,M0_Ratio,May-Oct
2023-10-15,2023,2.328127052885651,2.3525529341890934,T_south,M0_Ratio,May-Oct
2023-10-20,2023,0.4965073679514251,0.043131686255473735,T_south,M0_Ratio,May-Oct
2023-10-30,2023,0.8550841276709863,1.0619055534481325,T_south,M0_Ratio,May-Oct
2023-11-09,2023,2.1534153696352956,2.1378207885122413,T_south,M0_Ratio,Nov-Jan
2023-11-14,2023,1.424602999148343,1.4781950519846894,T_south,M0_Ratio,Nov-Jan
2023-11-19,2023,1.0918297743107155,1.7914775560924312,T_south,M0_Ratio,Nov-Jan
2023-11-24,2023,0.39376460181500367,0.48705896616491506,T_south,M0_Ratio,Nov-Jan
2023-12-09,2023,2.1870963084128423,2.3607817865673324,T_south,M0_Ratio,Nov-Jan
2023-12-14,2023,1.8135775692475005,1.97766512190237,T_south,M0_Ratio,Nov-Jan
2023-12-19,2023,1.2810997447305286,1.4281021693260256,T_south,M0_Ratio,Nov-Jan
2023-12-24,2023,1.4109797497060876,1.4115038914321896,T_south,M0_Ratio,Nov-Jan
2023-12-29,2023,1.993191458413503,2.091028905022287,T_south,M0_Ratio,Nov-Jan
2024-01-03,2023,0.6774242317752743,0.7266858915937222,T_south,M0_Ratio,Nov-Jan
2024-01-08,2023,2.115062340583733,1.7314725394750399,T_south,M0_Ratio,Nov-Jan
2024-01-13,2023,2.0626995608052985,2.2004144989492733,T_south,M0_Ratio,Nov-Jan
2024-01-18,2023,2.2619111016918145,2.3253529078750277,T_south,M0_Ratio,Nov-Jan
2024-01-23,2023,1.4313593111200693,1.6611070049860923,T_south,M0_Ratio,Nov-Jan
2024-01-28,2023,2.0626995608052994,2.179393626175587,T_south,M0_Ratio,Nov-Jan
2024-02-02,2023,2.6886585816777564,2.615241234197047,T_south,M0_Ratio,Feb-Apr
2024-02-07,2023,4.7235127476716245,4.552211409720264,T_south,M0_Ratio,Feb-Apr
2024-02-12,2023,4.074480801575261,3.9925042922584524,T_south,M0_Ratio,Feb-Apr
2024-02-17,2023,4.815275164342527,4.827318896784512,T_south,M0_Ratio,Feb-Apr
2024-02-22,2023,2.5457116651957006,2.545842080904316,T_south,M0_Ratio,Feb-Apr
2024-02-27,2023,2.7916932929081697,2.6599891816508245,T_south,M0_Ratio,Feb-Apr
2024-03-03,2023,2.5457116651957,2.690577608725461,T_south,M0_Ratio,Feb-Apr
2024-03-08,2023,2.6245715575517163,2.557604088156388,T_south,M0_Ratio,Feb-Apr
2024-03-13,2023,2.360315323718105,2.385084307221274,T_south,M0_Ratio,Feb-Apr
2024-03-18,2023,2.2468408648819573,2.329163377067107,T_south,M0_Ratio,Feb-Apr
2024-03-28,2023,2.5744447886318,2.567601447148223,T_south,M0_Ratio,Feb-Apr
2024-04-12,2023,2.794574526648833,3.233343727649358,T_south,M0_Ratio,Feb-Apr
2024-04-27,2023,2.6765918120022074,2.5176176548375997,T_south,M0_Ratio,Feb-Apr
2024-05-12,2024,2.1128314595078366,1.6028214537723808,T_south,M0_Ratio,May-Oct
2024-09-19,2024,0.9085895663253712,1.2870380720867567,T_south,M0_Ratio,May-Oct
2024-09-29,2024,2.062699560805299,1.7931338674991306,T_south,M0_Ratio,May-Oct
2024-10-09,2024,1.3259378031353592,1.3028926855796408,T_south,M0_Ratio,May-Oct
2024-10-14,2024,2.312265436341663,1.777163552889619,T_south,M0_Ratio,May-Oct
2024-10-19,2024,3.0160822663002307,2.4356307386140306,T_south,M0_Ratio,May-Oct
2024-10-29,2024,4.236163198885018,3.220040721186622,T_south,M0_Ratio,May-Oct
2017-01-09,2016,0.569651699568714,0.5720282587466508,T_south,M1_Ridge,Nov-Jan
2017-02-08,2016,1.9388477594480025,1.9912319243359826,T_south,M1_Ridge,Feb-Apr
2017-02-18,2016,2.02399599261239,1.848522651068649,T_south,M1_Ridge,Feb-Apr
2017-10-16,2017,0.18284122315589932,-0.2854336683363461,T_south,M1_Ridge,May-Oct
2017-11-10,2017,0.9085895663253695,1.2062013470315078,T_south,M1_Ridge,Nov-Jan
2017-11-30,2017,0.2989187646867019,0.4510107739303906,T_south,M1_Ridge,Nov-Jan
2017-12-15,2017,1.311174324961169,1.6205060448369841,T_south,M1_Ridge,Nov-Jan
2017-12-20,2017,0.36819856651326754,0.18580803503367083,T_south,M1_Ridge,Nov-Jan
2017-12-30,2017,1.2810997447305286,0.978690668834441,T_south,M1_Ridge,Nov-Jan
2018-01-04,2017,2.0626995608052985,1.5332729808652268,T_south,M1_Ridge,Nov-Jan
2018-01-09,2017,1.910898770943189,2.2807834969541743,T_south,M1_Ridge,Nov-Jan
2018-01-19,2017,0.7276213558834279,0.7257681982266586,T_south,M1_Ridge,Nov-Jan
2018-01-29,2017,1.9295911916729482,2.370257130675088,T_south,M1_Ridge,Nov-Jan
2018-02-13,2017,1.757016260401994,1.5594830147166743,T_south,M1_Ridge,Feb-Apr
2018-02-23,2017,2.558531580351543,2.4912722283112605,T_south,M1_Ridge,Feb-Apr
2018-03-05,2017,2.4603135368674676,2.6821768308772094,T_south,M1_Ridge,Feb-Apr
2018-03-10,2017,2.356767454903689,2.198094206006182,T_south,M1_Ridge,Feb-Apr
2018-04-09,2017,2.0413194861389625,2.6227282391267424,T_south,M1_Ridge,Feb-Apr
2018-10-16,2018,1.642023339434066,1.3599364138040912,T_south,M1_Ridge,May-Oct
2018-11-25,2018,1.2502604731257547,1.4801770870449864,T_south,M1_Ridge,Nov-Jan
2018-11-30,2018,0.871813904851599,0.7299578104817896,T_south,M1_Ridge,Nov-Jan
2018-12-10,2018,0.555408113316414,0.633876401637937,T_south,M1_Ridge,Nov-Jan
2018-12-25,2018,1.961735483305863,1.636097042807602,T_south,M1_Ridge,Nov-Jan
2018-12-30,2018,1.5654903466681942,1.6861307420334666,T_south,M1_Ridge,Nov-Jan
2019-01-04,2018,0.9347161482482925,1.0383412138877897,T_south,M1_Ridge,Nov-Jan
2019-01-09,2018,1.9687038949156528,1.7447805837749584,T_south,M1_Ridge,Nov-Jan
2019-01-19,2018,2.3919346773774834,2.5582739404222314,T_south,M1_Ridge,Nov-Jan
2019-01-24,2018,1.774921939881128,1.5647891129391192,T_south,M1_Ridge,Nov-Jan
2019-01-29,2018,4.1985401644270075,4.296128222968005,T_south,M1_Ridge,Nov-Jan
2019-02-03,2018,1.7517569705272724,1.6810913406194294,T_south,M1_Ridge,Feb-Apr
2019-02-08,2018,0.844073900988989,0.9672705514983275,T_south,M1_Ridge,Feb-Apr
2019-02-13,2018,1.3762541882539097,1.4067316787251842,T_south,M1_Ridge,Feb-Apr
2019-02-18,2018,4.816950868974493,4.706852699114542,T_south,M1_Ridge,Feb-Apr
2019-02-23,2018,2.258156095491915,2.382121688986803,T_south,M1_Ridge,Feb-Apr
2019-02-28,2018,2.092139823144559,2.075492905582821,T_south,M1_Ridge,Feb-Apr
2019-03-05,2018,3.570600825289938,3.5097624454369054,T_south,M1_Ridge,Feb-Apr
2019-03-10,2018,2.335330774860708,2.386710871766011,T_south,M1_Ridge,Feb-Apr
2019-03-15,2018,2.3532125228121292,2.3798601384049602,T_south,M1_Ridge,Feb-Apr
2019-03-20,2018,2.6323572058765325,2.5536773215341224,T_south,M1_Ridge,Feb-Apr
2019-03-25,2018,3.6398425846989895,2.8547030795035564,T_south,M1_Ridge,Feb-Apr
2019-03-30,2018,2.7392539828943754,2.9228151076381903,T_south,M1_Ridge,Feb-Apr
2019-04-04,2018,3.435617721944722,2.8681170391046438,T_south,M1_Ridge,Feb-Apr
2019-04-09,2018,3.0683719096854403,2.7919669219010967,T_south,M1_Ridge,Feb-Apr
2019-09-26,2019,2.1169371248223667,2.1709189992166706,T_south,M1_Ridge,May-Oct
2019-10-16,2019,0.03234488974733699,0.05745082165738724,T_south,M1_Ridge,May-Oct
2019-10-21,2019,1.5348102219681006,1.331077367980296,T_south,M1_Ridge,May-Oct
2019-10-31,2019,2.1890792637674643,2.389658660786881,T_south,M1_Ridge,May-Oct
2019-11-05,2019,1.9342268443308608,1.7349736093742012,T_south,M1_Ridge,Nov-Jan
2019-11-15,2019,1.3585562268729494,1.9349327649389418,T_south,M1_Ridge,Nov-Jan
2019-11-20,2019,1.277293386592526,1.2169859817859185,T_south,M1_Ridge,Nov-Jan
2019-11-25,2019,1.28109974473053,1.3651395963091264,T_south,M1_Ridge,Nov-Jan
2019-11-30,2019,0.7756593100122408,0.7020446502167881,T_south,M1_Ridge,Nov-Jan
2019-12-05,2019,0.7873541885218416,0.5864827848211807,T_south,M1_Ridge,Nov-Jan
2019-12-10,2019,1.8919606357544656,1.8178755392354127,T_south,M1_Ridge,Nov-Jan
2019-12-15,2019,2.1812217532669282,1.8642685341872682,T_south,M1_Ridge,Nov-Jan
2019-12-20,2019,2.181221753266927,2.286352156182871,T_south,M1_Ridge,Nov-Jan
2019-12-25,2019,1.601371331902459,1.812591761816906,T_south,M1_Ridge,Nov-Jan
2019-12-30,2019,1.7778536192756875,1.8120159208158169,T_south,M1_Ridge,Nov-Jan
2020-01-09,2019,1.4711507743568655,1.5076346638375788,T_south,M1_Ridge,Nov-Jan
2020-01-14,2019,1.4109797497060894,1.3994630241508066,T_south,M1_Ridge,Nov-Jan
2020-01-19,2019,0.9496582510855398,1.3197350948464939,T_south,M1_Ridge,Nov-Jan
2020-01-24,2019,5.234633079246922,5.022446625952794,T_south,M1_Ridge,Nov-Jan
2020-01-29,2019,4.032684055473358,3.9649585600389505,T_south,M1_Ridge,Nov-Jan
2020-02-03,2019,2.1733259440041395,2.3360917227989493,T_south,M1_Ridge,Feb-Apr
2020-02-08,2019,2.045619568825272,2.1022999185834754,T_south,M1_Ridge,Feb-Apr
2020-02-13,2019,3.7984352182411643,3.767333376403573,T_south,M1_Ridge,Feb-Apr
2020-02-18,2019,2.700662128520773,2.720210033652676,T_south,M1_Ridge,Feb-Apr
2020-02-23,2019,2.208558936101671,2.1606313355498314,T_south,M1_Ridge,Feb-Apr
2020-02-28,2019,2.2656576437738245,2.3537185945572383,T_south,M1_Ridge,Feb-Apr
2020-03-04,2019,2.3425051753805413,2.21854915150512,T_south,M1_Ridge,Feb-Apr
2020-03-09,2019,2.2581560954919158,2.2670353949039623,T_south,M1_Ridge,Feb-Apr
2020-03-14,2019,3.52692117498013,2.6822226366821553,T_south,M1_Ridge,Feb-Apr
2020-03-24,2019,2.75393273197916,2.722299550086648,T_south,M1_Ridge,Feb-Apr
2020-11-09,2020,0.9988702085742547,0.8393038646875364,T_south,M1_Ridge,Nov-Jan
2020-11-14,2020,1.28109974473053,1.006404072427656,T_south,M1_Ridge,Nov-Jan
2020-11-19,2020,4.632755495255005,4.60353119582619,T_south,M1_Ridge,Nov-Jan
2020-11-24,2020,1.6647023400954757,1.7592622163883056,T_south,M1_Ridge,Nov-Jan
2020-11-29,2020,0.45844395673862576,1.020955005404884,T_south,M1_Ridge,Nov-Jan
2020-12-09,2020,4.942354841251308,4.729352303086882,T_south,M1_Ridge,Nov-Jan
2020-12-14,2020,1.89671865462346,1.6258798666482577,T_south,M1_Ridge,Nov-Jan
2020-12-19,2020,2.3136300300817,2.4489710662751385,T_south,M1_Ridge,Nov-Jan
2020-12-24,2020,1.8775906917716363,1.7886947100264963,T_south,M1_Ridge,Nov-Jan
2021-01-03,2020,1.6534113289172518,1.575770182357959,T_south,M1_Ridge,Nov-Jan
2021-01-08,2020,1.1356160388213468,1.048356657952267,T_south,M1_Ridge,Nov-Jan
2021-01-13,2020,2.3884485994922255,2.154535581905175,T_south,M1_Ridge,Nov-Jan
2021-01-18,2020,1.9342268443308626,1.831362713236,T_south,M1_Ridge,Nov-Jan
2021-01-23,2020,2.7743362399855784,2.881016156750299,T_south,M1_Ridge,Nov-Jan
2021-01-28,2020,1.9571864942767616,2.132135678647078,T_south,M1_Ridge,Nov-Jan
2021-02-02,2020,2.0196338994306213,2.069020660833103,T_south,M1_Ridge,Feb-Apr
2021-02-07,2020,2.4434514165787666,2.5874797374092164,T_south,M1_Ridge,Feb-Apr
2021-02-12,2020,2.320893641264256,2.231126038816478,T_south,M1_Ridge,Feb-Apr
2021-02-17,2020,2.498706259012305,2.293006143669315,T_south,M1_Ridge,Feb-Apr
2021-02-22,2020,2.015259118982356,2.1854582466340666,T_south,M1_Ridge,Feb-Apr
2021-03-04,2020,2.9780517787402077,2.804604761671061,T_south,M1_Ridge,Feb-Apr
2021-03-09,2020,2.730403683343451,3.3320034673507073,T_south,M1_Ridge,Feb-Apr
2021-03-14,2020,4.62029757814117,4.501940683720239,T_south,M1_Ridge,Feb-Apr
2021-03-24,2020,2.7945745266488333,3.2473259261329446,T_south,M1_Ridge,Feb-Apr
2021-10-10,2021,2.5198258421069633,2.7481060001900777,T_south,M1_Ridge,May-Oct
2021-10-30,2021,1.5835546417041795,1.3982907035133159,T_south,M1_Ridge,May-Oct
2021-11-09,2021,0.4965073679514244,0.579633486009,T_south,M1_Ridge,Nov-Jan
2021-11-19,2021,0.7756593100122399,0.41319644323247307,T_south,M1_Ridge,Nov-Jan
2021-11-24,2021,0.18284122315590007,0.21192717955596274,T_south,M1_Ridge,Nov-Jan
2021-11-29,2021,1.2580443720405479,1.2296223213767794,T_south,M1_Ridge,Nov-Jan
2021-12-09,2021,1.0086344755020875,1.0594011460877213,T_south,M1_Ridge,Nov-Jan
2021-12-14,2021,1.6305362612997805,1.7001877987473886,T_south,M1_Ridge,Nov-Jan
2021-12-19,2021,0.6248513161908273,0.7125345999187527,T_south,M1_Ridge,Nov-Jan
2021-12-24,2021,1.8385441156148243,2.0575300829661667,T_south,M1_Ridge,Nov-Jan
2021-12-29,2021,1.8135775692474971,1.8689602508426573,T_south,M1_Ridge,Nov-Jan
2022-01-08,2021,0.12033159833072848,0.47063617464061447,T_south,M1_Ridge,Nov-Jan
2022-01-13,2021,1.757016260401995,1.7088047067734706,T_south,M1_Ridge,Nov-Jan
2022-01-18,2021,1.0086344755020804,1.325900109739413,T_south,M1_Ridge,Nov-Jan
2022-01-23,2021,2.0753856795352252,2.0110922236978026,T_south,M1_Ridge,Nov-Jan
2022-02-07,2021,2.395414239728547,2.4909624351477353,T_south,M1_Ridge,Feb-Apr
2022-02-12,2021,4.649232358639033,4.614595514107735,T_south,M1_Ridge,Feb-Apr
2022-02-17,2021,2.335330774860712,2.48491271078341,T_south,M1_Ridge,Feb-Apr
2022-02-22,2021,2.3919346773774808,2.5751020806965057,T_south,M1_Ridge,Feb-Apr
2022-02-27,2021,1.4246029991483447,1.5546724063163695,T_south,M1_Ridge,Feb-Apr
2022-03-04,2021,2.0108715537875987,2.1238753124973946,T_south,M1_Ridge,Feb-Apr
2022-03-09,2021,2.384955706033314,2.389002688422628,T_south,M1_Ridge,Feb-Apr
2022-03-14,2021,2.3919346773774808,2.4646243608309635,T_south,M1_Ridge,Feb-Apr
2022-03-19,2021,2.4058133231772354,2.5396769559864514,T_south,M1_Ridge,Feb-Apr
2022-03-24,2021,2.4434514165787666,2.9047465488029234,T_south,M1_Ridge,Feb-Apr
2022-08-01,2022,2.045619568825271,3.039253897911391,T_south,M1_Ridge,May-Oct
2022-08-31,2022,1.135616038821347,1.8663582907044607,T_south,M1_Ridge,May-Oct
2022-10-05,2022,2.75977955626847,2.6114531240119554,T_south,M1_Ridge,May-Oct
2022-10-10,2022,1.0508004840604726,0.4631166466578056,T_south,M1_Ridge,May-Oct
2022-10-15,2022,2.1453812847173324,2.483104798842387,T_south,M1_Ridge,May-Oct
2022-10-20,2022,0.4812726643528513,0.44338587828053,T_south,M1_Ridge,May-Oct
2022-10-30,2022,1.8286108750081553,1.8030193598991953,T_south,M1_Ridge,May-Oct
2022-11-09,2022,1.9707914463644474,2.16611180654689,T_south,M1_Ridge,Nov-Jan
2022-11-14,2022,1.496179111241841,1.2692122597659945,T_south,M1_Ridge,Nov-Jan
2022-11-24,2022,2.239254700138032,2.130087216266232,T_south,M1_Ridge,Nov-Jan
2022-12-04,2022,1.5594124592509222,1.5074244580756715,T_south,M1_Ridge,Nov-Jan
2022-12-09,2022,1.091829774310715,0.5881408778688335,T_south,M1_Ridge,Nov-Jan
2022-12-14,2022,2.612150045961732,2.6066608824210604,T_south,M1_Ridge,Nov-Jan
2022-12-24,2022,4.241972784122632,4.293561603971356,T_south,M1_Ridge,Nov-Jan
2022-12-29,2022,3.4857860642427583,3.2266290348112676,T_south,M1_Ridge,Nov-Jan
2023-01-03,2022,1.6647023400954757,1.6356988966956745,T_south,M1_Ridge,Nov-Jan
2023-01-08,2022,3.2552146805581,3.819932766636148,T_south,M1_Ridge,Nov-Jan
2023-01-13,2022,1.3477545606332764,1.4551274057399972,T_south,M1_Ridge,Nov-Jan
2023-01-18,2022,5.1397961003777946,4.9728306121172565,T_south,M1_Ridge,Nov-Jan
2023-01-23,2022,1.8385441156148212,2.0276448289978077,T_south,M1_Ridge,Nov-Jan
2023-01-28,2022,2.593381621241173,2.4175798098382346,T_south,M1_Ridge,Nov-Jan
2023-02-02,2022,2.2239778731104876,2.029339133099335,T_south,M1_Ridge,Feb-Apr
2023-02-07,2022,2.388448599492224,2.374584628238867,T_south,M1_Ridge,Feb-Apr
2023-02-12,2022,2.356767454903691,2.288392775265884,T_south,M1_Ridge,Feb-Apr
2023-02-17,2022,2.7066406593477375,2.542768566191331,T_south,M1_Ridge,Feb-Apr
2023-02-22,2022,3.490533682955247,3.745712153948846,T_south,M1_Ridge,Feb-Apr
2023-02-27,2022,1.9480459381578394,1.8976595685522502,T_south,M1_Ridge,Feb-Apr
2023-03-04,2022,2.141348993404327,2.2789104161330465,T_south,M1_Ridge,Feb-Apr
2023-03-09,2022,2.363856040773928,2.3930598964149516,T_south,M1_Ridge,Feb-Apr
2023-03-14,2022,2.3532125228121297,2.385979115112221,T_south,M1_Ridge,Feb-Apr
2023-03-29,2022,2.624571557551717,2.6359621346373503,T_south,M1_Ridge,Feb-Apr
2023-09-15,2023,4.151668048289952,2.9595964726178363,T_south,M1_Ridge,May-Oct
2023-09-25,2023,2.409266571919167,2.6716711734480403,T_south,M1_Ridge,May-Oct
2023-10-10,2023,2.25062103183005,2.480306608230965,T_south,M1_Ridge,May-Oct
2023-10-15,2023,2.328127052885651,2.675209365065173,T_south,M1_Ridge,May-Oct
2023-10-20,2023,0.4965073679514251,0.43456219981118704,T_south,M1_Ridge,May-Oct
2023-10-30,2023,0.8550841276709863,0.9325269421823448,T_south,M1_Ridge,May-Oct
2023-11-09,2023,2.1534153696352956,2.1404049725835366,T_south,M1_Ridge,Nov-Jan
2023-11-14,2023,1.424602999148343,1.6615431367343991,T_south,M1_Ridge,Nov-Jan
2023-11-19,2023,1.0918297743107155,1.5322576012430458,T_south,M1_Ridge,Nov-Jan
2023-11-24,2023,0.39376460181500367,0.6417927249281066,T_south,M1_Ridge,Nov-Jan
2023-12-09,2023,2.1870963084128423,2.474451245864258,T_south,M1_Ridge,Nov-Jan
2023-12-14,2023,1.8135775692475005,1.87832211472708,T_south,M1_Ridge,Nov-Jan
2023-12-19,2023,1.2810997447305286,1.4743452104199528,T_south,M1_Ridge,Nov-Jan
2023-12-24,2023,1.4109797497060876,1.488605832414326,T_south,M1_Ridge,Nov-Jan
2023-12-29,2023,1.993191458413503,1.9295158385151023,T_south,M1_Ridge,Nov-Jan
2024-01-03,2023,0.6774242317752743,0.5875585084178196,T_south,M1_Ridge,Nov-Jan
2024-01-08,2023,2.115062340583733,1.7429545863085045,T_south,M1_Ridge,Nov-Jan
2024-01-13,2023,2.0626995608052985,2.110512924261992,T_south,M1_Ridge,Nov-Jan
2024-01-18,2023,2.2619111016918145,2.1336579867550625,T_south,M1_Ridge,Nov-Jan
2024-01-23,2023,1.4313593111200693,1.5108091565551756,T_south,M1_Ridge,Nov-Jan
2024-01-28,2023,2.0626995608052994,1.9842441172769931,T_south,M1_Ridge,Nov-Jan
2024-02-02,2023,2.6886585816777564,2.4886435000018348,T_south,M1_Ridge,Feb-Apr
2024-02-07,2023,4.7235127476716245,4.332980663199507,T_south,M1_Ridge,Feb-Apr
2024-02-12,2023,4.074480801575261,3.6995207480182115,T_south,M1_Ridge,Feb-Apr
2024-02-17,2023,4.815275164342527,4.487671337353569,T_south,M1_Ridge,Feb-Apr
2024-02-22,2023,2.5457116651957006,2.4650610313801935,T_south,M1_Ridge,Feb-Apr
2024-02-27,2023,2.7916932929081697,2.651607620722214,T_south,M1_Ridge,Feb-Apr
2024-03-03,2023,2.5457116651957,2.6038918362216275,T_south,M1_Ridge,Feb-Apr
2024-03-08,2023,2.6245715575517163,2.6179516368575513,T_south,M1_Ridge,Feb-Apr
2024-03-13,2023,2.360315323718105,2.6138391387663527,T_south,M1_Ridge,Feb-Apr
2024-03-18,2023,2.2468408648819573,2.281431104690953,T_south,M1_Ridge,Feb-Apr
2024-03-28,2023,2.5744447886318,2.7633898939172044,T_south,M1_Ridge,Feb-Apr
2024-04-12,2023,2.794574526648833,3.1841093080118714,T_south,M1_Ridge,Feb-Apr
2024-04-27,2023,2.6765918120022074,2.9248134257076073,T_south,M1_Ridge,Feb-Apr
2024-05-12,2024,2.1128314595078366,1.3641243867847401,T_south,M1_Ridge,May-Oct
2024-09-19,2024,0.9085895663253712,1.1818418692908497,T_south,M1_Ridge,May-Oct
2024-09-29,2024,2.062699560805299,1.8717393268360425,T_south,M1_Ridge,May-Oct
2024-10-09,2024,1.3259378031353592,1.3701373284346778,T_south,M1_Ridge,May-Oct
2024-10-14,2024,2.312265436341663,2.35630354591954,T_south,M1_Ridge,May-Oct
2024-10-19,2024,3.0160822663002307,3.1734158427951282,T_south,M1_Ridge,May-Oct
2024-10-29,2024,4.236163198885018,3.4655289499004516,T_south,M1_Ridge,May-Oct
2017-01-09,2016,0.569651699568714,1.0871233839571863,T_south,M2_RandomForest,Nov-Jan
2017-02-08,2016,1.9388477594480025,2.1089995241067307,T_south,M2_RandomForest,Feb-Apr
2017-02-18,2016,2.02399599261239,2.0212365580061737,T_south,M2_RandomForest,Feb-Apr
2017-10-16,2017,0.18284122315589932,0.8822496805760335,T_south,M2_RandomForest,May-Oct
2017-11-10,2017,0.9085895663253695,1.092270966851477,T_south,M2_RandomForest,Nov-Jan
2017-11-30,2017,0.2989187646867019,0.7875660785650146,T_south,M2_RandomForest,Nov-Jan
2017-12-15,2017,1.311174324961169,1.7460930454889179,T_south,M2_RandomForest,Nov-Jan
2017-12-20,2017,0.36819856651326754,0.7223028699433819,T_south,M2_RandomForest,Nov-Jan
2017-12-30,2017,1.2810997447305286,0.8371001236600533,T_south,M2_RandomForest,Nov-Jan
2018-01-04,2017,2.0626995608052985,2.1692774633090552,T_south,M2_RandomForest,Nov-Jan
2018-01-09,2017,1.910898770943189,2.2534480304698046,T_south,M2_RandomForest,Nov-Jan
2018-01-19,2017,0.7276213558834279,1.1241654892926984,T_south,M2_RandomForest,Nov-Jan
2018-01-29,2017,1.9295911916729482,2.2824852050959787,T_south,M2_RandomForest,Nov-Jan
2018-02-13,2017,1.757016260401994,1.8073999412562016,T_south,M2_RandomForest,Feb-Apr
2018-02-23,2017,2.558531580351543,2.5312768133105696,T_south,M2_RandomForest,Feb-Apr
2018-03-05,2017,2.4603135368674676,2.609439463405734,T_south,M2_RandomForest,Feb-Apr
2018-03-10,2017,2.356767454903689,2.339664332342538,T_south,M2_RandomForest,Feb-Apr
2018-04-09,2017,2.0413194861389625,2.359516411157932,T_south,M2_RandomForest,Feb-Apr
2018-10-16,2018,1.642023339434066,2.0436629604399275,T_south,M2_RandomForest,May-Oct
2018-11-25,2018,1.2502604731257547,1.2864213296951004,T_south,M2_RandomForest,Nov-Jan
2018-11-30,2018,0.871813904851599,0.8639555220469576,T_south,M2_RandomForest,Nov-Jan
2018-12-10,2018,0.555408113316414,0.8742538544143844,T_south,M2_RandomForest,Nov-Jan
2018-12-25,2018,1.961735483305863,1.687689674716777,T_south,M2_RandomForest,Nov-Jan
2018-12-30,2018,1.5654903466681942,1.8222252647847001,T_south,M2_RandomForest,Nov-Jan
2019-01-04,2018,0.9347161482482925,1.2546893902135785,T_south,M2_RandomForest,Nov-Jan
2019-01-09,2018,1.9687038949156528,1.807050179839303,T_south,M2_RandomForest,Nov-Jan
2019-01-19,2018,2.3919346773774834,2.4435015256468913,T_south,M2_RandomForest,Nov-Jan
2019-01-24,2018,1.774921939881128,1.6914875971494707,T_south,M2_RandomForest,Nov-Jan
2019-01-29,2018,4.1985401644270075,4.00261217669186,T_south,M2_RandomForest,Nov-Jan
2019-02-03,2018,1.7517569705272724,1.9391074950191254,T_south,M2_RandomForest,Feb-Apr
2019-02-08,2018,0.844073900988989,1.4466781876726975,T_south,M2_RandomForest,Feb-Apr
2019-02-13,2018,1.3762541882539097,1.8050898085143108,T_south,M2_RandomForest,Feb-Apr
2019-02-18,2018,4.816950868974493,3.692842123457313,T_south,M2_RandomForest,Feb-Apr
2019-02-23,2018,2.258156095491915,2.428591370553923,T_south,M2_RandomForest,Feb-Apr
2019-02-28,2018,2.092139823144559,2.1899072557334622,T_south,M2_RandomForest,Feb-Apr
2019-03-05,2018,3.570600825289938,3.3098954657229314,T_south,M2_RandomForest,Feb-Apr
2019-03-10,2018,2.335330774860708,2.4162027943183517,T_south,M2_RandomForest,Feb-Apr
2019-03-15,2018,2.3532125228121292,2.4595596945822638,T_south,M2_RandomForest,Feb-Apr
2019-03-20,2018,2.6323572058765325,2.4590994954047143,T_south,M2_RandomForest,Feb-Apr
2019-03-25,2018,3.6398425846989895,3.010918076372402,T_south,M2_RandomForest,Feb-Apr
2019-03-30,2018,2.7392539828943754,3.1923568739714456,T_south,M2_RandomForest,Feb-Apr
2019-04-04,2018,3.435617721944722,2.608923107369749,T_south,M2_RandomForest,Feb-Apr
2019-04-09,2018,3.0683719096854403,2.7693840753365686,T_south,M2_RandomForest,Feb-Apr
2019-09-26,2019,2.1169371248223667,2.091267265556499,T_south,M2_RandomForest,May-Oct
2019-10-16,2019,0.03234488974733699,0.8649099897621264,T_south,M2_RandomForest,May-Oct
2019-10-21,2019,1.5348102219681006,1.2461368830687227,T_south,M2_RandomForest,May-Oct
2019-10-31,2019,2.1890792637674643,2.0500955187037464,T_south,M2_RandomForest,May-Oct
2019-11-05,2019,1.9342268443308608,1.8162957905949664,T_south,M2_RandomForest,Nov-Jan
2019-11-15,2019,1.3585562268729494,1.8074333754506777,T_south,M2_RandomForest,Nov-Jan
2019-11-20,2019,1.277293386592526,0.931963179603786,T_south,M2_RandomForest,Nov-Jan
2019-11-25,2019,1.28109974473053,1.2701164503449531,T_south,M2_RandomForest,Nov-Jan
2019-11-30,2019,0.7756593100122408,0.8895273648841386,T_south,M2_RandomForest,Nov-Jan
2019-12-05,2019,0.7873541885218416,0.771348372127189,T_south,M2_RandomForest,Nov-Jan
2019-12-10,2019,1.8919606357544656,1.7631686193684422,T_south,M2_RandomForest,Nov-Jan
2019-12-15,2019,2.1812217532669282,1.8429787053464024,T_south,M2_RandomForest,Nov-Jan
2019-12-20,2019,2.181221753266927,2.4397275919720682,T_south,M2_RandomForest,Nov-Jan
2019-12-25,2019,1.601371331902459,1.811231610260878,T_south,M2_RandomForest,Nov-Jan
2019-12-30,2019,1.7778536192756875,1.8570167666896906,T_south,M2_RandomForest,Nov-Jan
2020-01-09,2019,1.4711507743568655,1.6311374632228661,T_south,M2_RandomForest,Nov-Jan
2020-01-14,2019,1.4109797497060894,1.3388175174929673,T_south,M2_RandomForest,Nov-Jan
2020-01-19,2019,0.9496582510855398,1.3831275040966116,T_south,M2_RandomForest,Nov-Jan
2020-01-24,2019,5.234633079246922,4.0801935397953635,T_south,M2_RandomForest,Nov-Jan
2020-01-29,2019,4.032684055473358,4.12239337569469,T_south,M2_RandomForest,Nov-Jan
2020-02-03,2019,2.1733259440041395,2.6114909182244266,T_south,M2_RandomForest,Feb-Apr
2020-02-08,2019,2.045619568825272,2.331442703667233,T_south,M2_RandomForest,Feb-Apr
2020-02-13,2019,3.7984352182411643,4.214360060210469,T_south,M2_RandomForest,Feb-Apr
2020-02-18,2019,2.700662128520773,2.7958341345231403,T_south,M2_RandomForest,Feb-Apr
2020-02-23,2019,2.208558936101671,2.3165608198985903,T_south,M2_RandomForest,Feb-Apr
2020-02-28,2019,2.2656576437738245,2.4833264607477084,T_south,M2_RandomForest,Feb-Apr
2020-03-04,2019,2.3425051753805413,2.4092037558409793,T_south,M2_RandomForest,Feb-Apr
2020-03-09,2019,2.2581560954919158,2.251878607966628,T_south,M2_RandomForest,Feb-Apr
2020-03-14,2019,3.52692117498013,2.786852121171633,T_south,M2_RandomForest,Feb-Apr
2020-03-24,2019,2.75393273197916,2.9364885987020215,T_south,M2_RandomForest,Feb-Apr
2020-11-09,2020,0.9988702085742547,0.9537956502055166,T_south,M2_RandomForest,Nov-Jan
2020-11-14,2020,1.28109974473053,0.7138402252345623,T_south,M2_RandomForest,Nov-Jan
2020-11-19,2020,4.632755495255005,3.432537558074105,T_south,M2_RandomForest,Nov-Jan
2020-11-24,2020,1.6647023400954757,1.55444950543359,T_south,M2_RandomForest,Nov-Jan
2020-11-29,2020,0.45844395673862576,0.9874148320027738,T_south,M2_RandomForest,Nov-Jan
2020-12-09,2020,4.942354841251308,3.4045920355389048,T_south,M2_RandomForest,Nov-Jan
2020-12-14,2020,1.89671865462346,1.6949165686179362,T_south,M2_RandomForest,Nov-Jan
2020-12-19,2020,2.3136300300817,2.3569363299640913,T_south,M2_RandomForest,Nov-Jan
2020-12-24,2020,1.8775906917716363,1.921843995353766,T_south,M2_RandomForest,Nov-Jan
2021-01-03,2020,1.6534113289172518,1.5013952327418683,T_south,M2_RandomForest,Nov-Jan
2021-01-08,2020,1.1356160388213468,1.0629524997612112,T_south,M2_RandomForest,Nov-Jan
2021-01-13,2020,2.3884485994922255,2.1694078892937343,T_south,M2_RandomForest,Nov-Jan
2021-01-18,2020,1.9342268443308626,1.9594558044246813,T_south,M2_RandomForest,Nov-Jan
2021-01-23,2020,2.7743362399855784,3.178263550392876,T_south,M2_RandomForest,Nov-Jan
2021-01-28,2020,1.9571864942767616,2.0784757903968383,T_south,M2_RandomForest,Nov-Jan
2021-02-02,2020,2.0196338994306213,2.223265016093346,T_south,M2_RandomForest,Feb-Apr
2021-02-07,2020,2.4434514165787666,2.64464662702431,T_south,M2_RandomForest,Feb-Apr
2021-02-12,2020,2.320893641264256,2.290040248854613,T_south,M2_RandomForest,Feb-Apr
2021-02-17,2020,2.498706259012305,2.331806609960865,T_south,M2_RandomForest,Feb-Apr
2021-02-22,2020,2.015259118982356,2.0969430477201434,T_south,M2_RandomForest,Feb-Apr
2021-03-04,2020,2.9780517787402077,2.4340928590789055,T_south,M2_RandomForest,Feb-Apr
2021-03-09,2020,2.730403683343451,3.1778610822938216,T_south,M2_RandomForest,Feb-Apr
2021-03-14,2020,4.62029757814117,3.784729764817012,T_south,M2_RandomForest,Feb-Apr
2021-03-24,2020,2.7945745266488333,3.0647666803008393,T_south,M2_RandomForest,Feb-Apr
2021-10-10,2021,2.5198258421069633,2.1606626897038215,T_south,M2_RandomForest,May-Oct
2021-10-30,2021,1.5835546417041795,1.3588750230723972,T_south,M2_RandomForest,May-Oct
2021-11-09,2021,0.4965073679514244,0.8159593081081744,T_south,M2_RandomForest,Nov-Jan
2021-11-19,2021,0.7756593100122399,0.7684215787249364,T_south,M2_RandomForest,Nov-Jan
2021-11-24,2021,0.18284122315590007,0.7102210637911857,T_south,M2_RandomForest,Nov-Jan
2021-11-29,2021,1.2580443720405479,1.339755245610323,T_south,M2_RandomForest,Nov-Jan
2021-12-09,2021,1.0086344755020875,1.030388877813499,T_south,M2_RandomForest,Nov-Jan
2021-12-14,2021,1.6305362612997805,1.7766451951392583,T_south,M2_RandomForest,Nov-Jan
2021-12-19,2021,0.6248513161908273,0.8673724145987715,T_south,M2_RandomForest,Nov-Jan
2021-12-24,2021,1.8385441156148243,1.8817028588213052,T_south,M2_RandomForest,Nov-Jan
2021-12-29,2021,1.8135775692474971,1.7432803000573336,T_south,M2_RandomForest,Nov-Jan
2022-01-08,2021,0.12033159833072848,0.9159008038778289,T_south,M2_RandomForest,Nov-Jan
2022-01-13,2021,1.757016260401995,1.759439563424275,T_south,M2_RandomForest,Nov-Jan
2022-01-18,2021,1.0086344755020804,1.409888622710735,T_south,M2_RandomForest,Nov-Jan
2022-01-23,2021,2.0753856795352252,1.921961242894183,T_south,M2_RandomForest,Nov-Jan
2022-02-07,2021,2.395414239728547,2.627640833993615,T_south,M2_RandomForest,Feb-Apr
2022-02-12,2021,4.649232358639033,4.305400355602023,T_south,M2_RandomForest,Feb-Apr
2022-02-17,2021,2.335330774860712,2.5158103163163315,T_south,M2_RandomForest,Feb-Apr
2022-02-22,2021,2.3919346773774808,2.17454696555461,T_south,M2_RandomForest,Feb-Apr
2022-02-27,2021,1.4246029991483447,1.813552336463808,T_south,M2_RandomForest,Feb-Apr
2022-03-04,2021,2.0108715537875987,2.1381480411214135,T_south,M2_RandomForest,Feb-Apr
2022-03-09,2021,2.384955706033314,2.376775761758927,T_south,M2_RandomForest,Feb-Apr
2022-03-14,2021,2.3919346773774808,2.5805018651969034,T_south,M2_RandomForest,Feb-Apr
2022-03-19,2021,2.4058133231772354,2.5382830835893437,T_south,M2_RandomForest,Feb-Apr
2022-03-24,2021,2.4434514165787666,2.466135630207108,T_south,M2_RandomForest,Feb-Apr
2022-08-01,2022,2.045619568825271,2.4052902027761753,T_south,M2_RandomForest,May-Oct
2022-08-31,2022,1.135616038821347,1.124996563355099,T_south,M2_RandomForest,May-Oct
2022-10-05,2022,2.75977955626847,2.379395581715078,T_south,M2_RandomForest,May-Oct
2022-10-10,2022,1.0508004840604726,0.8075737128511284,T_south,M2_RandomForest,May-Oct
2022-10-15,2022,2.1453812847173324,2.151074218538364,T_south,M2_RandomForest,May-Oct
2022-10-20,2022,0.4812726643528513,0.6314146327390088,T_south,M2_RandomForest,May-Oct
2022-10-30,2022,1.8286108750081553,1.8888998269188355,T_south,M2_RandomForest,May-Oct
2022-11-09,2022,1.9707914463644474,2.0058723403813117,T_south,M2_RandomForest,Nov-Jan
2022-11-14,2022,1.496179111241841,1.2234505238867044,T_south,M2_RandomForest,Nov-Jan
2022-11-24,2022,2.239254700138032,2.0564038583719206,T_south,M2_RandomForest,Nov-Jan
2022-12-04,2022,1.5594124592509222,1.6523304217763004,T_south,M2_RandomForest,Nov-Jan
2022-12-09,2022,1.091829774310715,0.708087645390201,T_south,M2_RandomForest,Nov-Jan
2022-12-14,2022,2.612150045961732,2.8994090408669657,T_south,M2_RandomForest,Nov-Jan
2022-12-24,2022,4.241972784122632,3.5365048575277966,T_south,M2_RandomForest,Nov-Jan
2022-12-29,2022,3.4857860642427583,2.8085671949992186,T_south,M2_RandomForest,Nov-Jan
2023-01-03,2022,1.6647023400954757,1.8066116193992798,T_south,M2_RandomForest,Nov-Jan
2023-01-08,2022,3.2552146805581,3.4432271390766767,T_south,M2_RandomForest,Nov-Jan
2023-01-13,2022,1.3477545606332764,1.4615205497393478,T_south,M2_RandomForest,Nov-Jan
2023-01-18,2022,5.1397961003777946,3.7165585550212836,T_south,M2_RandomForest,Nov-Jan
2023-01-23,2022,1.8385441156148212,2.0153998126844437,T_south,M2_RandomForest,Nov-Jan
2023-01-28,2022,2.593381621241173,2.356122705637355,T_south,M2_RandomForest,Nov-Jan
2023-02-02,2022,2.2239778731104876,2.0705144746510236,T_south,M2_RandomForest,Feb-Apr
2023-02-07,2022,2.388448599492224,2.4121280786744808,T_south,M2_RandomForest,Feb-Apr
2023-02-12,2022,2.356767454903691,2.3636366585165827,T_south,M2_RandomForest,Feb-Apr
2023-02-17,2022,2.7066406593477375,2.556099969457986,T_south,M2_RandomForest,Feb-Apr
2023-02-22,2022,3.490533682955247,3.4117038802261677,T_south,M2_RandomForest,Feb-Apr
2023-02-27,2022,1.9480459381578394,2.0663315720847657,T_south,M2_RandomForest,Feb-Apr
2023-03-04,2022,2.141348993404327,2.4058818724507187,T_south,M2_RandomForest,Feb-Apr
2023-03-09,2022,2.363856040773928,2.5199059280882796,T_south,M2_RandomForest,Feb-Apr
2023-03-14,2022,2.3532125228121297,2.388254293296185,T_south,M2_RandomForest,Feb-Apr
2023-03-29,2022,2.624571557551717,2.7594250382997543,T_south,M2_RandomForest,Feb-Apr
2023-09-15,2023,4.151668048289952,2.8500804973278653,T_south,M2_RandomForest,May-Oct
2023-09-25,2023,2.409266571919167,2.1598953515507433,T_south,M2_RandomForest,May-Oct
2023-10-10,2023,2.25062103183005,2.1474916517066234,T_south,M2_RandomForest,May-Oct
2023-10-15,2023,2.328127052885651,2.4287421828124374,T_south,M2_RandomForest,May-Oct
2023-10-20,2023,0.4965073679514251,0.7542857062265621,T_south,M2_RandomForest,May-Oct
2023-10-30,2023,0.8550841276709863,0.9679079102785376,T_south,M2_RandomForest,May-Oct
2023-11-09,2023,2.1534153696352956,1.9949302502771604,T_south,M2_RandomForest,Nov-Jan
2023-11-14,2023,1.424602999148343,1.2621927041607919,T_south,M2_RandomForest,Nov-Jan
2023-11-19,2023,1.0918297743107155,1.841806474931734,T_south,M2_RandomForest,Nov-Jan
2023-11-24,2023,0.39376460181500367,0.6417531635465643,T_south,M2_RandomForest,Nov-Jan
2023-12-09,2023,2.1870963084128423,2.3370343049650892,T_south,M2_RandomForest,Nov-Jan
2023-12-14,2023,1.8135775692475005,1.8037185552311414,T_south,M2_RandomForest,Nov-Jan
2023-12-19,2023,1.2810997447305286,1.3290229007928496,T_south,M2_RandomForest,Nov-Jan
2023-12-24,2023,1.4109797497060876,1.2227577118102444,T_south,M2_RandomForest,Nov-Jan
2023-12-29,2023,1.993191458413503,1.8626783007308831,T_south,M2_RandomForest,Nov-Jan
2024-01-03,2023,0.6774242317752743,0.9029145268825091,T_south,M2_RandomForest,Nov-Jan
2024-01-08,2023,2.115062340583733,1.7964145255608666,T_south,M2_RandomForest,Nov-Jan
2024-01-13,2023,2.0626995608052985,2.078303191971512,T_south,M2_RandomForest,Nov-Jan
2024-01-18,2023,2.2619111016918145,2.2277871352750593,T_south,M2_RandomForest,Nov-Jan
2024-01-23,2023,1.4313593111200693,1.8573918604030952,T_south,M2_RandomForest,Nov-Jan
2024-01-28,2023,2.0626995608052994,2.176937944597746,T_south,M2_RandomForest,Nov-Jan
2024-02-02,2023,2.6886585816777564,2.553307505831272,T_south,M2_RandomForest,Feb-Apr
2024-02-07,2023,4.7235127476716245,3.980749135041827,T_south,M2_RandomForest,Feb-Apr
2024-02-12,2023,4.074480801575261,3.6709714353208915,T_south,M2_RandomForest,Feb-Apr
2024-02-17,2023,4.815275164342527,4.034333156384751,T_south,M2_RandomForest,Feb-Apr
2024-02-22,2023,2.5457116651957006,2.4942021218419157,T_south,M2_RandomForest,Feb-Apr
2024-02-27,2023,2.7916932929081697,2.9106842885412787,T_south,M2_RandomForest,Feb-Apr
2024-03-03,2023,2.5457116651957,2.8427603818834837,T_south,M2_RandomForest,Feb-Apr
2024-03-08,2023,2.6245715575517163,2.511352290554928,T_south,M2_RandomForest,Feb-Apr
2024-03-13,2023,2.360315323718105,2.454703115639558,T_south,M2_RandomForest,Feb-Apr
2024-03-18,2023,2.2468408648819573,2.46455003621419,T_south,M2_RandomForest,Feb-Apr
2024-03-28,2023,2.5744447886318,2.723543252352875,T_south,M2_RandomForest,Feb-Apr
2024-04-12,2023,2.794574526648833,3.2962346335912542,T_south,M2_RandomForest,Feb-Apr
2024-04-27,2023,2.6765918120022074,2.67157656434257,T_south,M2_RandomForest,Feb-Apr
2024-05-12,2024,2.1128314595078366,1.9098727991929212,T_south,M2_RandomForest,May-Oct
2024-09-19,2024,0.9085895663253712,1.4721555980498953,T_south,M2_RandomForest,May-Oct
2024-09-29,2024,2.062699560805299,1.8671823524743092,T_south,M2_RandomForest,May-Oct
2024-10-09,2024,1.3259378031353592,1.5355870723866176,T_south,M2_RandomForest,May-Oct
2024-10-14,2024,2.312265436341663,1.761878190975574,T_south,M2_RandomForest,May-Oct
2024-10-19,2024,3.0160822663002307,2.397840924865886,T_south,M2_RandomForest,May-Oct
2024-10-29,2024,4.236163198885018,2.9130763254671908,T_south,M2_RandomForest,May-Oct
2017-01-09,2016,0.569651699568714,0.8157892227172852,T_south,M3_XGBoost,Nov-Jan
2017-02-08,2016,1.9388477594480025,2.1219639778137207,T_south,M3_XGBoost,Feb-Apr
2017-02-18,2016,2.02399599261239,1.996522307395935,T_south,M3_XGBoost,Feb-Apr
2017-10-16,2017,0.18284122315589932,1.0283000469207764,T_south,M3_XGBoost,May-Oct
2017-11-10,2017,0.9085895663253695,1.011085033416748,T_south,M3_XGBoost,Nov-Jan
2017-11-30,2017,0.2989187646867019,0.4409840404987335,T_south,M3_XGBoost,Nov-Jan
2017-12-15,2017,1.311174324961169,1.5996124744415283,T_south,M3_XGBoost,Nov-Jan
2017-12-20,2017,0.36819856651326754,0.4994146525859833,T_south,M3_XGBoost,Nov-Jan
2017-12-30,2017,1.2810997447305286,0.6658259630203247,T_south,M3_XGBoost,Nov-Jan
2018-01-04,2017,2.0626995608052985,1.9288675785064697,T_south,M3_XGBoost,Nov-Jan
2018-01-09,2017,1.910898770943189,2.122312307357788,T_south,M3_XGBoost,Nov-Jan
2018-01-19,2017,0.7276213558834279,0.9297482371330261,T_south,M3_XGBoost,Nov-Jan
2018-01-29,2017,1.9295911916729482,2.1703848838806152,T_south,M3_XGBoost,Nov-Jan
2018-02-13,2017,1.757016260401994,1.7575956583023071,T_south,M3_XGBoost,Feb-Apr
2018-02-23,2017,2.558531580351543,2.5072059631347656,T_south,M3_XGBoost,Feb-Apr
2018-03-05,2017,2.4603135368674676,2.476149320602417,T_south,M3_XGBoost,Feb-Apr
2018-03-10,2017,2.356767454903689,2.2771825790405273,T_south,M3_XGBoost,Feb-Apr
2018-04-09,2017,2.0413194861389625,2.3630239963531494,T_south,M3_XGBoost,Feb-Apr
2018-10-16,2018,1.642023339434066,1.8329745531082153,T_south,M3_XGBoost,May-Oct
2018-11-25,2018,1.2502604731257547,1.3284794092178345,T_south,M3_XGBoost,Nov-Jan
2018-11-30,2018,0.871813904851599,0.9032235145568848,T_south,M3_XGBoost,Nov-Jan
2018-12-10,2018,0.555408113316414,0.7961360216140747,T_south,M3_XGBoost,Nov-Jan
2018-12-25,2018,1.961735483305863,1.5571845769882202,T_south,M3_XGBoost,Nov-Jan
2018-12-30,2018,1.5654903466681942,1.8060028553009033,T_south,M3_XGBoost,Nov-Jan
2019-01-04,2018,0.9347161482482925,0.9699593186378479,T_south,M3_XGBoost,Nov-Jan
2019-01-09,2018,1.9687038949156528,1.6722174882888794,T_south,M3_XGBoost,Nov-Jan
2019-01-19,2018,2.3919346773774834,2.5695221424102783,T_south,M3_XGBoost,Nov-Jan
2019-01-24,2018,1.774921939881128,1.611402988433838,T_south,M3_XGBoost,Nov-Jan
2019-01-29,2018,4.1985401644270075,4.608663082122803,T_south,M3_XGBoost,Nov-Jan
2019-02-03,2018,1.7517569705272724,1.884673833847046,T_south,M3_XGBoost,Feb-Apr
2019-02-08,2018,0.844073900988989,1.0636000633239746,T_south,M3_XGBoost,Feb-Apr
2019-02-13,2018,1.3762541882539097,1.5044234991073608,T_south,M3_XGBoost,Feb-Apr
2019-02-18,2018,4.816950868974493,4.3867950439453125,T_south,M3_XGBoost,Feb-Apr
2019-02-23,2018,2.258156095491915,2.369011878967285,T_south,M3_XGBoost,Feb-Apr
2019-02-28,2018,2.092139823144559,2.2278058528900146,T_south,M3_XGBoost,Feb-Apr
2019-03-05,2018,3.570600825289938,3.5614371299743652,T_south,M3_XGBoost,Feb-Apr
2019-03-10,2018,2.335330774860708,2.3423116207122803,T_south,M3_XGBoost,Feb-Apr
2019-03-15,2018,2.3532125228121292,2.376159429550171,T_south,M3_XGBoost,Feb-Apr
2019-03-20,2018,2.6323572058765325,2.4501421451568604,T_south,M3_XGBoost,Feb-Apr
2019-03-25,2018,3.6398425846989895,2.960844039916992,T_south,M3_XGBoost,Feb-Apr
2019-03-30,2018,2.7392539828943754,2.739889144897461,T_south,M3_XGBoost,Feb-Apr
2019-04-04,2018,3.435617721944722,2.5775880813598633,T_south,M3_XGBoost,Feb-Apr
2019-04-09,2018,3.0683719096854403,3.039461851119995,T_south,M3_XGBoost,Feb-Apr
2019-09-26,2019,2.1169371248223667,1.9761111736297607,T_south,M3_XGBoost,May-Oct
2019-10-16,2019,0.03234488974733699,0.5796473026275635,T_south,M3_XGBoost,May-Oct
2019-10-21,2019,1.5348102219681006,1.2520837783813477,T_south,M3_XGBoost,May-Oct
2019-10-31,2019,2.1890792637674643,2.3377649784088135,T_south,M3_XGBoost,May-Oct
2019-11-05,2019,1.9342268443308608,1.9771888256072998,T_south,M3_XGBoost,Nov-Jan
2019-11-15,2019,1.3585562268729494,1.909315824508667,T_south,M3_XGBoost,Nov-Jan
2019-11-20,2019,1.277293386592526,1.0885881185531616,T_south,M3_XGBoost,Nov-Jan
2019-11-25,2019,1.28109974473053,1.3890165090560913,T_south,M3_XGBoost,Nov-Jan
2019-11-30,2019,0.7756593100122408,0.8427416086196899,T_south,M3_XGBoost,Nov-Jan
2019-12-05,2019,0.7873541885218416,0.6207228302955627,T_south,M3_XGBoost,Nov-Jan
2019-12-10,2019,1.8919606357544656,1.924925446510315,T_south,M3_XGBoost,Nov-Jan
2019-12-15,2019,2.1812217532669282,2.0192933082580566,T_south,M3_XGBoost,Nov-Jan
2019-12-20,2019,2.181221753266927,2.5077121257781982,T_south,M3_XGBoost,Nov-Jan
2019-12-25,2019,1.601371331902459,1.8576061725616455,T_south,M3_XGBoost,Nov-Jan
2019-12-30,2019,1.7778536192756875,1.8958009481430054,T_south,M3_XGBoost,Nov-Jan
2020-01-09,2019,1.4711507743568655,1.47298002243042,T_south,M3_XGBoost,Nov-Jan
2020-01-14,2019,1.4109797497060894,1.246362328529358,T_south,M3_XGBoost,Nov-Jan
2020-01-19,2019,0.9496582510855398,1.276450276374817,T_south,M3_XGBoost,Nov-Jan
2020-01-24,2019,5.234633079246922,4.35938024520874,T_south,M3_XGBoost,Nov-Jan
2020-01-29,2019,4.032684055473358,3.9622199535369873,T_south,M3_XGBoost,Nov-Jan
2020-02-03,2019,2.1733259440041395,2.3880465030670166,T_south,M3_XGBoost,Feb-Apr
2020-02-08,2019,2.045619568825272,2.4248406887054443,T_south,M3_XGBoost,Feb-Apr
2020-02-13,2019,3.7984352182411643,3.848628282546997,T_south,M3_XGBoost,Feb-Apr
2020-02-18,2019,2.700662128520773,2.8884196281433105,T_south,M3_XGBoost,Feb-Apr
2020-02-23,2019,2.208558936101671,2.3150155544281006,T_south,M3_XGBoost,Feb-Apr
2020-02-28,2019,2.2656576437738245,2.3855929374694824,T_south,M3_XGBoost,Feb-Apr
2020-03-04,2019,2.3425051753805413,2.2601819038391113,T_south,M3_XGBoost,Feb-Apr
2020-03-09,2019,2.2581560954919158,2.197977066040039,T_south,M3_XGBoost,Feb-Apr
2020-03-14,2019,3.52692117498013,2.9088969230651855,T_south,M3_XGBoost,Feb-Apr
2020-03-24,2019,2.75393273197916,3.2620956897735596,T_south,M3_XGBoost,Feb-Apr
2020-11-09,2020,0.9988702085742547,0.8835171461105347,T_south,M3_XGBoost,Nov-Jan
2020-11-14,2020,1.28109974473053,0.7977960109710693,T_south,M3_XGBoost,Nov-Jan
2020-11-19,2020,4.632755495255005,4.389200210571289,T_south,M3_XGBoost,Nov-Jan
2020-11-24,2020,1.6647023400954757,1.497968077659607,T_south,M3_XGBoost,Nov-Jan
2020-11-29,2020,0.45844395673862576,0.8165650367736816,T_south,M3_XGBoost,Nov-Jan
2020-12-09,2020,4.942354841251308,4.34044075012207,T_south,M3_XGBoost,Nov-Jan
2020-12-14,2020,1.89671865462346,1.5549521446228027,T_south,M3_XGBoost,Nov-Jan
2020-12-19,2020,2.3136300300817,2.1282660961151123,T_south,M3_XGBoost,Nov-Jan
2020-12-24,2020,1.8775906917716363,1.9234435558319092,T_south,M3_XGBoost,Nov-Jan
2021-01-03,2020,1.6534113289172518,1.3642164468765259,T_south,M3_XGBoost,Nov-Jan
2021-01-08,2020,1.1356160388213468,1.1135931015014648,T_south,M3_XGBoost,Nov-Jan
2021-01-13,2020,2.3884485994922255,2.226109266281128,T_south,M3_XGBoost,Nov-Jan
2021-01-18,2020,1.9342268443308626,1.92966628074646,T_south,M3_XGBoost,Nov-Jan
2021-01-23,2020,2.7743362399855784,3.200709581375122,T_south,M3_XGBoost,Nov-Jan
2021-01-28,2020,1.9571864942767616,2.0135903358459473,T_south,M3_XGBoost,Nov-Jan
2021-02-02,2020,2.0196338994306213,2.254650831222534,T_south,M3_XGBoost,Feb-Apr
2021-02-07,2020,2.4434514165787666,2.73471736907959,T_south,M3_XGBoost,Feb-Apr
2021-02-12,2020,2.320893641264256,2.107001304626465,T_south,M3_XGBoost,Feb-Apr
2021-02-17,2020,2.498706259012305,2.3212592601776123,T_south,M3_XGBoost,Feb-Apr
2021-02-22,2020,2.015259118982356,2.0465080738067627,T_south,M3_XGBoost,Feb-Apr
2021-03-04,2020,2.9780517787402077,2.5358479022979736,T_south,M3_XGBoost,Feb-Apr
2021-03-09,2020,2.730403683343451,3.564962863922119,T_south,M3_XGBoost,Feb-Apr
2021-03-14,2020,4.62029757814117,3.7894294261932373,T_south,M3_XGBoost,Feb-Apr
2021-03-24,2020,2.7945745266488333,3.148141622543335,T_south,M3_XGBoost,Feb-Apr
2021-10-10,2021,2.5198258421069633,2.193253517150879,T_south,M3_XGBoost,May-Oct
2021-10-30,2021,1.5835546417041795,1.243450403213501,T_south,M3_XGBoost,May-Oct
2021-11-09,2021,0.4965073679514244,0.5581721067428589,T_south,M3_XGBoost,Nov-Jan
2021-11-19,2021,0.7756593100122399,0.5211325883865356,T_south,M3_XGBoost,Nov-Jan
2021-11-24,2021,0.18284122315590007,0.4665413200855255,T_south,M3_XGBoost,Nov-Jan
2021-11-29,2021,1.2580443720405479,1.2519031763076782,T_south,M3_XGBoost,Nov-Jan
2021-12-09,2021,1.0086344755020875,0.8485135436058044,T_south,M3_XGBoost,Nov-Jan
2021-12-14,2021,1.6305362612997805,1.7631539106369019,T_south,M3_XGBoost,Nov-Jan
2021-12-19,2021,0.6248513161908273,0.6279573440551758,T_south,M3_XGBoost,Nov-Jan
2021-12-24,2021,1.8385441156148243,1.9858441352844238,T_south,M3_XGBoost,Nov-Jan
2021-12-29,2021,1.8135775692474971,2.058324098587036,T_south,M3_XGBoost,Nov-Jan
2022-01-08,2021,0.12033159833072848,0.655674159526825,T_south,M3_XGBoost,Nov-Jan
2022-01-13,2021,1.757016260401995,1.7829269170761108,T_south,M3_XGBoost,Nov-Jan
2022-01-18,2021,1.0086344755020804,1.2909592390060425,T_south,M3_XGBoost,Nov-Jan
2022-01-23,2021,2.0753856795352252,2.036158323287964,T_south,M3_XGBoost,Nov-Jan
2022-02-07,2021,2.395414239728547,2.673173189163208,T_south,M3_XGBoost,Feb-Apr
2022-02-12,2021,4.649232358639033,4.598645210266113,T_south,M3_XGBoost,Feb-Apr
2022-02-17,2021,2.335330774860712,2.377859354019165,T_south,M3_XGBoost,Feb-Apr
2022-02-22,2021,2.3919346773774808,2.362809181213379,T_south,M3_XGBoost,Feb-Apr
2022-02-27,2021,1.4246029991483447,1.6632760763168335,T_south,M3_XGBoost,Feb-Apr
2022-03-04,2021,2.0108715537875987,1.9937256574630737,T_south,M3_XGBoost,Feb-Apr
2022-03-09,2021,2.384955706033314,2.365251064300537,T_south,M3_XGBoost,Feb-Apr
2022-03-14,2021,2.3919346773774808,2.4788341522216797,T_south,M3_XGBoost,Feb-Apr
2022-03-19,2021,2.4058133231772354,2.420928955078125,T_south,M3_XGBoost,Feb-Apr
2022-03-24,2021,2.4434514165787666,2.494335889816284,T_south,M3_XGBoost,Feb-Apr
2022-08-01,2022,2.045619568825271,2.419532537460327,T_south,M3_XGBoost,May-Oct
2022-08-31,2022,1.135616038821347,1.1345263719558716,T_south,M3_XGBoost,May-Oct
2022-10-05,2022,2.75977955626847,2.4419476985931396,T_south,M3_XGBoost,May-Oct
2022-10-10,2022,1.0508004840604726,0.8097561597824097,T_south,M3_XGBoost,May-Oct
2022-10-15,2022,2.1453812847173324,2.221665620803833,T_south,M3_XGBoost,May-Oct
2022-10-20,2022,0.4812726643528513,0.3830168843269348,T_south,M3_XGBoost,May-Oct
2022-10-30,2022,1.8286108750081553,1.8723264932632446,T_south,M3_XGBoost,May-Oct
2022-11-09,2022,1.9707914463644474,2.055443048477173,T_south,M3_XGBoost,Nov-Jan
2022-11-14,2022,1.496179111241841,1.1177276372909546,T_south,M3_XGBoost,Nov-Jan
2022-11-24,2022,2.239254700138032,2.0382559299468994,T_south,M3_XGBoost,Nov-Jan
2022-12-04,2022,1.5594124592509222,1.561894416809082,T_south,M3_XGBoost,Nov-Jan
2022-12-09,2022,1.091829774310715,0.5382557511329651,T_south,M3_XGBoost,Nov-Jan
2022-12-14,2022,2.612150045961732,2.8959455490112305,T_south,M3_XGBoost,Nov-Jan
2022-12-24,2022,4.241972784122632,4.147179126739502,T_south,M3_XGBoost,Nov-Jan
2022-12-29,2022,3.4857860642427583,2.7877538204193115,T_south,M3_XGBoost,Nov-Jan
2023-01-03,2022,1.6647023400954757,1.7610746622085571,T_south,M3_XGBoost,Nov-Jan
2023-01-08,2022,3.2552146805581,3.808633804321289,T_south,M3_XGBoost,Nov-Jan
2023-01-13,2022,1.3477545606332764,1.2934198379516602,T_south,M3_XGBoost,Nov-Jan
2023-01-18,2022,5.1397961003777946,4.433089733123779,T_south,M3_XGBoost,Nov-Jan
2023-01-23,2022,1.8385441156148212,1.8828712701797485,T_south,M3_XGBoost,Nov-Jan
2023-01-28,2022,2.593381621241173,2.2410712242126465,T_south,M3_XGBoost,Nov-Jan
2023-02-02,2022,2.2239778731104876,2.1020994186401367,T_south,M3_XGBoost,Feb-Apr
2023-02-07,2022,2.388448599492224,2.3493270874023438,T_south,M3_XGBoost,Feb-Apr
2023-02-12,2022,2.356767454903691,2.3482666015625,T_south,M3_XGBoost,Feb-Apr
2023-02-17,2022,2.7066406593477375,2.501268148422241,T_south,M3_XGBoost,Feb-Apr
2023-02-22,2022,3.490533682955247,3.3225514888763428,T_south,M3_XGBoost,Feb-Apr
2023-02-27,2022,1.9480459381578394,1.9797192811965942,T_south,M3_XGBoost,Feb-Apr
2023-03-04,2022,2.141348993404327,2.2635273933410645,T_south,M3_XGBoost,Feb-Apr
2023-03-09,2022,2.363856040773928,2.517359733581543,T_south,M3_XGBoost,Feb-Apr
2023-03-14,2022,2.3532125228121297,2.407670497894287,T_south,M3_XGBoost,Feb-Apr
2023-03-29,2022,2.624571557551717,2.693354845046997,T_south,M3_XGBoost,Feb-Apr
2023-09-15,2023,4.151668048289952,2.9916374683380127,T_south,M3_XGBoost,May-Oct
2023-09-25,2023,2.409266571919167,2.310621500015259,T_south,M3_XGBoost,May-Oct
2023-10-10,2023,2.25062103183005,2.1200740337371826,T_south,M3_XGBoost,May-Oct
2023-10-15,2023,2.328127052885651,2.378909111022949,T_south,M3_XGBoost,May-Oct
2023-10-20,2023,0.4965073679514251,0.6562541127204895,T_south,M3_XGBoost,May-Oct
2023-10-30,2023,0.8550841276709863,0.607304036617279,T_south,M3_XGBoost,May-Oct
2023-11-09,2023,2.1534153696352956,2.04430890083313,T_south,M3_XGBoost,Nov-Jan
2023-11-14,2023,1.424602999148343,1.561216115951538,T_south,M3_XGBoost,Nov-Jan
2023-11-19,2023,1.0918297743107155,1.8656811714172363,T_south,M3_XGBoost,Nov-Jan
2023-11-24,2023,0.39376460181500367,0.12699459493160248,T_south,M3_XGBoost,Nov-Jan
2023-12-09,2023,2.1870963084128423,2.310676336288452,T_south,M3_XGBoost,Nov-Jan
2023-12-14,2023,1.8135775692475005,1.7851754426956177,T_south,M3_XGBoost,Nov-Jan
2023-12-19,2023,1.2810997447305286,1.3014025688171387,T_south,M3_XGBoost,Nov-Jan
2023-12-24,2023,1.4109797497060876,1.3681883811950684,T_south,M3_XGBoost,Nov-Jan
2023-12-29,2023,1.993191458413503,1.9041016101837158,T_south,M3_XGBoost,Nov-Jan
2024-01-03,2023,0.6774242317752743,0.7699575424194336,T_south,M3_XGBoost,Nov-Jan
2024-01-08,2023,2.115062340583733,1.7761043310165405,T_south,M3_XGBoost,Nov-Jan
2024-01-13,2023,2.0626995608052985,1.9942647218704224,T_south,M3_XGBoost,Nov-Jan
2024-01-18,2023,2.2619111016918145,2.132509231567383,T_south,M3_XGBoost,Nov-Jan
2024-01-23,2023,1.4313593111200693,1.7184691429138184,T_south,M3_XGBoost,Nov-Jan
2024-01-28,2023,2.0626995608052994,2.0421879291534424,T_south,M3_XGBoost,Nov-Jan
2024-02-02,2023,2.6886585816777564,2.539355993270874,T_south,M3_XGBoost,Feb-Apr
2024-02-07,2023,4.7235127476716245,4.254253387451172,T_south,M3_XGBoost,Feb-Apr
2024-02-12,2023,4.074480801575261,3.3750290870666504,T_south,M3_XGBoost,Feb-Apr
2024-02-17,2023,4.815275164342527,4.394702434539795,T_south,M3_XGBoost,Feb-Apr
2024-02-22,2023,2.5457116651957006,2.4481735229492188,T_south,M3_XGBoost,Feb-Apr
2024-02-27,2023,2.7916932929081697,2.9971108436584473,T_south,M3_XGBoost,Feb-Apr
2024-03-03,2023,2.5457116651957,2.6353044509887695,T_south,M3_XGBoost,Feb-Apr
2024-03-08,2023,2.6245715575517163,2.31866192817688,T_south,M3_XGBoost,Feb-Apr
2024-03-13,2023,2.360315323718105,2.412075996398926,T_south,M3_XGBoost,Feb-Apr
2024-03-18,2023,2.2468408648819573,2.4245357513427734,T_south,M3_XGBoost,Feb-Apr
2024-03-28,2023,2.5744447886318,2.5243711471557617,T_south,M3_XGBoost,Feb-Apr
2024-04-12,2023,2.794574526648833,3.44714093208313,T_south,M3_XGBoost,Feb-Apr
2024-04-27,2023,2.6765918120022074,2.855668783187866,T_south,M3_XGBoost,Feb-Apr
2024-05-12,2024,2.1128314595078366,1.7900503873825073,T_south,M3_XGBoost,May-Oct
2024-09-19,2024,0.9085895663253712,1.7182939052581787,T_south,M3_XGBoost,May-Oct
2024-09-29,2024,2.062699560805299,2.0147433280944824,T_south,M3_XGBoost,May-Oct
2024-10-09,2024,1.3259378031353592,1.6429957151412964,T_south,M3_XGBoost,May-Oct
2024-10-14,2024,2.312265436341663,1.9952689409255981,T_south,M3_XGBoost,May-Oct
2024-10-19,2024,3.0160822663002307,2.5485763549804688,T_south,M3_XGBoost,May-Oct
2024-10-29,2024,4.236163198885018,3.1604745388031006,T_south,M3_XGBoost,May-Oct
2017-01-09,2016,1.0555850177450172,0.7897849956953862,T_north_deep,M0_Ratio,Nov-Jan
2017-02-08,2016,1.9617354833058651,2.2085381959827632,T_north_deep,M0_Ratio,Feb-Apr
2017-02-18,2016,1.9842720048274527,2.190016178026792,T_north_deep,M0_Ratio,Feb-Apr
2017-10-16,2017,0.7756593100122372,-0.735753697787821,T_north_deep,M0_Ratio,May-Oct
2017-11-05,2017,1.9707914463644476,1.1831574251714079,T_north_deep,M0_Ratio,Nov-Jan
2017-11-10,2017,1.5835546417041795,1.2324128257765417,T_north_deep,M0_Ratio,Nov-Jan
2017-11-30,2017,0.7756593100122382,0.5225299280904558,T_north_deep,M0_Ratio,Nov-Jan
2017-12-15,2017,1.6647023400954737,1.8842917822824998,T_north_deep,M0_Ratio,Nov-Jan
2017-12-20,2017,0.9596997459300431,0.47960228366221413,T_north_deep,M0_Ratio,Nov-Jan
2017-12-30,2017,1.4109797497060883,0.9370778756786933,T_north_deep,M0_Ratio,Nov-Jan
2018-01-04,2017,2.4603135368674645,2.3637035624928444,T_north_deep,M0_Ratio,Nov-Jan
2018-01-09,2017,2.141348993404326,2.4833681560397807,T_north_deep,M0_Ratio,Nov-Jan
2018-01-19,2017,0.918995707098193,1.0781070907029244,T_north_deep,M0_Ratio,Nov-Jan
2018-01-29,2017,2.0456195688252725,2.424198621976612,T_north_deep,M0_Ratio,Nov-Jan
2018-02-13,2017,1.8582022355906298,1.875427957251814,T_north_deep,M0_Ratio,Feb-Apr
2018-02-23,2017,2.4400608285843273,2.723301218457733,T_north_deep,M0_Ratio,Feb-Apr
2018-03-05,2017,2.633841219951272,2.6926336171327576,T_north_deep,M0_Ratio,Feb-Apr
2018-03-10,2017,2.436664254409141,2.520257114786072,T_north_deep,M0_Ratio,Feb-Apr
2018-04-09,2017,2.5034753023025456,2.3242045601317094,T_north_deep,M0_Ratio,Feb-Apr
2018-10-16,2018,2.4636681936515505,2.017838447199171,T_north_deep,M0_Ratio,May-Oct
2018-11-25,2018,1.6420233394340669,1.63027344829116,T_north_deep,M0_Ratio,Nov-Jan
2018-11-30,2018,1.1007183696935525,0.9761650893179068,T_north_deep,M0_Ratio,Nov-Jan
2018-12-10,2018,1.1695123589945913,0.8780688046730583,T_north_deep,M0_Ratio,Nov-Jan
2018-12-25,2018,1.9797921254237338,1.8842177824955384,T_north_deep,M0_Ratio,Nov-Jan
2018-12-30,2018,1.5654903466681942,1.9115441219359939,T_north_deep,M0_Ratio,Nov-Jan
2019-01-04,2018,1.0828733083051338,1.2747752088989872,T_north_deep,M0_Ratio,Nov-Jan
2019-01-09,2018,1.872768354410969,1.99167130604443,T_north_deep,M0_Ratio,Nov-Jan
2019-01-19,2018,2.4902965807514557,2.7913128547085804,T_north_deep,M0_Ratio,Nov-Jan
2019-01-24,2018,1.9155945946982411,1.8202332065039943,T_north_deep,M0_Ratio,Nov-Jan
2019-01-29,2018,4.63464632815571,4.6519016710481,T_north_deep,M0_Ratio,Nov-Jan
2019-02-03,2018,1.8823967448837031,2.039608831800994,T_north_deep,M0_Ratio,Feb-Apr
2019-02-08,2018,1.3185783613765405,1.165656112949245,T_north_deep,M0_Ratio,Feb-Apr
2019-02-13,2018,1.4514123716218148,1.6585496235285875,T_north_deep,M0_Ratio,Feb-Apr
2019-02-18,2018,5.017987215272167,4.9151928103576585,T_north_deep,M0_Ratio,Feb-Apr
2019-02-23,2018,2.2543928506063073,2.5943475232192243,T_north_deep,M0_Ratio,Feb-Apr
2019-02-28,2018,2.2239778731104867,2.332570145067628,T_north_deep,M0_Ratio,Feb-Apr
2019-03-05,2018,3.1366637245181836,3.553633470404041,T_north_deep,M0_Ratio,Feb-Apr
2019-03-10,2018,2.419588038197314,2.550870834392944,T_north_deep,M0_Ratio,Feb-Apr
2019-03-15,2018,2.342505175380539,2.6727876734150513,T_north_deep,M0_Ratio,Feb-Apr
2019-03-20,2018,2.655319175771395,2.6181654387919546,T_north_deep,M0_Ratio,Feb-Apr
2019-03-25,2018,3.600592832517015,3.0940970089220157,T_north_deep,M0_Ratio,Feb-Apr
2019-03-30,2018,2.739253982894376,3.3948902398705956,T_north_deep,M0_Ratio,Feb-Apr
2019-04-04,2018,2.788808685013992,2.758981571483762,T_north_deep,M0_Ratio,Feb-Apr
2019-04-09,2018,2.7451361213912513,2.8145042613123996,T_north_deep,M0_Ratio,Feb-Apr
2019-09-26,2019,2.3317325348347056,2.2360676435936173,T_north_deep,M0_Ratio,May-Oct
2019-10-16,2019,1.1611287328846778,0.17827494089188115,T_north_deep,M0_Ratio,May-Oct
2019-10-21,2019,1.9865463956965626,1.439871761172023,T_north_deep,M0_Ratio,May-Oct
2019-10-31,2019,3.344995386094514,2.1998398084913147,T_north_deep,M0_Ratio,May-Oct
2019-11-05,2019,1.8823967448837051,1.940381836400347,T_north_deep,M0_Ratio,Nov-Jan
2019-11-15,2019,2.5067562814010693,1.9816400785579928,T_north_deep,M0_Ratio,Nov-Jan
2019-11-20,2019,2.4703598162028113,1.1090660069313882,T_north_deep,M0_Ratio,Nov-Jan
2019-11-25,2019,1.9202751896587318,1.6006493773104555,T_north_deep,M0_Ratio,Nov-Jan
2019-11-30,2019,1.1695123589945913,0.9968938676265433,T_north_deep,M0_Ratio,Nov-Jan
2019-12-05,2019,0.9189957070981932,0.8409611977281894,T_north_deep,M0_Ratio,Nov-Jan
2019-12-10,2019,1.8335862502137699,1.9844183733653111,T_north_deep,M0_Ratio,Nov-Jan
2019-12-15,2019,2.121032083787348,2.008766924618375,T_north_deep,M0_Ratio,Nov-Jan
2019-12-20,2019,2.18515533638868,2.6044462986020336,T_north_deep,M0_Ratio,Nov-Jan
2019-12-25,2019,1.920275189658732,1.8915842628117738,T_north_deep,M0_Ratio,Nov-Jan
2019-12-30,2019,1.9571864942767565,2.0289782219227037,T_north_deep,M0_Ratio,Nov-Jan
2020-01-09,2019,1.4969979446468649,1.7960633526349319,T_north_deep,M0_Ratio,Nov-Jan
2020-01-14,2019,1.4246029991483433,1.6195704509901694,T_north_deep,M0_Ratio,Nov-Jan
2020-01-19,2019,0.9893088127310604,1.3213366235250448,T_north_deep,M0_Ratio,Nov-Jan
2020-01-24,2019,5.258986762419539,5.433254654826371,T_north_deep,M0_Ratio,Nov-Jan
2020-01-29,2019,3.933818979171583,4.452250367116001,T_north_deep,M0_Ratio,Nov-Jan
2020-02-03,2019,2.5001889722021087,2.683777280538229,T_north_deep,M0_Ratio,Feb-Apr
2020-02-08,2019,2.083785398473268,2.4352879448027824,T_north_deep,M0_Ratio,Feb-Apr
2020-02-13,2019,3.8094289453866685,4.25830754622693,T_north_deep,M0_Ratio,Feb-Apr
2020-02-18,2019,2.6583704561532135,2.9540587755145618,T_north_deep,M0_Ratio,Feb-Apr
2020-02-23,2019,2.216286423709053,2.300357809704032,T_north_deep,M0_Ratio,Feb-Apr
2020-02-28,2019,2.324514014164842,2.582699711201281,T_north_deep,M0_Ratio,Feb-Apr
2020-03-04,2019,2.2506210318300486,2.495119091422278,T_north_deep,M0_Ratio,Feb-Apr
2020-03-09,2019,2.398887196539964,2.347682013981451,T_north_deep,M0_Ratio,Feb-Apr
2020-03-14,2019,2.7392539828943736,2.798938541964347,T_north_deep,M0_Ratio,Feb-Apr
2020-03-24,2019,2.7859209003031182,2.8839625627635037,T_north_deep,M0_Ratio,Feb-Apr
2020-11-09,2020,1.6590687945009603,1.0866844332378889,T_north_deep,M0_Ratio,Nov-Jan
2020-11-14,2020,1.6980117466390223,0.7760593406207767,T_north_deep,M0_Ratio,Nov-Jan
2020-11-19,2020,4.8507967527492095,5.025214393374438,T_north_deep,M0_Ratio,Nov-Jan
2020-11-24,2020,1.98873838646434,1.8602318558154196,T_north_deep,M0_Ratio,Nov-Jan
2020-11-29,2020,1.0647521605221562,0.9445696487514348,T_north_deep,M0_Ratio,Nov-Jan
2020-12-09,2020,4.929316018631009,5.197490871756247,T_north_deep,M0_Ratio,Nov-Jan
2020-12-14,2020,2.133253554676883,1.8679607142901447,T_north_deep,M0_Ratio,Nov-Jan
2020-12-19,2020,2.694668158623292,2.6370987487294935,T_north_deep,M0_Ratio,Nov-Jan
2020-12-24,2020,1.772673880139067,2.1660671229884616,T_north_deep,M0_Ratio,Nov-Jan
2021-01-03,2020,1.993191458413503,1.743423948567472,T_north_deep,M0_Ratio,Nov-Jan
2021-01-08,2020,1.2926355016211502,1.3325453753489231,T_north_deep,M0_Ratio,Nov-Jan
2021-01-13,2020,2.4298523696819783,2.5028798529129297,T_north_deep,M0_Ratio,Nov-Jan
2021-01-18,2020,2.071168596973847,2.1825625563366327,T_north_deep,M0_Ratio,Nov-Jan
2021-01-23,2020,2.7888086850139926,3.367181368783983,T_north_deep,M0_Ratio,Nov-Jan
2021-01-28,2020,2.0753856795352243,2.2810680479332097,T_north_deep,M0_Ratio,Nov-Jan
2021-02-02,2020,2.1534153696352965,2.255673975932571,T_north_deep,M0_Ratio,Feb-Apr
2021-02-07,2020,2.5585315803515423,2.7828471731293503,T_north_deep,M0_Ratio,Feb-Apr
2021-02-12,2020,2.4434514165787675,2.562565073335809,T_north_deep,M0_Ratio,Feb-Apr
2021-02-17,2020,2.5521316755884307,2.562608043674118,T_north_deep,M0_Ratio,Feb-Apr
2021-02-22,2020,2.054183453072105,2.2852565619303413,T_north_deep,M0_Ratio,Feb-Apr
2021-03-04,2020,2.788808685013992,2.650193360461613,T_north_deep,M0_Ratio,Feb-Apr
2021-03-09,2020,2.9566692417429965,3.2652928791291544,T_north_deep,M0_Ratio,Feb-Apr
2021-03-14,2020,4.632346768656307,4.590711745702165,T_north_deep,M0_Ratio,Feb-Apr
2021-03-24,2020,2.721520580427187,3.3703739827585086,T_north_deep,M0_Ratio,Feb-Apr
2021-10-10,2021,3.0840667446286996,2.4470265508300875,T_north_deep,M0_Ratio,May-Oct
2021-10-30,2021,2.045619568825272,1.5094717555909818,T_north_deep,M0_Ratio,May-Oct
2021-11-09,2021,0.8874881752700144,0.7436786047989233,T_north_deep,M0_Ratio,Nov-Jan
2021-11-19,2021,1.4246029991483433,0.6881224451087484,T_north_deep,M0_Ratio,Nov-Jan
2021-11-24,2021,0.8874881752700142,0.4902168631691489,T_north_deep,M0_Ratio,Nov-Jan
2021-11-29,2021,1.5594124592509229,1.503268486242809,T_north_deep,M0_Ratio,Nov-Jan
2021-12-09,2021,2.079591252001898,1.2998445967516923,T_north_deep,M0_Ratio,Nov-Jan
2021-12-14,2021,2.2046815986789636,1.9382952745499624,T_north_deep,M0_Ratio,Nov-Jan
2021-12-19,2021,1.0463453367843776,0.8668496380569723,T_north_deep,M0_Ratio,Nov-Jan
2021-12-24,2021,2.096300187494259,2.2490028399648954,T_north_deep,M0_Ratio,Nov-Jan
2021-12-29,2021,2.010871553787599,2.0989681882489815,T_north_deep,M0_Ratio,Nov-Jan
2022-01-08,2021,0.8329554767263887,0.7468797337953156,T_north_deep,M0_Ratio,Nov-Jan
2022-01-18,2021,1.333253317363284,1.5880385897336735,T_north_deep,M0_Ratio,Nov-Jan
2022-01-23,2021,2.1812217532669282,2.1838960449632885,T_north_deep,M0_Ratio,Nov-Jan
2022-02-07,2021,2.3884485994922264,2.752732454120337,T_north_deep,M0_Ratio,Feb-Apr
2022-02-12,2021,4.835113364743515,5.079880404156842,T_north_deep,M0_Ratio,Feb-Apr
2022-02-17,2021,2.516566567668518,2.65313635787089,T_north_deep,M0_Ratio,Feb-Apr
2022-02-22,2021,2.3063361092878694,2.4013446313011046,T_north_deep,M0_Ratio,Feb-Apr
2022-02-27,2021,1.4776621869809579,1.7356352350689388,T_north_deep,M0_Ratio,Feb-Apr
2022-03-04,2021,1.9931914584135033,2.2303435458514125,T_north_deep,M0_Ratio,Feb-Apr
2022-03-09,2021,2.3208936412642553,2.553323085531372,T_north_deep,M0_Ratio,Feb-Apr
2022-03-14,2021,2.3026776796712713,2.6758416234435045,T_north_deep,M0_Ratio,Feb-Apr
2022-03-19,2021,2.4161538913515264,2.5962952601463165,T_north_deep,M0_Ratio,Feb-Apr
2022-03-24,2021,2.5328102925434903,2.5061591452624956,T_north_deep,M0_Ratio,Feb-Apr
2022-08-31,2022,2.2468408648819578,1.3820536932587848,T_north_deep,M0_Ratio,May-Oct
2022-10-05,2022,2.1851553363886795,2.5630584489671326,T_north_deep,M0_Ratio,May-Oct
2022-10-10,2022,1.3902613095226497,-0.2745247744614401,T_north_deep,M0_Ratio,May-Oct
2022-10-15,2022,2.7480718958623855,2.346736463525999,T_north_deep,M0_Ratio,May-Oct
2022-10-20,2022,0.7276213558834279,0.6697933012877166,T_north_deep,M0_Ratio,May-Oct
2022-10-30,2022,2.2316337617538733,2.0692762743373283,T_north_deep,M0_Ratio,May-Oct
2022-11-04,2022,4.512844739684102,2.8693875051472117,T_north_deep,M0_Ratio,Nov-Jan
2022-11-09,2022,2.4535866104385566,2.2634853403711537,T_north_deep,M0_Ratio,Nov-Jan
2022-11-14,2022,1.559412459250925,1.4641931877120882,T_north_deep,M0_Ratio,Nov-Jan
2022-11-24,2022,2.3389215507101575,2.272995794388776,T_north_deep,M0_Ratio,Nov-Jan
2022-12-04,2022,1.6925175033948716,1.8150749735467806,T_north_deep,M0_Ratio,Nov-Jan
2022-12-09,2022,1.2266022705533155,0.8356598752595895,T_north_deep,M0_Ratio,Nov-Jan
2022-12-14,2022,2.709624131526501,2.9734944085382953,T_north_deep,M0_Ratio,Nov-Jan
2022-12-24,2022,3.1934975128003362,4.332111952795573,T_north_deep,M0_Ratio,Nov-Jan
2022-12-29,2022,3.2860169775256938,3.334419877914333,T_north_deep,M0_Ratio,Nov-Jan
2023-01-03,2022,1.9014609296543865,2.0749458748384173,T_north_deep,M0_Ratio,Nov-Jan
2023-01-08,2022,3.099589224462857,3.849578872990775,T_north_deep,M0_Ratio,Nov-Jan
2023-01-13,2022,1.3405253551496452,1.6701948311031347,T_north_deep,M0_Ratio,Nov-Jan
2023-01-18,2022,5.106718137781563,5.450433971654428,T_north_deep,M0_Ratio,Nov-Jan
2023-01-23,2022,1.7932770477689097,2.2991647678080778,T_north_deep,M0_Ratio,Nov-Jan
2023-01-28,2022,2.5295721138793477,2.663809450635929,T_north_deep,M0_Ratio,Nov-Jan
2023-02-02,2022,2.4801655567558507,2.3225739867807143,T_north_deep,M0_Ratio,Feb-Apr
2023-02-07,2022,2.3744367648760654,2.7220829345514375,T_north_deep,M0_Ratio,Feb-Apr
2023-02-12,2022,2.3389215507101584,2.641018776325442,T_north_deep,M0_Ratio,Feb-Apr
2023-02-17,2022,2.4968970147440244,2.771862871119245,T_north_deep,M0_Ratio,Feb-Apr
2023-02-22,2022,2.700662128520771,3.784852747589916,T_north_deep,M0_Ratio,Feb-Apr
2023-02-27,2022,1.957186494276762,2.2397040155400294,T_north_deep,M0_Ratio,Feb-Apr
2023-03-04,2022,2.1890792637674643,2.5669570637301184,T_north_deep,M0_Ratio,Feb-Apr
2023-03-09,2022,2.3425051753805413,2.6580713668053493,T_north_deep,M0_Ratio,Feb-Apr
2023-03-14,2022,2.4264372396815133,2.5671728972603294,T_north_deep,M0_Ratio,Feb-Apr
2023-03-29,2022,2.6152622021781005,2.78354297458086,T_north_deep,M0_Ratio,Feb-Apr
2023-09-25,2023,2.365606402845053,2.37418615240465,T_north_deep,M0_Ratio,May-Oct
2023-10-10,2023,2.227810304324789,2.4029818619858734,T_north_deep,M0_Ratio,May-Oct
2023-10-15,2023,2.633841219951272,2.5478495105492223,T_north_deep,M0_Ratio,May-Oct
2023-10-20,2023,1.1611287328846793,0.23842826261560265,T_north_deep,M0_Ratio,May-Oct
2023-10-30,2023,1.3691907744394476,1.2572021298082614,T_north_deep,M0_Ratio,May-Oct
2023-11-09,2023,2.265657643773826,2.33311736487237,T_north_deep,M0_Ratio,Nov-Jan
2023-11-14,2023,1.6647023400954741,1.6734916283448182,T_north_deep,M0_Ratio,Nov-Jan
2023-11-19,2023,1.1182964657291863,1.98677413245256,T_north_deep,M0_Ratio,Nov-Jan
2023-11-24,2023,1.1182964657291856,0.682355542525044,T_north_deep,M0_Ratio,Nov-Jan
2023-12-09,2023,2.35321252281213,2.5560783629274613,T_north_deep,M0_Ratio,Nov-Jan
2023-12-14,2023,2.192993892309863,2.172961698262499,T_north_deep,M0_Ratio,Nov-Jan
2023-12-19,2023,1.6072565079379497,1.6233987456861545,T_north_deep,M0_Ratio,Nov-Jan
2023-12-24,2023,1.3832774858614107,1.6068004677923184,T_north_deep,M0_Ratio,Nov-Jan
2023-12-29,2023,1.9752986418145566,2.286325481382416,T_north_deep,M0_Ratio,Nov-Jan
2024-01-03,2023,0.810385291314469,0.9219824679538511,T_north_deep,M0_Ratio,Nov-Jan
2024-01-08,2023,2.1653913073386644,1.9267691158351687,T_north_deep,M0_Ratio,Nov-Jan
2024-01-13,2023,2.1653913073386644,2.395711075309402,T_north_deep,M0_Ratio,Nov-Jan
2024-01-18,2023,2.2468408648819587,2.5206494842351566,T_north_deep,M0_Ratio,Nov-Jan
2024-01-23,2023,1.3549414983779464,1.8564035813462212,T_north_deep,M0_Ratio,Nov-Jan
2024-01-28,2023,2.208558936101672,2.374690202535716,T_north_deep,M0_Ratio,Nov-Jan
2024-02-02,2023,2.539271201194445,2.8105378105571757,T_north_deep,M0_Ratio,Feb-Apr
2024-02-07,2023,4.295413809319986,4.747507986080393,T_north_deep,M0_Ratio,Feb-Apr
2024-02-17,2023,4.600406533307639,5.022615473144642,T_north_deep,M0_Ratio,Feb-Apr
2024-02-22,2023,2.545711665195702,2.741138657264445,T_north_deep,M0_Ratio,Feb-Apr
2024-02-27,2023,2.7185520658950573,2.8552857580109534,T_north_deep,M0_Ratio,Feb-Apr
2024-03-03,2023,2.5360433921524597,2.88587418508559,T_north_deep,M0_Ratio,Feb-Apr
2024-03-08,2023,2.450214271759892,2.752900664516517,T_north_deep,M0_Ratio,Feb-Apr
2024-03-13,2023,2.398887196539965,2.580380883581403,T_north_deep,M0_Ratio,Feb-Apr
2024-03-18,2023,2.204681598678968,2.524459953427236,T_north_deep,M0_Ratio,Feb-Apr
2024-03-28,2023,2.4569531041255632,2.762898023508352,T_north_deep,M0_Ratio,Feb-Apr
2024-04-12,2023,2.6090333679956172,3.428640304009487,T_north_deep,M0_Ratio,Feb-Apr
2024-04-27,2023,2.721520580427187,2.7129142311977286,T_north_deep,M0_Ratio,Feb-Apr
2024-05-12,2024,2.1812217532669265,1.7632725487212921,T_north_deep,M0_Ratio,May-Oct
2024-09-19,2024,1.4905853851864121,1.447489167035668,T_north_deep,M0_Ratio,May-Oct
2024-09-29,2024,2.360315323718103,1.953584962448042,T_north_deep,M0_Ratio,May-Oct
2024-10-09,2024,1.9571864942767616,1.463343780528552,T_north_deep,M0_Ratio,May-Oct
2024-10-14,2024,2.2619111016918154,1.9376146478385303,T_north_deep,M0_Ratio,May-Oct
2024-10-19,2024,3.970104465911915,2.596081833562942,T_north_deep,M0_Ratio,May-Oct
2024-10-29,2024,4.122837224329954,3.3804918161355335,T_north_deep,M0_Ratio,May-Oct
2017-01-09,2016,1.0555850177450172,0.8465236739312973,T_north_deep,M1_Ridge,Nov-Jan
2017-02-08,2016,1.9617354833058651,2.028060895821185,T_north_deep,M1_Ridge,Feb-Apr
2017-02-18,2016,1.9842720048274527,1.9458060418118408,T_north_deep,M1_Ridge,Feb-Apr
2017-10-16,2017,0.7756593100122372,0.3674114958168335,T_north_deep,M1_Ridge,May-Oct
2017-11-05,2017,1.9707914463644476,1.584022516688044,T_north_deep,M1_Ridge,Nov-Jan
2017-11-10,2017,1.5835546417041795,1.753408137916271,T_north_deep,M1_Ridge,Nov-Jan
2017-11-30,2017,0.7756593100122382,0.9389008028428127,T_north_deep,M1_Ridge,Nov-Jan
2017-12-15,2017,1.6647023400954737,1.9687794268528145,T_north_deep,M1_Ridge,Nov-Jan
2017-12-20,2017,0.9596997459300431,0.6506629621337585,T_north_deep,M1_Ridge,Nov-Jan
2017-12-30,2017,1.4109797497060883,1.3536809918256705,T_north_deep,M1_Ridge,Nov-Jan
2018-01-04,2017,2.4603135368674645,1.8362335523865387,T_north_deep,M1_Ridge,Nov-Jan
2018-01-09,2017,2.141348993404326,2.4605154825843227,T_north_deep,M1_Ridge,Nov-Jan
2018-01-19,2017,0.918995707098193,0.9690433127319078,T_north_deep,M1_Ridge,Nov-Jan
2018-01-29,2017,2.0456195688252725,2.3969160595898673,T_north_deep,M1_Ridge,Nov-Jan
2018-02-13,2017,1.8582022355906298,1.6591280126036305,T_north_deep,M1_Ridge,Feb-Apr
2018-02-23,2017,2.4400608285843273,2.463414066466575,T_north_deep,M1_Ridge,Feb-Apr
2018-03-05,2017,2.633841219951272,2.559645199675991,T_north_deep,M1_Ridge,Feb-Apr
2018-03-10,2017,2.436664254409141,2.255446801578511,T_north_deep,M1_Ridge,Feb-Apr
2018-04-09,2017,2.5034753023025456,2.1305674152835112,T_north_deep,M1_Ridge,Feb-Apr
2018-10-16,2018,2.4636681936515505,1.9046786606883521,T_north_deep,M1_Ridge,May-Oct
2018-11-25,2018,1.6420233394340669,1.8690209866313439,T_north_deep,M1_Ridge,Nov-Jan
2018-11-30,2018,1.1007183696935525,1.2175626775468147,T_north_deep,M1_Ridge,Nov-Jan
2018-12-10,2018,1.1695123589945913,1.0093420700849145,T_north_deep,M1_Ridge,Nov-Jan
2018-12-25,2018,1.9797921254237338,1.8579407468347624,T_north_deep,M1_Ridge,Nov-Jan
2018-12-30,2018,1.5654903466681942,1.8624346941502115,T_north_deep,M1_Ridge,Nov-Jan
2019-01-04,2018,1.0828733083051338,1.3533185087194861,T_north_deep,M1_Ridge,Nov-Jan
2019-01-09,2018,1.872768354410969,1.948198140771138,T_north_deep,M1_Ridge,Nov-Jan
2019-01-19,2018,2.4902965807514557,2.5546643855429605,T_north_deep,M1_Ridge,Nov-Jan
2019-01-24,2018,1.9155945946982411,1.7595167999778003,T_north_deep,M1_Ridge,Nov-Jan
2019-01-29,2018,4.63464632815571,4.10221131451314,T_north_deep,M1_Ridge,Nov-Jan
2019-02-03,2018,1.8823967448837031,1.7947452888830533,T_north_deep,M1_Ridge,Feb-Apr
2019-02-08,2018,1.3185783613765405,1.1187842434219564,T_north_deep,M1_Ridge,Feb-Apr
2019-02-13,2018,1.4514123716218148,1.512007967579067,T_north_deep,M1_Ridge,Feb-Apr
2019-02-18,2018,5.017987215272167,4.230000356826377,T_north_deep,M1_Ridge,Feb-Apr
2019-02-23,2018,2.2543928506063073,2.387762258801431,T_north_deep,M1_Ridge,Feb-Apr
2019-02-28,2018,2.2239778731104867,1.955926324999927,T_north_deep,M1_Ridge,Feb-Apr
2019-03-05,2018,3.1366637245181836,3.148284821330185,T_north_deep,M1_Ridge,Feb-Apr
2019-03-10,2018,2.419588038197314,2.392401589097932,T_north_deep,M1_Ridge,Feb-Apr
2019-03-15,2018,2.342505175380539,2.4661913563625477,T_north_deep,M1_Ridge,Feb-Apr
2019-03-20,2018,2.655319175771395,2.4433623509967477,T_north_deep,M1_Ridge,Feb-Apr
2019-03-25,2018,3.600592832517015,3.0158022296890863,T_north_deep,M1_Ridge,Feb-Apr
2019-03-30,2018,2.739253982894376,2.8496859146280675,T_north_deep,M1_Ridge,Feb-Apr
2019-04-04,2018,2.788808685013992,2.7326150721818685,T_north_deep,M1_Ridge,Feb-Apr
2019-04-09,2018,2.7451361213912513,2.8323908330103373,T_north_deep,M1_Ridge,Feb-Apr
2019-09-26,2019,2.3317325348347056,2.4465052068266413,T_north_deep,M1_Ridge,May-Oct
2019-10-16,2019,1.1611287328846778,0.6481620224728823,T_north_deep,M1_Ridge,May-Oct
2019-10-21,2019,1.9865463956965626,1.9857982048338216,T_north_deep,M1_Ridge,May-Oct
2019-10-31,2019,3.344995386094514,2.692818817134966,T_north_deep,M1_Ridge,May-Oct
2019-11-05,2019,1.8823967448837051,2.1782938360032458,T_north_deep,M1_Ridge,Nov-Jan
2019-11-15,2019,2.5067562814010693,2.26837818500546,T_north_deep,M1_Ridge,Nov-Jan
2019-11-20,2019,2.4703598162028113,1.6969090802373752,T_north_deep,M1_Ridge,Nov-Jan
2019-11-25,2019,1.9202751896587318,1.7111755177853998,T_north_deep,M1_Ridge,Nov-Jan
2019-11-30,2019,1.1695123589945913,1.2593952458300226,T_north_deep,M1_Ridge,Nov-Jan
2019-12-05,2019,0.9189957070981932,0.9607380421529716,T_north_deep,M1_Ridge,Nov-Jan
2019-12-10,2019,1.8335862502137699,2.037395331219991,T_north_deep,M1_Ridge,Nov-Jan
2019-12-15,2019,2.121032083787348,2.1021687767628268,T_north_deep,M1_Ridge,Nov-Jan
2019-12-20,2019,2.18515533638868,2.3932127276454804,T_north_deep,M1_Ridge,Nov-Jan
2019-12-25,2019,1.920275189658732,1.917949448751563,T_north_deep,M1_Ridge,Nov-Jan
2019-12-30,2019,1.9571864942767565,1.8656690640512748,T_north_deep,M1_Ridge,Nov-Jan
2020-01-09,2019,1.4969979446468649,1.5635597379226336,T_north_deep,M1_Ridge,Nov-Jan
2020-01-14,2019,1.4246029991483433,1.5034045612196347,T_north_deep,M1_Ridge,Nov-Jan
2020-01-19,2019,0.9893088127310604,1.4961912772919295,T_north_deep,M1_Ridge,Nov-Jan
2020-01-24,2019,5.258986762419539,4.624112108370035,T_north_deep,M1_Ridge,Nov-Jan
2020-01-29,2019,3.933818979171583,3.7188526327255014,T_north_deep,M1_Ridge,Nov-Jan
2020-02-03,2019,2.5001889722021087,2.3166040900962734,T_north_deep,M1_Ridge,Feb-Apr
2020-02-08,2019,2.083785398473268,2.0437135391484262,T_north_deep,M1_Ridge,Feb-Apr
2020-02-13,2019,3.8094289453866685,3.520472334213321,T_north_deep,M1_Ridge,Feb-Apr
2020-02-18,2019,2.6583704561532135,2.605396160788505,T_north_deep,M1_Ridge,Feb-Apr
2020-02-23,2019,2.216286423709053,2.11338933954138,T_north_deep,M1_Ridge,Feb-Apr
2020-02-28,2019,2.324514014164842,2.3645979486085213,T_north_deep,M1_Ridge,Feb-Apr
2020-03-04,2019,2.2506210318300486,2.2507295092863147,T_north_deep,M1_Ridge,Feb-Apr
2020-03-09,2019,2.398887196539964,2.174032284244843,T_north_deep,M1_Ridge,Feb-Apr
2020-03-14,2019,2.7392539828943736,2.666555048955874,T_north_deep,M1_Ridge,Feb-Apr
2020-03-24,2019,2.7859209003031182,2.605293944339148,T_north_deep,M1_Ridge,Feb-Apr
2020-11-09,2020,1.6590687945009603,1.3643335899645126,T_north_deep,M1_Ridge,Nov-Jan
2020-11-14,2020,1.6980117466390223,1.5932960568978922,T_north_deep,M1_Ridge,Nov-Jan
2020-11-19,2020,4.8507967527492095,4.815328085283091,T_north_deep,M1_Ridge,Nov-Jan
2020-11-24,2020,1.98873838646434,2.078842658647929,T_north_deep,M1_Ridge,Nov-Jan
2020-11-29,2020,1.0647521605221562,1.4451283315101984,T_north_deep,M1_Ridge,Nov-Jan
2020-12-09,2020,4.929316018631009,4.7357373736782655,T_north_deep,M1_Ridge,Nov-Jan
2020-12-14,2020,2.133253554676883,1.9749440202642992,T_north_deep,M1_Ridge,Nov-Jan
2020-12-19,2020,2.694668158623292,2.5891812771345166,T_north_deep,M1_Ridge,Nov-Jan
2020-12-24,2020,1.772673880139067,1.9798598743263667,T_north_deep,M1_Ridge,Nov-Jan
2021-01-03,2020,1.993191458413503,1.8287777517464987,T_north_deep,M1_Ridge,Nov-Jan
2021-01-08,2020,1.2926355016211502,1.4066383221904117,T_north_deep,M1_Ridge,Nov-Jan
2021-01-13,2020,2.4298523696819783,2.310175970932835,T_north_deep,M1_Ridge,Nov-Jan
2021-01-18,2020,2.071168596973847,2.0476007159174214,T_north_deep,M1_Ridge,Nov-Jan
2021-01-23,2020,2.7888086850139926,2.93802946395347,T_north_deep,M1_Ridge,Nov-Jan
2021-01-28,2020,2.0753856795352243,2.1566440360849306,T_north_deep,M1_Ridge,Nov-Jan
2021-02-02,2020,2.1534153696352965,2.1278264895991574,T_north_deep,M1_Ridge,Feb-Apr
2021-02-07,2020,2.5585315803515423,2.5799407249389836,T_north_deep,M1_Ridge,Feb-Apr
2021-02-12,2020,2.4434514165787675,2.320555390699659,T_north_deep,M1_Ridge,Feb-Apr
2021-02-17,2020,2.5521316755884307,2.344489141490863,T_north_deep,M1_Ridge,Feb-Apr
2021-02-22,2020,2.054183453072105,2.186786296512642,T_north_deep,M1_Ridge,Feb-Apr
2021-03-04,2020,2.788808685013992,2.7559228304730716,T_north_deep,M1_Ridge,Feb-Apr
2021-03-09,2020,2.9566692417429965,3.2270504285596635,T_north_deep,M1_Ridge,Feb-Apr
2021-03-14,2020,4.632346768656307,4.234410527105916,T_north_deep,M1_Ridge,Feb-Apr
2021-03-24,2020,2.721520580427187,2.9997597619640146,T_north_deep,M1_Ridge,Feb-Apr
2021-10-10,2021,3.0840667446286996,3.0329657427515984,T_north_deep,M1_Ridge,May-Oct
2021-10-30,2021,2.045619568825272,1.9372011916136844,T_north_deep,M1_Ridge,May-Oct
2021-11-09,2021,0.8874881752700144,1.1290835502979333,T_north_deep,M1_Ridge,Nov-Jan
2021-11-19,2021,1.4246029991483433,0.9614032776110171,T_north_deep,M1_Ridge,Nov-Jan
2021-11-24,2021,0.8874881752700142,0.7389463214699947,T_north_deep,M1_Ridge,Nov-Jan
2021-11-29,2021,1.5594124592509229,1.5589107455682603,T_north_deep,M1_Ridge,Nov-Jan
2021-12-09,2021,2.079591252001898,1.2822110714688997,T_north_deep,M1_Ridge,Nov-Jan
2021-12-14,2021,2.2046815986789636,1.9263266363985965,T_north_deep,M1_Ridge,Nov-Jan
2021-12-19,2021,1.0463453367843776,1.1046989214008855,T_north_deep,M1_Ridge,Nov-Jan
2021-12-24,2021,2.096300187494259,2.279298268733461,T_north_deep,M1_Ridge,Nov-Jan
2021-12-29,2021,2.010871553787599,2.001167510676531,T_north_deep,M1_Ridge,Nov-Jan
2022-01-08,2021,0.8329554767263887,0.7940379947208327,T_north_deep,M1_Ridge,Nov-Jan
2022-01-18,2021,1.333253317363284,1.5318214501832133,T_north_deep,M1_Ridge,Nov-Jan
2022-01-23,2021,2.1812217532669282,2.0783647246518866,T_north_deep,M1_Ridge,Nov-Jan
2022-02-07,2021,2.3884485994922264,2.6016254932974388,T_north_deep,M1_Ridge,Feb-Apr
2022-02-12,2021,4.835113364743515,4.357074084194835,T_north_deep,M1_Ridge,Feb-Apr
2022-02-17,2021,2.516566567668518,2.467997203186017,T_north_deep,M1_Ridge,Feb-Apr
2022-02-22,2021,2.3063361092878694,2.2584190737527177,T_north_deep,M1_Ridge,Feb-Apr
2022-02-27,2021,1.4776621869809579,1.6682945940583862,T_north_deep,M1_Ridge,Feb-Apr
2022-03-04,2021,1.9931914584135033,2.194878303871633,T_north_deep,M1_Ridge,Feb-Apr
2022-03-09,2021,2.3208936412642553,2.320497946093565,T_north_deep,M1_Ridge,Feb-Apr
2022-03-14,2021,2.3026776796712713,2.4281977509648502,T_north_deep,M1_Ridge,Feb-Apr
2022-03-19,2021,2.4161538913515264,2.5778388938303016,T_north_deep,M1_Ridge,Feb-Apr
2022-03-24,2021,2.5328102925434903,2.459362524482774,T_north_deep,M1_Ridge,Feb-Apr
2022-08-31,2022,2.2468408648819578,2.152408734986549,T_north_deep,M1_Ridge,May-Oct
2022-10-05,2022,2.1851553363886795,2.6235911087496704,T_north_deep,M1_Ridge,May-Oct
2022-10-10,2022,1.3902613095226497,0.9883499598469356,T_north_deep,M1_Ridge,May-Oct
2022-10-15,2022,2.7480718958623855,2.940709191884866,T_north_deep,M1_Ridge,May-Oct
2022-10-20,2022,0.7276213558834279,1.0419672156891089,T_north_deep,M1_Ridge,May-Oct
2022-10-30,2022,2.2316337617538733,2.343971586655739,T_north_deep,M1_Ridge,May-Oct
2022-11-04,2022,4.512844739684102,3.21509401957421,T_north_deep,M1_Ridge,Nov-Jan
2022-11-09,2022,2.4535866104385566,2.6438433852466616,T_north_deep,M1_Ridge,Nov-Jan
2022-11-14,2022,1.559412459250925,1.7610468779260053,T_north_deep,M1_Ridge,Nov-Jan
2022-11-24,2022,2.3389215507101575,2.4962314637572494,T_north_deep,M1_Ridge,Nov-Jan
2022-12-04,2022,1.6925175033948716,1.8685123088220543,T_north_deep,M1_Ridge,Nov-Jan
2022-12-09,2022,1.2266022705533155,1.095571490917921,T_north_deep,M1_Ridge,Nov-Jan
2022-12-14,2022,2.709624131526501,2.9171863486203837,T_north_deep,M1_Ridge,Nov-Jan
2022-12-24,2022,3.1934975128003362,4.436188544374395,T_north_deep,M1_Ridge,Nov-Jan
2022-12-29,2022,3.2860169775256938,3.391887180683458,T_north_deep,M1_Ridge,Nov-Jan
2023-01-03,2022,1.9014609296543865,1.8184427874052653,T_north_deep,M1_Ridge,Nov-Jan
2023-01-08,2022,3.099589224462857,3.849736363980182,T_north_deep,M1_Ridge,Nov-Jan
2023-01-13,2022,1.3405253551496452,1.6292694651953845,T_north_deep,M1_Ridge,Nov-Jan
2023-01-18,2022,5.106718137781563,4.880769700643915,T_north_deep,M1_Ridge,Nov-Jan
2023-01-23,2022,1.7932770477689097,2.239089978042422,T_north_deep,M1_Ridge,Nov-Jan
2023-01-28,2022,2.5295721138793477,2.5759048278039964,T_north_deep,M1_Ridge,Nov-Jan
2023-02-02,2022,2.4801655567558507,2.1408451551839383,T_north_deep,M1_Ridge,Feb-Apr
2023-02-07,2022,2.3744367648760654,2.4588185537280673,T_north_deep,M1_Ridge,Feb-Apr
2023-02-12,2022,2.3389215507101584,2.4079840151712846,T_north_deep,M1_Ridge,Feb-Apr
2023-02-17,2022,2.4968970147440244,2.5083080803876396,T_north_deep,M1_Ridge,Feb-Apr
2023-02-22,2022,2.700662128520771,3.7461812001751227,T_north_deep,M1_Ridge,Feb-Apr
2023-02-27,2022,1.957186494276762,2.078546491533725,T_north_deep,M1_Ridge,Feb-Apr
2023-03-04,2022,2.1890792637674643,2.302437261738889,T_north_deep,M1_Ridge,Feb-Apr
2023-03-09,2022,2.3425051753805413,2.6150889752799764,T_north_deep,M1_Ridge,Feb-Apr
2023-03-14,2022,2.4264372396815133,2.3975973971473508,T_north_deep,M1_Ridge,Feb-Apr
2023-03-29,2022,2.6152622021781005,2.6456256205464923,T_north_deep,M1_Ridge,Feb-Apr
2023-09-25,2023,2.365606402845053,3.003824601801681,T_north_deep,M1_Ridge,May-Oct
2023-10-10,2023,2.227810304324789,2.8298320524210516,T_north_deep,M1_Ridge,May-Oct
2023-10-15,2023,2.633841219951272,3.0550703122341987,T_north_deep,M1_Ridge,May-Oct
2023-10-20,2023,1.1611287328846793,1.1306895057620636,T_north_deep,M1_Ridge,May-Oct
2023-10-30,2023,1.3691907744394476,1.538576989618948,T_north_deep,M1_Ridge,May-Oct
2023-11-09,2023,2.265657643773826,2.5380959779082106,T_north_deep,M1_Ridge,Nov-Jan
2023-11-14,2023,1.6647023400954741,2.088227644897861,T_north_deep,M1_Ridge,Nov-Jan
2023-11-19,2023,1.1182964657291863,1.6029158407752715,T_north_deep,M1_Ridge,Nov-Jan
2023-11-24,2023,1.1182964657291856,1.1003258875129867,T_north_deep,M1_Ridge,Nov-Jan
2023-12-09,2023,2.35321252281213,2.6513755908322905,T_north_deep,M1_Ridge,Nov-Jan
2023-12-14,2023,2.192993892309863,2.236519689289985,T_north_deep,M1_Ridge,Nov-Jan
2023-12-19,2023,1.6072565079379497,1.7681888313171266,T_north_deep,M1_Ridge,Nov-Jan
2023-12-24,2023,1.3832774858614107,1.738092633092666,T_north_deep,M1_Ridge,Nov-Jan
2023-12-29,2023,1.9752986418145566,2.221671193361439,T_north_deep,M1_Ridge,Nov-Jan
2024-01-03,2023,0.810385291314469,1.0263853574870156,T_north_deep,M1_Ridge,Nov-Jan
2024-01-08,2023,2.1653913073386644,1.9403006331924357,T_north_deep,M1_Ridge,Nov-Jan
2024-01-13,2023,2.1653913073386644,2.242573842807577,T_north_deep,M1_Ridge,Nov-Jan
2024-01-18,2023,2.2468408648819587,2.223271791087054,T_north_deep,M1_Ridge,Nov-Jan
2024-01-23,2023,1.3549414983779464,1.6642754727331721,T_north_deep,M1_Ridge,Nov-Jan
2024-01-28,2023,2.208558936101672,2.1102665836169003,T_north_deep,M1_Ridge,Nov-Jan
2024-02-02,2023,2.539271201194445,2.437235988296786,T_north_deep,M1_Ridge,Feb-Apr
2024-02-07,2023,4.295413809319986,4.02366684699949,T_north_deep,M1_Ridge,Feb-Apr
2024-02-17,2023,4.600406533307639,4.227321510521941,T_north_deep,M1_Ridge,Feb-Apr
2024-02-22,2023,2.545711665195702,2.2716619475554194,T_north_deep,M1_Ridge,Feb-Apr
2024-02-27,2023,2.7185520658950573,2.7096802947576593,T_north_deep,M1_Ridge,Feb-Apr
2024-03-03,2023,2.5360433921524597,2.54624143510845,T_north_deep,M1_Ridge,Feb-Apr
2024-03-08,2023,2.450214271759892,2.5346996378524276,T_north_deep,M1_Ridge,Feb-Apr
2024-03-13,2023,2.398887196539965,2.4747407349720283,T_north_deep,M1_Ridge,Feb-Apr
2024-03-18,2023,2.204681598678968,2.350409990773072,T_north_deep,M1_Ridge,Feb-Apr
2024-03-28,2023,2.4569531041255632,2.742893812575862,T_north_deep,M1_Ridge,Feb-Apr
2024-04-12,2023,2.6090333679956172,3.2750970752132407,T_north_deep,M1_Ridge,Feb-Apr
2024-04-27,2023,2.721520580427187,3.136390770059572,T_north_deep,M1_Ridge,Feb-Apr
2024-05-12,2024,2.1812217532669265,2.1227857259724576,T_north_deep,M1_Ridge,May-Oct
2024-09-19,2024,1.4905853851864121,1.8705012786534274,T_north_deep,M1_Ridge,May-Oct
2024-09-29,2024,2.360315323718103,2.2598676988709236,T_north_deep,M1_Ridge,May-Oct
2024-10-09,2024,1.9571864942767616,2.002485825922903,T_north_deep,M1_Ridge,May-Oct
2024-10-14,2024,2.2619111016918154,2.6325683354057188,T_north_deep,M1_Ridge,May-Oct
2024-10-19,2024,3.970104465911915,3.2521653204205494,T_north_deep,M1_Ridge,May-Oct
2024-10-29,2024,4.122837224329954,3.6142945123175845,T_north_deep,M1_Ridge,May-Oct
2017-01-09,2016,1.0555850177450172,1.3114635725099502,T_north_deep,M2_RandomForest,Nov-Jan
2017-02-08,2016,1.9617354833058651,2.193082632231799,T_north_deep,M2_RandomForest,Feb-Apr
2017-02-18,2016,1.9842720048274527,2.124594128774982,T_north_deep,M2_RandomForest,Feb-Apr
2017-10-16,2017,0.7756593100122372,1.462315035421501,T_north_deep,M2_RandomForest,May-Oct
2017-11-05,2017,1.9707914463644476,1.6154677435483598,T_north_deep,M2_RandomForest,Nov-Jan
2017-11-10,2017,1.5835546417041795,1.613012157150184,T_north_deep,M2_RandomForest,Nov-Jan
2017-11-30,2017,0.7756593100122382,1.2328694826858346,T_north_deep,M2_RandomForest,Nov-Jan
2017-12-15,2017,1.6647023400954737,2.0390302787694843,T_north_deep,M2_RandomForest,Nov-Jan
2017-12-20,2017,0.9596997459300431,1.230121635336924,T_north_deep,M2_RandomForest,Nov-Jan
2017-12-30,2017,1.4109797497060883,1.2710784300525457,T_north_deep,M2_RandomForest,Nov-Jan
2018-01-04,2017,2.4603135368674645,2.229855719415324,T_north_deep,M2_RandomForest,Nov-Jan
2018-01-09,2017,2.141348993404326,2.291102979082919,T_north_deep,M2_RandomForest,Nov-Jan
2018-01-19,2017,0.918995707098193,1.4443264631535013,T_north_deep,M2_RandomForest,Nov-Jan
2018-01-29,2017,2.0456195688252725,2.3183776258732793,T_north_deep,M2_RandomForest,Nov-Jan
2018-02-13,2017,1.8582022355906298,1.835193949138826,T_north_deep,M2_RandomForest,Feb-Apr
2018-02-23,2017,2.4400608285843273,2.444417700149281,T_north_deep,M2_RandomForest,Feb-Apr
2018-03-05,2017,2.633841219951272,2.5639219605030465,T_north_deep,M2_RandomForest,Feb-Apr
2018-03-10,2017,2.436664254409141,2.3307376269537805,T_north_deep,M2_RandomForest,Feb-Apr
2018-04-09,2017,2.5034753023025456,2.3614459581537113,T_north_deep,M2_RandomForest,Feb-Apr
2018-10-16,2018,2.4636681936515505,2.3962518835358475,T_north_deep,M2_RandomForest,May-Oct
2018-11-25,2018,1.6420233394340669,1.7428736117020953,T_north_deep,M2_RandomForest,Nov-Jan
2018-11-30,2018,1.1007183696935525,1.1378221027134512,T_north_deep,M2_RandomForest,Nov-Jan
2018-12-10,2018,1.1695123589945913,1.1757482114435445,T_north_deep,M2_RandomForest,Nov-Jan
2018-12-25,2018,1.9797921254237338,1.8809691745422301,T_north_deep,M2_RandomForest,Nov-Jan
2018-12-30,2018,1.5654903466681942,2.0272787521168505,T_north_deep,M2_RandomForest,Nov-Jan
2019-01-04,2018,1.0828733083051338,1.5999828015869886,T_north_deep,M2_RandomForest,Nov-Jan
2019-01-09,2018,1.872768354410969,2.0789030415931844,T_north_deep,M2_RandomForest,Nov-Jan
2019-01-19,2018,2.4902965807514557,2.410772072041122,T_north_deep,M2_RandomForest,Nov-Jan
2019-01-24,2018,1.9155945946982411,1.7562974610964917,T_north_deep,M2_RandomForest,Nov-Jan
2019-01-29,2018,4.63464632815571,3.8182073860536137,T_north_deep,M2_RandomForest,Nov-Jan
2019-02-03,2018,1.8823967448837031,2.0211870344434084,T_north_deep,M2_RandomForest,Feb-Apr
2019-02-08,2018,1.3185783613765405,1.6378029046870914,T_north_deep,M2_RandomForest,Feb-Apr
2019-02-13,2018,1.4514123716218148,1.907218524689747,T_north_deep,M2_RandomForest,Feb-Apr
2019-02-18,2018,5.017987215272167,3.7705026656405742,T_north_deep,M2_RandomForest,Feb-Apr
2019-02-23,2018,2.2543928506063073,2.398237569243098,T_north_deep,M2_RandomForest,Feb-Apr
2019-02-28,2018,2.2239778731104867,2.314588614263159,T_north_deep,M2_RandomForest,Feb-Apr
2019-03-05,2018,3.1366637245181836,3.1445211568167983,T_north_deep,M2_RandomForest,Feb-Apr
2019-03-10,2018,2.419588038197314,2.497153085186224,T_north_deep,M2_RandomForest,Feb-Apr
2019-03-15,2018,2.342505175380539,2.465680730450898,T_north_deep,M2_RandomForest,Feb-Apr
2019-03-20,2018,2.655319175771395,2.46223765177784,T_north_deep,M2_RandomForest,Feb-Apr
2019-03-25,2018,3.600592832517015,2.942145221207708,T_north_deep,M2_RandomForest,Feb-Apr
2019-03-30,2018,2.739253982894376,3.025949288065785,T_north_deep,M2_RandomForest,Feb-Apr
2019-04-04,2018,2.788808685013992,2.5737928960277583,T_north_deep,M2_RandomForest,Feb-Apr
2019-04-09,2018,2.7451361213912513,2.65545497865975,T_north_deep,M2_RandomForest,Feb-Apr
2019-09-26,2019,2.3317325348347056,2.221819816742197,T_north_deep,M2_RandomForest,May-Oct
2019-10-16,2019,1.1611287328846778,1.4240318458674766,T_north_deep,M2_RandomForest,May-Oct
2019-10-21,2019,1.9865463956965626,1.892592218562677,T_north_deep,M2_RandomForest,May-Oct
2019-10-31,2019,3.344995386094514,2.3224995175078154,T_north_deep,M2_RandomForest,May-Oct
2019-11-05,2019,1.8823967448837051,2.088609921457348,T_north_deep,M2_RandomForest,Nov-Jan
2019-11-15,2019,2.5067562814010693,2.1656834269476795,T_north_deep,M2_RandomForest,Nov-Jan
2019-11-20,2019,2.4703598162028113,1.3546860234605895,T_north_deep,M2_RandomForest,Nov-Jan
2019-11-25,2019,1.9202751896587318,1.6198655621778968,T_north_deep,M2_RandomForest,Nov-Jan
2019-11-30,2019,1.1695123589945913,1.2681325754233561,T_north_deep,M2_RandomForest,Nov-Jan
2019-12-05,2019,0.9189957070981932,1.1465449789908053,T_north_deep,M2_RandomForest,Nov-Jan
2019-12-10,2019,1.8335862502137699,1.9206199908299149,T_north_deep,M2_RandomForest,Nov-Jan
2019-12-15,2019,2.121032083787348,2.016469093198525,T_north_deep,M2_RandomForest,Nov-Jan
2019-12-20,2019,2.18515533638868,2.5202961988263257,T_north_deep,M2_RandomForest,Nov-Jan
2019-12-25,2019,1.920275189658732,1.8934421889224975,T_north_deep,M2_RandomForest,Nov-Jan
2019-12-30,2019,1.9571864942767565,1.9650395857563532,T_north_deep,M2_RandomForest,Nov-Jan
2020-01-09,2019,1.4969979446468649,1.6991066935113113,T_north_deep,M2_RandomForest,Nov-Jan
2020-01-14,2019,1.4246029991483433,1.5962028598155273,T_north_deep,M2_RandomForest,Nov-Jan
2020-01-19,2019,0.9893088127310604,1.7293792170022182,T_north_deep,M2_RandomForest,Nov-Jan
2020-01-24,2019,5.258986762419539,4.100577360235825,T_north_deep,M2_RandomForest,Nov-Jan
2020-01-29,2019,3.933818979171583,3.9707356118037884,T_north_deep,M2_RandomForest,Nov-Jan
2020-02-03,2019,2.5001889722021087,2.583801206972568,T_north_deep,M2_RandomForest,Feb-Apr
2020-02-08,2019,2.083785398473268,2.377481130983108,T_north_deep,M2_RandomForest,Feb-Apr
2020-02-13,2019,3.8094289453866685,3.7103616801127983,T_north_deep,M2_RandomForest,Feb-Apr
2020-02-18,2019,2.6583704561532135,2.996777320306116,T_north_deep,M2_RandomForest,Feb-Apr
2020-02-23,2019,2.216286423709053,2.460233732684165,T_north_deep,M2_RandomForest,Feb-Apr
2020-02-28,2019,2.324514014164842,2.501978957504922,T_north_deep,M2_RandomForest,Feb-Apr
2020-03-04,2019,2.2506210318300486,2.4533718993268203,T_north_deep,M2_RandomForest,Feb-Apr
2020-03-09,2019,2.398887196539964,2.405482407180967,T_north_deep,M2_RandomForest,Feb-Apr
2020-03-14,2019,2.7392539828943736,2.6150279583636373,T_north_deep,M2_RandomForest,Feb-Apr
2020-03-24,2019,2.7859209003031182,2.954211506470421,T_north_deep,M2_RandomForest,Feb-Apr
2020-11-09,2020,1.6590687945009603,1.4219816112160566,T_north_deep,M2_RandomForest,Nov-Jan
2020-11-14,2020,1.6980117466390223,1.3263139426929562,T_north_deep,M2_RandomForest,Nov-Jan
2020-11-19,2020,4.8507967527492095,3.6581013394080135,T_north_deep,M2_RandomForest,Nov-Jan
2020-11-24,2020,1.98873838646434,1.858565478728153,T_north_deep,M2_RandomForest,Nov-Jan
2020-11-29,2020,1.0647521605221562,1.2869276954907183,T_north_deep,M2_RandomForest,Nov-Jan
2020-12-09,2020,4.929316018631009,3.4948098001076007,T_north_deep,M2_RandomForest,Nov-Jan
2020-12-14,2020,2.133253554676883,1.8255371102310038,T_north_deep,M2_RandomForest,Nov-Jan
2020-12-19,2020,2.694668158623292,2.3379747883572084,T_north_deep,M2_RandomForest,Nov-Jan
2020-12-24,2020,1.772673880139067,2.0635024940488798,T_north_deep,M2_RandomForest,Nov-Jan
2021-01-03,2020,1.993191458413503,1.6486044464306937,T_north_deep,M2_RandomForest,Nov-Jan
2021-01-08,2020,1.2926355016211502,1.4494652149035783,T_north_deep,M2_RandomForest,Nov-Jan
2021-01-13,2020,2.4298523696819783,2.227749332647629,T_north_deep,M2_RandomForest,Nov-Jan
2021-01-18,2020,2.071168596973847,2.0413913710257967,T_north_deep,M2_RandomForest,Nov-Jan
2021-01-23,2020,2.7888086850139926,3.2258118700908844,T_north_deep,M2_RandomForest,Nov-Jan
2021-01-28,2020,2.0753856795352243,2.167854707963194,T_north_deep,M2_RandomForest,Nov-Jan
2021-02-02,2020,2.1534153696352965,2.2486494057185595,T_north_deep,M2_RandomForest,Feb-Apr
2021-02-07,2020,2.5585315803515423,2.5527243166872693,T_north_deep,M2_RandomForest,Feb-Apr
2021-02-12,2020,2.4434514165787675,2.328457257421603,T_north_deep,M2_RandomForest,Feb-Apr
2021-02-17,2020,2.5521316755884307,2.323921685041241,T_north_deep,M2_RandomForest,Feb-Apr
2021-02-22,2020,2.054183453072105,2.27058089355364,T_north_deep,M2_RandomForest,Feb-Apr
2021-03-04,2020,2.788808685013992,2.492681249208046,T_north_deep,M2_RandomForest,Feb-Apr
2021-03-09,2020,2.9566692417429965,3.1624401135974782,T_north_deep,M2_RandomForest,Feb-Apr
2021-03-14,2020,4.632346768656307,3.901494368263188,T_north_deep,M2_RandomForest,Feb-Apr
2021-03-24,2020,2.721520580427187,3.043206257903488,T_north_deep,M2_RandomForest,Feb-Apr
2021-10-10,2021,3.0840667446286996,2.4673092358645965,T_north_deep,M2_RandomForest,May-Oct
2021-10-30,2021,2.045619568825272,2.006363611846206,T_north_deep,M2_RandomForest,May-Oct
2021-11-09,2021,0.8874881752700144,1.3893715996551366,T_north_deep,M2_RandomForest,Nov-Jan
2021-11-19,2021,1.4246029991483433,1.3906881187078688,T_north_deep,M2_RandomForest,Nov-Jan
2021-11-24,2021,0.8874881752700142,1.2002415220588016,T_north_deep,M2_RandomForest,Nov-Jan
2021-11-29,2021,1.5594124592509229,1.6965423271286313,T_north_deep,M2_RandomForest,Nov-Jan
2021-12-09,2021,2.079591252001898,1.4892013471185808,T_north_deep,M2_RandomForest,Nov-Jan
2021-12-14,2021,2.2046815986789636,1.871903360335591,T_north_deep,M2_RandomForest,Nov-Jan
2021-12-19,2021,1.0463453367843776,1.2856506241977892,T_north_deep,M2_RandomForest,Nov-Jan
2021-12-24,2021,2.096300187494259,2.1284153077981363,T_north_deep,M2_RandomForest,Nov-Jan
2021-12-29,2021,2.010871553787599,1.946466187286413,T_north_deep,M2_RandomForest,Nov-Jan
2022-01-08,2021,0.8329554767263887,1.2485139254544881,T_north_deep,M2_RandomForest,Nov-Jan
2022-01-18,2021,1.333253317363284,1.6749004622586323,T_north_deep,M2_RandomForest,Nov-Jan
2022-01-23,2021,2.1812217532669282,1.9891009374110744,T_north_deep,M2_RandomForest,Nov-Jan
2022-02-07,2021,2.3884485994922264,2.541152616642126,T_north_deep,M2_RandomForest,Feb-Apr
2022-02-12,2021,4.835113364743515,4.283159863642371,T_north_deep,M2_RandomForest,Feb-Apr
2022-02-17,2021,2.516566567668518,2.4875888477765726,T_north_deep,M2_RandomForest,Feb-Apr
2022-02-22,2021,2.3063361092878694,2.3369383201911007,T_north_deep,M2_RandomForest,Feb-Apr
2022-02-27,2021,1.4776621869809579,1.8645617014040985,T_north_deep,M2_RandomForest,Feb-Apr
2022-03-04,2021,1.9931914584135033,2.3078234947028995,T_north_deep,M2_RandomForest,Feb-Apr
2022-03-09,2021,2.3208936412642553,2.3894679064624835,T_north_deep,M2_RandomForest,Feb-Apr
2022-03-14,2021,2.3026776796712713,2.5181757730470387,T_north_deep,M2_RandomForest,Feb-Apr
2022-03-19,2021,2.4161538913515264,2.576810678455802,T_north_deep,M2_RandomForest,Feb-Apr
2022-03-24,2021,2.5328102925434903,2.4833728683559633,T_north_deep,M2_RandomForest,Feb-Apr
2022-08-31,2022,2.2468408648819578,1.8455473710961947,T_north_deep,M2_RandomForest,May-Oct
2022-10-05,2022,2.1851553363886795,2.5181761844098567,T_north_deep,M2_RandomForest,May-Oct
2022-10-10,2022,1.3902613095226497,1.5689508908492071,T_north_deep,M2_RandomForest,May-Oct
2022-10-15,2022,2.7480718958623855,2.5058803897100237,T_north_deep,M2_RandomForest,May-Oct
2022-10-20,2022,0.7276213558834279,1.405575223247955,T_north_deep,M2_RandomForest,May-Oct
2022-10-30,2022,2.2316337617538733,2.1915257615199364,T_north_deep,M2_RandomForest,May-Oct
2022-11-04,2022,4.512844739684102,2.7155233099432947,T_north_deep,M2_RandomForest,Nov-Jan
2022-11-09,2022,2.4535866104385566,2.23841556371888,T_north_deep,M2_RandomForest,Nov-Jan
2022-11-14,2022,1.559412459250925,1.7575006741224857,T_north_deep,M2_RandomForest,Nov-Jan
2022-11-24,2022,2.3389215507101575,2.2996897145424096,T_north_deep,M2_RandomForest,Nov-Jan
2022-12-04,2022,1.6925175033948716,1.8236511037357401,T_north_deep,M2_RandomForest,Nov-Jan
2022-12-09,2022,1.2266022705533155,1.114671169746345,T_north_deep,M2_RandomForest,Nov-Jan
2022-12-14,2022,2.709624131526501,2.570147639767922,T_north_deep,M2_RandomForest,Nov-Jan
2022-12-24,2022,3.1934975128003362,3.782515272781519,T_north_deep,M2_RandomForest,Nov-Jan
2022-12-29,2022,3.2860169775256938,2.6201745178522784,T_north_deep,M2_RandomForest,Nov-Jan
2023-01-03,2022,1.9014609296543865,1.942450172272422,T_north_deep,M2_RandomForest,Nov-Jan
2023-01-08,2022,3.099589224462857,3.1636020864593446,T_north_deep,M2_RandomForest,Nov-Jan
2023-01-13,2022,1.3405253551496452,1.6481495712537986,T_north_deep,M2_RandomForest,Nov-Jan
2023-01-18,2022,5.106718137781563,3.980732488682009,T_north_deep,M2_RandomForest,Nov-Jan
2023-01-23,2022,1.7932770477689097,2.186023485509555,T_north_deep,M2_RandomForest,Nov-Jan
2023-01-28,2022,2.5295721138793477,2.406191061538553,T_north_deep,M2_RandomForest,Nov-Jan
2023-02-02,2022,2.4801655567558507,2.2162510931287702,T_north_deep,M2_RandomForest,Feb-Apr
2023-02-07,2022,2.3744367648760654,2.4695791702627687,T_north_deep,M2_RandomForest,Feb-Apr
2023-02-12,2022,2.3389215507101584,2.360524584006661,T_north_deep,M2_RandomForest,Feb-Apr
2023-02-17,2022,2.4968970147440244,2.4776808187801804,T_north_deep,M2_RandomForest,Feb-Apr
2023-02-22,2022,2.700662128520771,3.165013908858892,T_north_deep,M2_RandomForest,Feb-Apr
2023-02-27,2022,1.957186494276762,2.1476258903989405,T_north_deep,M2_RandomForest,Feb-Apr
2023-03-04,2022,2.1890792637674643,2.3965656741033037,T_north_deep,M2_RandomForest,Feb-Apr
2023-03-09,2022,2.3425051753805413,2.5501138950587547,T_north_deep,M2_RandomForest,Feb-Apr
2023-03-14,2022,2.4264372396815133,2.47670570712462,T_north_deep,M2_RandomForest,Feb-Apr
2023-03-29,2022,2.6152622021781005,2.6349100660391644,T_north_deep,M2_RandomForest,Feb-Apr
2023-09-25,2023,2.365606402845053,2.607922394147907,T_north_deep,M2_RandomForest,May-Oct
2023-10-10,2023,2.227810304324789,2.451898585775717,T_north_deep,M2_RandomForest,May-Oct
2023-10-15,2023,2.633841219951272,2.691218486770131,T_north_deep,M2_RandomForest,May-Oct
2023-10-20,2023,1.1611287328846793,1.430045888684208,T_north_deep,M2_RandomForest,May-Oct
2023-10-30,2023,1.3691907744394476,1.7475679453896922,T_north_deep,M2_RandomForest,May-Oct
2023-11-09,2023,2.265657643773826,2.348824272208859,T_north_deep,M2_RandomForest,Nov-Jan
2023-11-14,2023,1.6647023400954741,1.773690797182342,T_north_deep,M2_RandomForest,Nov-Jan
2023-11-19,2023,1.1182964657291863,2.1254582939358944,T_north_deep,M2_RandomForest,Nov-Jan
2023-11-24,2023,1.1182964657291856,1.1697003629810623,T_north_deep,M2_RandomForest,Nov-Jan
2023-12-09,2023,2.35321252281213,2.393116337855055,T_north_deep,M2_RandomForest,Nov-Jan
2023-12-14,2023,2.192993892309863,2.118376271460811,T_north_deep,M2_RandomForest,Nov-Jan
2023-12-19,2023,1.6072565079379497,1.6551700560398581,T_north_deep,M2_RandomForest,Nov-Jan
2023-12-24,2023,1.3832774858614107,1.647756856648617,T_north_deep,M2_RandomForest,Nov-Jan
2023-12-29,2023,1.9752986418145566,2.0964614612602994,T_north_deep,M2_RandomForest,Nov-Jan
2024-01-03,2023,0.810385291314469,1.261310671654334,T_north_deep,M2_RandomForest,Nov-Jan
2024-01-08,2023,2.1653913073386644,1.858613633160364,T_north_deep,M2_RandomForest,Nov-Jan
2024-01-13,2023,2.1653913073386644,2.3039831610704065,T_north_deep,M2_RandomForest,Nov-Jan
2024-01-18,2023,2.2468408648819587,2.2365737544428153,T_north_deep,M2_RandomForest,Nov-Jan
2024-01-23,2023,1.3549414983779464,1.8866033896872247,T_north_deep,M2_RandomForest,Nov-Jan
2024-01-28,2023,2.208558936101672,2.357197960954254,T_north_deep,M2_RandomForest,Nov-Jan
2024-02-02,2023,2.539271201194445,2.4865444382620456,T_north_deep,M2_RandomForest,Feb-Apr
2024-02-07,2023,4.295413809319986,4.18342869141739,T_north_deep,M2_RandomForest,Feb-Apr
2024-02-17,2023,4.600406533307639,4.203424352297199,T_north_deep,M2_RandomForest,Feb-Apr
2024-02-22,2023,2.545711665195702,2.4226629438779708,T_north_deep,M2_RandomForest,Feb-Apr
2024-02-27,2023,2.7185520658950573,2.6681452714540224,T_north_deep,M2_RandomForest,Feb-Apr
2024-03-03,2023,2.5360433921524597,2.8047967171023283,T_north_deep,M2_RandomForest,Feb-Apr
2024-03-08,2023,2.450214271759892,2.4629956567130216,T_north_deep,M2_RandomForest,Feb-Apr
2024-03-13,2023,2.398887196539965,2.4990524869980577,T_north_deep,M2_RandomForest,Feb-Apr
2024-03-18,2023,2.204681598678968,2.44503102652172,T_north_deep,M2_RandomForest,Feb-Apr
2024-03-28,2023,2.4569531041255632,2.633991347967979,T_north_deep,M2_RandomForest,Feb-Apr
2024-04-12,2023,2.6090333679956172,3.1693877802111503,T_north_deep,M2_RandomForest,Feb-Apr
2024-04-27,2023,2.721520580427187,2.8304477171391675,T_north_deep,M2_RandomForest,Feb-Apr
2024-05-12,2024,2.1812217532669265,2.103698070646617,T_north_deep,M2_RandomForest,May-Oct
2024-09-19,2024,1.4905853851864121,2.002687312623946,T_north_deep,M2_RandomForest,May-Oct
2024-09-29,2024,2.360315323718103,2.1673883219478776,T_north_deep,M2_RandomForest,May-Oct
2024-10-09,2024,1.9571864942767616,1.995253761144164,T_north_deep,M2_RandomForest,May-Oct
2024-10-14,2024,2.2619111016918154,1.9432390311412395,T_north_deep,M2_RandomForest,May-Oct
2024-10-19,2024,3.970104465911915,2.620468147574638,T_north_deep,M2_RandomForest,May-Oct
2024-10-29,2024,4.122837224329954,3.1002650700040304,T_north_deep,M2_RandomForest,May-Oct
2017-01-09,2016,1.0555850177450172,0.9804219007492065,T_north_deep,M3_XGBoost,Nov-Jan
2017-02-08,2016,1.9617354833058651,2.0744097232818604,T_north_deep,M3_XGBoost,Feb-Apr
2017-02-18,2016,1.9842720048274527,2.078963279724121,T_north_deep,M3_XGBoost,Feb-Apr
2017-10-16,2017,0.7756593100122372,1.480682611465454,T_north_deep,M3_XGBoost,May-Oct
2017-11-05,2017,1.9707914463644476,1.6946836709976196,T_north_deep,M3_XGBoost,Nov-Jan
2017-11-10,2017,1.5835546417041795,1.6288586854934692,T_north_deep,M3_XGBoost,Nov-Jan
2017-11-30,2017,0.7756593100122382,1.166532278060913,T_north_deep,M3_XGBoost,Nov-Jan
2017-12-15,2017,1.6647023400954737,1.993499517440796,T_north_deep,M3_XGBoost,Nov-Jan
2017-12-20,2017,0.9596997459300431,1.124860167503357,T_north_deep,M3_XGBoost,Nov-Jan
2017-12-30,2017,1.4109797497060883,1.3799391984939575,T_north_deep,M3_XGBoost,Nov-Jan
2018-01-04,2017,2.4603135368674645,2.0676169395446777,T_north_deep,M3_XGBoost,Nov-Jan
2018-01-09,2017,2.141348993404326,2.3018250465393066,T_north_deep,M3_XGBoost,Nov-Jan
2018-01-19,2017,0.918995707098193,1.2627822160720825,T_north_deep,M3_XGBoost,Nov-Jan
2018-01-29,2017,2.0456195688252725,2.3385121822357178,T_north_deep,M3_XGBoost,Nov-Jan
2018-02-13,2017,1.8582022355906298,1.7303942441940308,T_north_deep,M3_XGBoost,Feb-Apr
2018-02-23,2017,2.4400608285843273,2.4729957580566406,T_north_deep,M3_XGBoost,Feb-Apr
2018-03-05,2017,2.633841219951272,2.595778465270996,T_north_deep,M3_XGBoost,Feb-Apr
2018-03-10,2017,2.436664254409141,2.1151187419891357,T_north_deep,M3_XGBoost,Feb-Apr
2018-04-09,2017,2.5034753023025456,2.115394353866577,T_north_deep,M3_XGBoost,Feb-Apr
2018-10-16,2018,2.4636681936515505,2.242820978164673,T_north_deep,M3_XGBoost,May-Oct
2018-11-25,2018,1.6420233394340669,1.7000969648361206,T_north_deep,M3_XGBoost,Nov-Jan
2018-11-30,2018,1.1007183696935525,1.059119462966919,T_north_deep,M3_XGBoost,Nov-Jan
2018-12-10,2018,1.1695123589945913,0.9871545433998108,T_north_deep,M3_XGBoost,Nov-Jan
2018-12-25,2018,1.9797921254237338,2.054809808731079,T_north_deep,M3_XGBoost,Nov-Jan
2018-12-30,2018,1.5654903466681942,2.0584821701049805,T_north_deep,M3_XGBoost,Nov-Jan
2019-01-04,2018,1.0828733083051338,1.6042083501815796,T_north_deep,M3_XGBoost,Nov-Jan
2019-01-09,2018,1.872768354410969,2.124006748199463,T_north_deep,M3_XGBoost,Nov-Jan
2019-01-19,2018,2.4902965807514557,2.40535306930542,T_north_deep,M3_XGBoost,Nov-Jan
2019-01-24,2018,1.9155945946982411,1.73300039768219,T_north_deep,M3_XGBoost,Nov-Jan
2019-01-29,2018,4.63464632815571,4.175118923187256,T_north_deep,M3_XGBoost,Nov-Jan
2019-02-03,2018,1.8823967448837031,2.0198781490325928,T_north_deep,M3_XGBoost,Feb-Apr
2019-02-08,2018,1.3185783613765405,1.5830811262130737,T_north_deep,M3_XGBoost,Feb-Apr
2019-02-13,2018,1.4514123716218148,1.5003913640975952,T_north_deep,M3_XGBoost,Feb-Apr
2019-02-18,2018,5.017987215272167,4.131465911865234,T_north_deep,M3_XGBoost,Feb-Apr
2019-02-23,2018,2.2543928506063073,2.3506715297698975,T_north_deep,M3_XGBoost,Feb-Apr
2019-02-28,2018,2.2239778731104867,2.197327136993408,T_north_deep,M3_XGBoost,Feb-Apr
2019-03-05,2018,3.1366637245181836,3.0006041526794434,T_north_deep,M3_XGBoost,Feb-Apr
2019-03-10,2018,2.419588038197314,2.532759666442871,T_north_deep,M3_XGBoost,Feb-Apr
2019-03-15,2018,2.342505175380539,2.4260289669036865,T_north_deep,M3_XGBoost,Feb-Apr
2019-03-20,2018,2.655319175771395,2.441108226776123,T_north_deep,M3_XGBoost,Feb-Apr
2019-03-25,2018,3.600592832517015,3.03865909576416,T_north_deep,M3_XGBoost,Feb-Apr
2019-03-30,2018,2.739253982894376,2.839308738708496,T_north_deep,M3_XGBoost,Feb-Apr
2019-04-04,2018,2.788808685013992,2.5425703525543213,T_north_deep,M3_XGBoost,Feb-Apr
2019-04-09,2018,2.7451361213912513,2.883265972137451,T_north_deep,M3_XGBoost,Feb-Apr
2019-09-26,2019,2.3317325348347056,2.129972219467163,T_north_deep,M3_XGBoost,May-Oct
2019-10-16,2019,1.1611287328846778,1.1210569143295288,T_north_deep,M3_XGBoost,May-Oct
2019-10-21,2019,1.9865463956965626,1.8039264678955078,T_north_deep,M3_XGBoost,May-Oct
2019-10-31,2019,3.344995386094514,2.4403436183929443,T_north_deep,M3_XGBoost,May-Oct
2019-11-05,2019,1.8823967448837051,2.132330894470215,T_north_deep,M3_XGBoost,Nov-Jan
2019-11-15,2019,2.5067562814010693,2.3302290439605713,T_north_deep,M3_XGBoost,Nov-Jan
2019-11-20,2019,2.4703598162028113,1.2611682415008545,T_north_deep,M3_XGBoost,Nov-Jan
2019-11-25,2019,1.9202751896587318,1.6262106895446777,T_north_deep,M3_XGBoost,Nov-Jan
2019-11-30,2019,1.1695123589945913,1.230063796043396,T_north_deep,M3_XGBoost,Nov-Jan
2019-12-05,2019,0.9189957070981932,0.995890200138092,T_north_deep,M3_XGBoost,Nov-Jan
2019-12-10,2019,1.8335862502137699,1.9975556135177612,T_north_deep,M3_XGBoost,Nov-Jan
2019-12-15,2019,2.121032083787348,2.122436285018921,T_north_deep,M3_XGBoost,Nov-Jan
2019-12-20,2019,2.18515533638868,2.658857822418213,T_north_deep,M3_XGBoost,Nov-Jan
2019-12-25,2019,1.920275189658732,1.8678663969039917,T_north_deep,M3_XGBoost,Nov-Jan
2019-12-30,2019,1.9571864942767565,2.0134670734405518,T_north_deep,M3_XGBoost,Nov-Jan
2020-01-09,2019,1.4969979446468649,1.5775281190872192,T_north_deep,M3_XGBoost,Nov-Jan
2020-01-14,2019,1.4246029991483433,1.589031457901001,T_north_deep,M3_XGBoost,Nov-Jan
2020-01-19,2019,0.9893088127310604,1.7461106777191162,T_north_deep,M3_XGBoost,Nov-Jan
2020-01-24,2019,5.258986762419539,4.341860771179199,T_north_deep,M3_XGBoost,Nov-Jan
2020-01-29,2019,3.933818979171583,3.222928524017334,T_north_deep,M3_XGBoost,Nov-Jan
2020-02-03,2019,2.5001889722021087,2.5567467212677,T_north_deep,M3_XGBoost,Feb-Apr
2020-02-08,2019,2.083785398473268,2.37697696685791,T_north_deep,M3_XGBoost,Feb-Apr
2020-02-13,2019,3.8094289453866685,3.0242559909820557,T_north_deep,M3_XGBoost,Feb-Apr
2020-02-18,2019,2.6583704561532135,3.1868696212768555,T_north_deep,M3_XGBoost,Feb-Apr
2020-02-23,2019,2.216286423709053,2.243773937225342,T_north_deep,M3_XGBoost,Feb-Apr
2020-02-28,2019,2.324514014164842,2.3419482707977295,T_north_deep,M3_XGBoost,Feb-Apr
2020-03-04,2019,2.2506210318300486,2.229132652282715,T_north_deep,M3_XGBoost,Feb-Apr
2020-03-09,2019,2.398887196539964,2.3028039932250977,T_north_deep,M3_XGBoost,Feb-Apr
2020-03-14,2019,2.7392539828943736,2.718487501144409,T_north_deep,M3_XGBoost,Feb-Apr
2020-03-24,2019,2.7859209003031182,3.2980215549468994,T_north_deep,M3_XGBoost,Feb-Apr
2020-11-09,2020,1.6590687945009603,1.1632392406463623,T_north_deep,M3_XGBoost,Nov-Jan
2020-11-14,2020,1.6980117466390223,1.531531572341919,T_north_deep,M3_XGBoost,Nov-Jan
2020-11-19,2020,4.8507967527492095,4.695964813232422,T_north_deep,M3_XGBoost,Nov-Jan
2020-11-24,2020,1.98873838646434,1.9937231540679932,T_north_deep,M3_XGBoost,Nov-Jan
2020-11-29,2020,1.0647521605221562,1.260635495185852,T_north_deep,M3_XGBoost,Nov-Jan
2020-12-09,2020,4.929316018631009,4.420543193817139,T_north_deep,M3_XGBoost,Nov-Jan
2020-12-14,2020,2.133253554676883,1.7433494329452515,T_north_deep,M3_XGBoost,Nov-Jan
2020-12-19,2020,2.694668158623292,2.2639920711517334,T_north_deep,M3_XGBoost,Nov-Jan
2020-12-24,2020,1.772673880139067,1.9247069358825684,T_north_deep,M3_XGBoost,Nov-Jan
2021-01-03,2020,1.993191458413503,1.5240514278411865,T_north_deep,M3_XGBoost,Nov-Jan
2021-01-08,2020,1.2926355016211502,1.3764241933822632,T_north_deep,M3_XGBoost,Nov-Jan
2021-01-13,2020,2.4298523696819783,2.2508668899536133,T_north_deep,M3_XGBoost,Nov-Jan
2021-01-18,2020,2.071168596973847,2.03047251701355,T_north_deep,M3_XGBoost,Nov-Jan
2021-01-23,2020,2.7888086850139926,3.3696670532226562,T_north_deep,M3_XGBoost,Nov-Jan
2021-01-28,2020,2.0753856795352243,2.0925960540771484,T_north_deep,M3_XGBoost,Nov-Jan
2021-02-02,2020,2.1534153696352965,2.439492702484131,T_north_deep,M3_XGBoost,Feb-Apr
2021-02-07,2020,2.5585315803515423,2.517746925354004,T_north_deep,M3_XGBoost,Feb-Apr
2021-02-12,2020,2.4434514165787675,2.2153167724609375,T_north_deep,M3_XGBoost,Feb-Apr
2021-02-17,2020,2.5521316755884307,2.256887674331665,T_north_deep,M3_XGBoost,Feb-Apr
2021-02-22,2020,2.054183453072105,2.189650535583496,T_north_deep,M3_XGBoost,Feb-Apr
2021-03-04,2020,2.788808685013992,2.596497058868408,T_north_deep,M3_XGBoost,Feb-Apr
2021-03-09,2020,2.9566692417429965,3.4592654705047607,T_north_deep,M3_XGBoost,Feb-Apr
2021-03-14,2020,4.632346768656307,3.61618709564209,T_north_deep,M3_XGBoost,Feb-Apr
2021-03-24,2020,2.721520580427187,3.2634506225585938,T_north_deep,M3_XGBoost,Feb-Apr
2021-10-10,2021,3.0840667446286996,2.7675421237945557,T_north_deep,M3_XGBoost,May-Oct
2021-10-30,2021,2.045619568825272,1.8854445219039917,T_north_deep,M3_XGBoost,May-Oct
2021-11-09,2021,0.8874881752700144,1.2954018115997314,T_north_deep,M3_XGBoost,Nov-Jan
2021-11-19,2021,1.4246029991483433,1.3869915008544922,T_north_deep,M3_XGBoost,Nov-Jan
2021-11-24,2021,0.8874881752700142,1.0366404056549072,T_north_deep,M3_XGBoost,Nov-Jan
2021-11-29,2021,1.5594124592509229,1.7358447313308716,T_north_deep,M3_XGBoost,Nov-Jan
2021-12-09,2021,2.079591252001898,1.355627417564392,T_north_deep,M3_XGBoost,Nov-Jan
2021-12-14,2021,2.2046815986789636,1.7194938659667969,T_north_deep,M3_XGBoost,Nov-Jan
2021-12-19,2021,1.0463453367843776,1.1157206296920776,T_north_deep,M3_XGBoost,Nov-Jan
2021-12-24,2021,2.096300187494259,2.232642650604248,T_north_deep,M3_XGBoost,Nov-Jan
2021-12-29,2021,2.010871553787599,1.7747951745986938,T_north_deep,M3_XGBoost,Nov-Jan
2022-01-08,2021,0.8329554767263887,1.00893235206604,T_north_deep,M3_XGBoost,Nov-Jan
2022-01-18,2021,1.333253317363284,1.5994104146957397,T_north_deep,M3_XGBoost,Nov-Jan
2022-01-23,2021,2.1812217532669282,1.9797002077102661,T_north_deep,M3_XGBoost,Nov-Jan
2022-02-07,2021,2.3884485994922264,2.5824341773986816,T_north_deep,M3_XGBoost,Feb-Apr
2022-02-12,2021,4.835113364743515,4.679635524749756,T_north_deep,M3_XGBoost,Feb-Apr
2022-02-17,2021,2.516566567668518,2.4598445892333984,T_north_deep,M3_XGBoost,Feb-Apr
2022-02-22,2021,2.3063361092878694,2.316196918487549,T_north_deep,M3_XGBoost,Feb-Apr
2022-02-27,2021,1.4776621869809579,1.6370493173599243,T_north_deep,M3_XGBoost,Feb-Apr
2022-03-04,2021,1.9931914584135033,2.095059394836426,T_north_deep,M3_XGBoost,Feb-Apr
2022-03-09,2021,2.3208936412642553,2.3208014965057373,T_north_deep,M3_XGBoost,Feb-Apr
2022-03-14,2021,2.3026776796712713,2.5385279655456543,T_north_deep,M3_XGBoost,Feb-Apr
2022-03-19,2021,2.4161538913515264,2.453141689300537,T_north_deep,M3_XGBoost,Feb-Apr
2022-03-24,2021,2.5328102925434903,2.5280678272247314,T_north_deep,M3_XGBoost,Feb-Apr
2022-08-31,2022,2.2468408648819578,1.673420786857605,T_north_deep,M3_XGBoost,May-Oct
2022-10-05,2022,2.1851553363886795,2.5733139514923096,T_north_deep,M3_XGBoost,May-Oct
2022-10-10,2022,1.3902613095226497,1.544642686843872,T_north_deep,M3_XGBoost,May-Oct
2022-10-15,2022,2.7480718958623855,2.7594995498657227,T_north_deep,M3_XGBoost,May-Oct
2022-10-20,2022,0.7276213558834279,1.184051752090454,T_north_deep,M3_XGBoost,May-Oct
2022-10-30,2022,2.2316337617538733,2.366704225540161,T_north_deep,M3_XGBoost,May-Oct
2022-11-04,2022,4.512844739684102,3.0211949348449707,T_north_deep,M3_XGBoost,Nov-Jan
2022-11-09,2022,2.4535866104385566,2.3722615242004395,T_north_deep,M3_XGBoost,Nov-Jan
2022-11-14,2022,1.559412459250925,1.7530776262283325,T_north_deep,M3_XGBoost,Nov-Jan
2022-11-24,2022,2.3389215507101575,2.332993984222412,T_north_deep,M3_XGBoost,Nov-Jan
2022-12-04,2022,1.6925175033948716,1.7416352033615112,T_north_deep,M3_XGBoost,Nov-Jan
2022-12-09,2022,1.2266022705533155,1.0185725688934326,T_north_deep,M3_XGBoost,Nov-Jan
2022-12-14,2022,2.709624131526501,2.7202844619750977,T_north_deep,M3_XGBoost,Nov-Jan
2022-12-24,2022,3.1934975128003362,4.064574241638184,T_north_deep,M3_XGBoost,Nov-Jan
2022-12-29,2022,3.2860169775256938,2.807573080062866,T_north_deep,M3_XGBoost,Nov-Jan
2023-01-03,2022,1.9014609296543865,1.8739031553268433,T_north_deep,M3_XGBoost,Nov-Jan
2023-01-08,2022,3.099589224462857,3.616795301437378,T_north_deep,M3_XGBoost,Nov-Jan
2023-01-13,2022,1.3405253551496452,1.5532735586166382,T_north_deep,M3_XGBoost,Nov-Jan
2023-01-18,2022,5.106718137781563,4.648641109466553,T_north_deep,M3_XGBoost,Nov-Jan
2023-01-23,2022,1.7932770477689097,2.064161539077759,T_north_deep,M3_XGBoost,Nov-Jan
2023-01-28,2022,2.5295721138793477,2.392118215560913,T_north_deep,M3_XGBoost,Nov-Jan
2023-02-02,2022,2.4801655567558507,2.1398308277130127,T_north_deep,M3_XGBoost,Feb-Apr
2023-02-07,2022,2.3744367648760654,2.5040483474731445,T_north_deep,M3_XGBoost,Feb-Apr
2023-02-12,2022,2.3389215507101584,2.458822250366211,T_north_deep,M3_XGBoost,Feb-Apr
2023-02-17,2022,2.4968970147440244,2.477433204650879,T_north_deep,M3_XGBoost,Feb-Apr
2023-02-22,2022,2.700662128520771,3.2086687088012695,T_north_deep,M3_XGBoost,Feb-Apr
2023-02-27,2022,1.957186494276762,2.168958902359009,T_north_deep,M3_XGBoost,Feb-Apr
2023-03-04,2022,2.1890792637674643,2.30379581451416,T_north_deep,M3_XGBoost,Feb-Apr
2023-03-09,2022,2.3425051753805413,2.6371712684631348,T_north_deep,M3_XGBoost,Feb-Apr
2023-03-14,2022,2.4264372396815133,2.40512752532959,T_north_deep,M3_XGBoost,Feb-Apr
2023-03-29,2022,2.6152622021781005,2.6285178661346436,T_north_deep,M3_XGBoost,Feb-Apr
2023-09-25,2023,2.365606402845053,2.618008852005005,T_north_deep,M3_XGBoost,May-Oct
2023-10-10,2023,2.227810304324789,2.745781660079956,T_north_deep,M3_XGBoost,May-Oct
2023-10-15,2023,2.633841219951272,2.845094919204712,T_north_deep,M3_XGBoost,May-Oct
2023-10-20,2023,1.1611287328846793,1.2790173292160034,T_north_deep,M3_XGBoost,May-Oct
2023-10-30,2023,1.3691907744394476,1.6802973747253418,T_north_deep,M3_XGBoost,May-Oct
2023-11-09,2023,2.265657643773826,2.3121347427368164,T_north_deep,M3_XGBoost,Nov-Jan
2023-11-14,2023,1.6647023400954741,1.7627842426300049,T_north_deep,M3_XGBoost,Nov-Jan
2023-11-19,2023,1.1182964657291863,2.0849781036376953,T_north_deep,M3_XGBoost,Nov-Jan
2023-11-24,2023,1.1182964657291856,1.0379176139831543,T_north_deep,M3_XGBoost,Nov-Jan
2023-12-09,2023,2.35321252281213,2.5810258388519287,T_north_deep,M3_XGBoost,Nov-Jan
2023-12-14,2023,2.192993892309863,2.185528516769409,T_north_deep,M3_XGBoost,Nov-Jan
2023-12-19,2023,1.6072565079379497,1.5995545387268066,T_north_deep,M3_XGBoost,Nov-Jan
2023-12-24,2023,1.3832774858614107,1.4843991994857788,T_north_deep,M3_XGBoost,Nov-Jan
2023-12-29,2023,1.9752986418145566,2.11021089553833,T_north_deep,M3_XGBoost,Nov-Jan
2024-01-03,2023,0.810385291314469,1.06925630569458,T_north_deep,M3_XGBoost,Nov-Jan
2024-01-08,2023,2.1653913073386644,1.821623682975769,T_north_deep,M3_XGBoost,Nov-Jan
2024-01-13,2023,2.1653913073386644,2.2906835079193115,T_north_deep,M3_XGBoost,Nov-Jan
2024-01-18,2023,2.2468408648819587,2.196795701980591,T_north_deep,M3_XGBoost,Nov-Jan
2024-01-23,2023,1.3549414983779464,1.8442426919937134,T_north_deep,M3_XGBoost,Nov-Jan
2024-01-28,2023,2.208558936101672,2.2861223220825195,T_north_deep,M3_XGBoost,Nov-Jan
2024-02-02,2023,2.539271201194445,2.422445058822632,T_north_deep,M3_XGBoost,Feb-Apr
2024-02-07,2023,4.295413809319986,4.617312908172607,T_north_deep,M3_XGBoost,Feb-Apr
2024-02-17,2023,4.600406533307639,4.638320446014404,T_north_deep,M3_XGBoost,Feb-Apr
2024-02-22,2023,2.545711665195702,2.39695405960083,T_north_deep,M3_XGBoost,Feb-Apr
2024-02-27,2023,2.7185520658950573,2.7221908569335938,T_north_deep,M3_XGBoost,Feb-Apr
2024-03-03,2023,2.5360433921524597,2.5266339778900146,T_north_deep,M3_XGBoost,Feb-Apr
2024-03-08,2023,2.450214271759892,2.504697322845459,T_north_deep,M3_XGBoost,Feb-Apr
2024-03-13,2023,2.398887196539965,2.333528518676758,T_north_deep,M3_XGBoost,Feb-Apr
2024-03-18,2023,2.204681598678968,2.430067300796509,T_north_deep,M3_XGBoost,Feb-Apr
2024-03-28,2023,2.4569531041255632,2.491393566131592,T_north_deep,M3_XGBoost,Feb-Apr
2024-04-12,2023,2.6090333679956172,3.400973320007324,T_north_deep,M3_XGBoost,Feb-Apr
2024-04-27,2023,2.721520580427187,3.2973058223724365,T_north_deep,M3_XGBoost,Feb-Apr
2024-05-12,2024,2.1812217532669265,2.043609857559204,T_north_deep,M3_XGBoost,May-Oct
2024-09-19,2024,1.4905853851864121,2.1514272689819336,T_north_deep,M3_XGBoost,May-Oct
2024-09-29,2024,2.360315323718103,2.1049509048461914,T_north_deep,M3_XGBoost,May-Oct
2024-10-09,2024,1.9571864942767616,2.0229432582855225,T_north_deep,M3_XGBoost,May-Oct
2024-10-14,2024,2.2619111016918154,2.086186408996582,T_north_deep,M3_XGBoost,May-Oct
2024-10-19,2024,3.970104465911915,2.926638126373291,T_north_deep,M3_XGBoost,May-Oct
2024-10-29,2024,4.122837224329954,3.7090234756469727,T_north_deep,M3_XGBoost,May-Oct
2017-01-09,2016,0.8767891386490771,0.6262356077340819,T_east_deep,M0_Ratio,Nov-Jan
2017-02-08,2016,1.993191458413503,2.0449888080214587,T_east_deep,M0_Ratio,Feb-Apr
2017-02-18,2016,2.0020576739088645,2.0264667900654874,T_east_deep,M0_Ratio,Feb-Apr
2017-10-16,2017,-0.23325897917895055,-0.8864836240289931,T_east_deep,M0_Ratio,May-Oct
2017-11-05,2017,1.5533058248100804,1.0324274989302356,T_east_deep,M0_Ratio,Nov-Jan
2017-11-10,2017,1.2657784150253804,1.0816828995353696,T_east_deep,M0_Ratio,Nov-Jan
2017-11-30,2017,0.4017260747428002,0.37180000184928375,T_east_deep,M0_Ratio,Nov-Jan
2017-12-15,2017,1.6072565079379502,1.7335618560413275,T_east_deep,M0_Ratio,Nov-Jan
2017-12-20,2017,0.40172607474280164,0.32887235742104204,T_east_deep,M0_Ratio,Nov-Jan
2017-12-30,2017,0.8874881752700156,0.7863479494375212,T_east_deep,M0_Ratio,Nov-Jan
2018-01-04,2017,2.137306440850009,2.212973636251672,T_east_deep,M0_Ratio,Nov-Jan
2018-01-09,2017,1.993191458413503,2.3326382297986084,T_east_deep,M0_Ratio,Nov-Jan
2018-01-19,2017,0.8659884873250365,0.9273771644617524,T_east_deep,M0_Ratio,Nov-Jan
2018-01-29,2017,1.9887383864643395,2.2734686957354397,T_east_deep,M0_Ratio,Nov-Jan
2018-02-13,2017,1.8135775692475011,1.7246980310106417,T_east_deep,M0_Ratio,Feb-Apr
2018-02-23,2017,2.542493989333495,2.5725712922165607,T_east_deep,M0_Ratio,Feb-Apr
2018-03-05,2017,2.5067562814010698,2.5419036908915853,T_east_deep,M0_Ratio,Feb-Apr
2018-03-10,2017,2.395414239728545,2.3695271885449,T_east_deep,M0_Ratio,Feb-Apr
2018-04-09,2017,1.9434541419573166,2.173474633890537,T_east_deep,M0_Ratio,Feb-Apr
2018-10-16,2018,1.80346444479513,1.843913657587494,T_east_deep,M0_Ratio,May-Oct
2018-11-25,2018,1.3332533173632863,1.4563486586794834,T_east_deep,M0_Ratio,Nov-Jan
2018-11-30,2018,1.1182964657291856,0.8022402997062301,T_east_deep,M0_Ratio,Nov-Jan
2018-12-10,2018,0.690187213318769,0.7041440150613816,T_east_deep,M0_Ratio,Nov-Jan
2018-12-25,2018,1.8703519006732447,1.7102929928838617,T_east_deep,M0_Ratio,Nov-Jan
2018-12-30,2018,1.5954593947706166,1.7376193323243172,T_east_deep,M0_Ratio,Nov-Jan
2019-01-04,2018,0.9696542244231181,1.1008504192873105,T_east_deep,M0_Ratio,Nov-Jan
2019-01-09,2018,1.8385441156148232,1.8177465164327533,T_east_deep,M0_Ratio,Nov-Jan
2019-01-19,2018,2.483673743790701,2.6173880650969035,T_east_deep,M0_Ratio,Nov-Jan
2019-01-24,2018,1.5654903466681958,1.6463084168923177,T_east_deep,M0_Ratio,Nov-Jan
2019-01-29,2018,4.451607812607238,4.477976881436423,T_east_deep,M0_Ratio,Nov-Jan
2019-02-03,2018,1.8630742681758887,1.8656840421893173,T_east_deep,M0_Ratio,Feb-Apr
2019-02-08,2018,1.0276430097007923,0.9917313233375684,T_east_deep,M0_Ratio,Feb-Apr
2019-02-13,2018,1.4841402604946674,1.4846248339169108,T_east_deep,M0_Ratio,Feb-Apr
2019-02-18,2018,5.2670337258881945,4.741268020745982,T_east_deep,M0_Ratio,Feb-Apr
2019-02-23,2018,2.220136694773719,2.4204227336075474,T_east_deep,M0_Ratio,Feb-Apr
2019-02-28,2018,2.071168596973845,2.1586453554559513,T_east_deep,M0_Ratio,Feb-Apr
2019-03-05,2018,3.5494460865400184,3.379708680792364,T_east_deep,M0_Ratio,Feb-Apr
2019-03-10,2018,2.384955706033316,2.376946044781267,T_east_deep,M0_Ratio,Feb-Apr
2019-03-15,2018,2.328127052885646,2.4988628838033744,T_east_deep,M0_Ratio,Feb-Apr
2019-03-20,2018,2.363856040773931,2.4442406491802777,T_east_deep,M0_Ratio,Feb-Apr
2019-03-25,2018,3.1585503998292053,2.9201722193103388,T_east_deep,M0_Ratio,Feb-Apr
2019-03-30,2018,2.7801352995591704,3.2209654502589187,T_east_deep,M0_Ratio,Feb-Apr
2019-04-04,2018,2.7714317667939663,2.585056781872085,T_east_deep,M0_Ratio,Feb-Apr
2019-04-09,2018,3.5164598404014495,2.6405794717007227,T_east_deep,M0_Ratio,Feb-Apr
2019-09-26,2019,2.071168596973847,2.0691131743651963,T_east_deep,M0_Ratio,May-Oct
2019-10-16,2019,0.4181083185135382,0.01132047166346016,T_east_deep,M0_Ratio,May-Oct
2019-10-21,2019,1.777853619275688,1.2729172919436023,T_east_deep,M0_Ratio,May-Oct
2019-10-31,2019,2.1169371248223676,2.0328853392628936,T_east_deep,M0_Ratio,May-Oct
2019-11-05,2019,1.9014609296543863,1.773427367171926,T_east_deep,M0_Ratio,Nov-Jan
2019-11-15,2019,1.3037250825172928,1.814685609329572,T_east_deep,M0_Ratio,Nov-Jan
2019-11-20,2019,1.458026213317959,0.9421115377029672,T_east_deep,M0_Ratio,Nov-Jan
2019-11-25,2019,1.8034644447951313,1.4336949080820347,T_east_deep,M0_Ratio,Nov-Jan
2019-11-30,2019,1.2105672467471147,0.8299393983981223,T_east_deep,M0_Ratio,Nov-Jan
2019-12-05,2019,0.9596997459300435,0.6740067284997685,T_east_deep,M0_Ratio,Nov-Jan
2019-12-10,2019,1.9155945946982431,1.8174639041368903,T_east_deep,M0_Ratio,Nov-Jan
2019-12-15,2019,1.979792125423734,1.8418124553899538,T_east_deep,M0_Ratio,Nov-Jan
2019-12-20,2019,2.2201366947737204,2.4374918293736125,T_east_deep,M0_Ratio,Nov-Jan
2019-12-25,2019,1.5223299759990365,1.724629793583353,T_east_deep,M0_Ratio,Nov-Jan
2019-12-30,2019,1.8823967448837013,1.8620237526942827,T_east_deep,M0_Ratio,Nov-Jan
2020-01-09,2019,1.589520631314882,1.629108883406511,T_east_deep,M0_Ratio,Nov-Jan
2020-01-14,2019,1.6189480276640387,1.4526159817617486,T_east_deep,M0_Ratio,Nov-Jan
2020-01-19,2019,1.0276430097007925,1.154382154296624,T_east_deep,M0_Ratio,Nov-Jan
2020-01-24,2019,5.201709308815652,5.26630018559795,T_east_deep,M0_Ratio,Nov-Jan
2020-01-29,2019,4.296205003726959,4.28529589788758,T_east_deep,M0_Ratio,Nov-Jan
2020-02-03,2019,2.338921550710156,2.516822811309808,T_east_deep,M0_Ratio,Feb-Apr
2020-02-08,2019,2.2124272868301205,2.2683334755743614,T_east_deep,M0_Ratio,Feb-Apr
2020-02-13,2019,4.349628120374996,4.091353076998509,T_east_deep,M0_Ratio,Feb-Apr
2020-02-18,2019,2.703653257717317,2.7871043062861407,T_east_deep,M0_Ratio,Feb-Apr
2020-02-23,2019,2.2085589361016726,2.1334033404756108,T_east_deep,M0_Ratio,Feb-Apr
2020-02-28,2019,2.2990113568034336,2.41574524197286,T_east_deep,M0_Ratio,Feb-Apr
2020-03-04,2019,2.395414239728545,2.328164622193857,T_east_deep,M0_Ratio,Feb-Apr
2020-03-09,2019,2.227810304324791,2.18072754475303,T_east_deep,M0_Ratio,Feb-Apr
2020-03-14,2019,2.768523793500187,2.631984072735926,T_east_deep,M0_Ratio,Feb-Apr
2020-03-24,2019,2.828916100596651,2.7170080935350827,T_east_deep,M0_Ratio,Feb-Apr
2020-11-09,2020,1.1356160388213488,0.9266936249384063,T_east_deep,M0_Ratio,Nov-Jan
2020-11-14,2020,1.1778372499551961,0.6160685323212942,T_east_deep,M0_Ratio,Nov-Jan
2020-11-19,2020,4.818394115781765,4.865223585074955,T_east_deep,M0_Ratio,Nov-Jan
2020-11-24,2020,1.4246029991483422,1.700241047515937,T_east_deep,M0_Ratio,Nov-Jan
2020-11-29,2020,0.4812726643528476,0.7845788404519524,T_east_deep,M0_Ratio,Nov-Jan
2020-12-09,2020,5.05749167660184,5.037500063456764,T_east_deep,M0_Ratio,Nov-Jan
2020-12-14,2020,1.8135775692474982,1.7079699059906621,T_east_deep,M0_Ratio,Nov-Jan
2020-12-19,2020,2.1614092607748017,2.477107940430011,T_east_deep,M0_Ratio,Nov-Jan
2020-12-24,2020,1.8434844403745838,2.006076314688979,T_east_deep,M0_Ratio,Nov-Jan
2021-01-03,2020,1.6703119973762248,1.5834331402679895,T_east_deep,M0_Ratio,Nov-Jan
2021-01-08,2020,1.1861043063301773,1.1725545670494406,T_east_deep,M0_Ratio,Nov-Jan
2021-01-13,2020,2.3673899128250118,2.342889044613447,T_east_deep,M0_Ratio,Nov-Jan
2021-01-18,2020,1.9571864942767627,2.02257174803715,T_east_deep,M0_Ratio,Nov-Jan
2021-01-23,2020,3.0213008252446576,3.2071905604845004,T_east_deep,M0_Ratio,Nov-Jan
2021-01-28,2020,1.934226844330863,2.121077239633727,T_east_deep,M0_Ratio,Nov-Jan
2021-02-02,2020,2.0456195688252725,2.0956831676330885,T_east_deep,M0_Ratio,Feb-Apr
2021-02-07,2020,2.4869880404994955,2.6228563648298677,T_east_deep,M0_Ratio,Feb-Apr
2021-02-12,2020,2.30998696723167,2.4025742650363267,T_east_deep,M0_Ratio,Feb-Apr
2021-02-17,2020,2.1494033864658717,2.4026172353746356,T_east_deep,M0_Ratio,Feb-Apr
2021-02-22,2020,1.9752986418145608,2.125265753630859,T_east_deep,M0_Ratio,Feb-Apr
2021-03-04,2020,3.0514168520260787,2.4902025521621303,T_east_deep,M0_Ratio,Feb-Apr
2021-03-09,2020,2.7685237935001874,3.105302070829672,T_east_deep,M0_Ratio,Feb-Apr
2021-03-14,2020,4.58782446531803,4.430720937402682,T_east_deep,M0_Ratio,Feb-Apr
2021-03-24,2020,2.700662128520774,3.210383174459026,T_east_deep,M0_Ratio,Feb-Apr
2021-10-10,2021,2.59023728191204,2.2881635213337663,T_east_deep,M0_Ratio,May-Oct
2021-10-30,2021,1.3902613095226508,1.3506087260946604,T_east_deep,M0_Ratio,May-Oct
2021-11-09,2021,0.7638414915468463,0.584815575302602,T_east_deep,M0_Ratio,Nov-Jan
2021-11-19,2021,1.1778372499551946,0.5292594156124271,T_east_deep,M0_Ratio,Nov-Jan
2021-11-24,2021,0.677424231775276,0.33135383367282756,T_east_deep,M0_Ratio,Nov-Jan
2021-11-29,2021,1.5097268696597193,1.3444054567464876,T_east_deep,M0_Ratio,Nov-Jan
2021-12-09,2021,1.1695123589945906,1.1409815672553711,T_east_deep,M0_Ratio,Nov-Jan
2021-12-14,2021,1.7305143146387725,1.779432245053641,T_east_deep,M0_Ratio,Nov-Jan
2021-12-19,2021,0.6382303197421414,0.707986608560651,T_east_deep,M0_Ratio,Nov-Jan
2021-12-24,2021,1.8461206071584548,2.090139810468574,T_east_deep,M0_Ratio,Nov-Jan
2021-12-29,2021,1.929591191672946,1.94010515875266,T_east_deep,M0_Ratio,Nov-Jan
2022-01-08,2021,0.6113083434673001,0.5880167042989942,T_east_deep,M0_Ratio,Nov-Jan
2022-01-13,2021,2.0064711053035484,1.7434123348005923,T_east_deep,M0_Ratio,Nov-Jan
2022-01-18,2021,1.1441814877665057,1.4291755602373524,T_east_deep,M0_Ratio,Nov-Jan
2022-01-23,2021,2.0020576739088645,2.0250330154669673,T_east_deep,M0_Ratio,Nov-Jan
2022-02-07,2021,2.42643723968151,2.5938694246240157,T_east_deep,M0_Ratio,Feb-Apr
2022-02-12,2021,4.81712534010645,4.921017374660521,T_east_deep,M0_Ratio,Feb-Apr
2022-02-17,2021,2.384955706033313,2.494273328374569,T_east_deep,M0_Ratio,Feb-Apr
2022-02-22,2021,2.2354485886177637,2.2424816018047835,T_east_deep,M0_Ratio,Feb-Apr
2022-02-27,2021,1.5223299759990376,1.5767722055726177,T_east_deep,M0_Ratio,Feb-Apr
2022-03-04,2021,1.948045938157839,2.0714805163550913,T_east_deep,M0_Ratio,Feb-Apr
2022-03-09,2021,2.3709167191808733,2.394460056035051,T_east_deep,M0_Ratio,Feb-Apr
2022-03-14,2021,2.356767454903689,2.5169785939471834,T_east_deep,M0_Ratio,Feb-Apr
2022-03-19,2021,2.3919346773774808,2.4374322306499954,T_east_deep,M0_Ratio,Feb-Apr
2022-03-24,2021,2.5198258421069633,2.3472961157661745,T_east_deep,M0_Ratio,Feb-Apr
2022-08-31,2022,1.3185783613765398,1.232751129770441,T_east_deep,M0_Ratio,May-Oct
2022-10-05,2022,2.145381284717333,2.4137558854787886,T_east_deep,M0_Ratio,May-Oct
2022-10-10,2022,0.05391151590326198,-0.4238273379497839,T_east_deep,M0_Ratio,May-Oct
2022-10-15,2022,2.1574173045285,2.1974339000376553,T_east_deep,M0_Ratio,May-Oct
2022-10-20,2022,0.16240980244042832,0.5204907377993727,T_east_deep,M0_Ratio,May-Oct
2022-10-30,2022,1.7983801142568117,1.9199737108489847,T_east_deep,M0_Ratio,May-Oct
2022-11-09,2022,2.2619111016918163,2.1141827768828096,T_east_deep,M0_Ratio,Nov-Jan
2022-11-14,2022,0.8329554767263918,1.3148906242237444,T_east_deep,M0_Ratio,Nov-Jan
2022-11-24,2022,2.0837853984732684,2.123693230900432,T_east_deep,M0_Ratio,Nov-Jan
2022-12-04,2022,1.509726869659724,1.6657724100584368,T_east_deep,M0_Ratio,Nov-Jan
2022-12-09,2022,0.8217267647990584,0.6863573117712457,T_east_deep,M0_Ratio,Nov-Jan
2022-12-14,2022,2.5230799187395556,2.8241918450499512,T_east_deep,M0_Ratio,Nov-Jan
2022-12-24,2022,2.8186318447327667,4.182809389307229,T_east_deep,M0_Ratio,Nov-Jan
2022-12-29,2022,2.771431766793965,3.1851173144259888,T_east_deep,M0_Ratio,Nov-Jan
2023-01-03,2022,1.906187591922353,1.9256433113500733,T_east_deep,M0_Ratio,Nov-Jan
2023-01-08,2022,3.497243261946971,3.7002763095024314,T_east_deep,M0_Ratio,Nov-Jan
2023-01-13,2022,1.3620867219978743,1.520892267614791,T_east_deep,M0_Ratio,Nov-Jan
2023-01-18,2022,5.250904446610198,5.301131408166084,T_east_deep,M0_Ratio,Nov-Jan
2023-01-23,2022,1.877590691771639,2.1498622043197337,T_east_deep,M0_Ratio,Nov-Jan
2023-01-28,2022,2.360315323718102,2.514506887147585,T_east_deep,M0_Ratio,Nov-Jan
2023-02-02,2022,2.2768481387778947,2.1732714232923707,T_east_deep,M0_Ratio,Feb-Apr
2023-02-07,2022,2.4092665719191686,2.5727803710630934,T_east_deep,M0_Ratio,Feb-Apr
2023-02-12,2022,2.4058133231772354,2.4917162128370984,T_east_deep,M0_Ratio,Feb-Apr
2023-02-17,2022,2.4670168588951276,2.6225603076309008,T_east_deep,M0_Ratio,Feb-Apr
2023-02-22,2022,3.6073331974017138,3.6355501841015725,T_east_deep,M0_Ratio,Feb-Apr
2023-02-27,2022,2.002057673908864,2.090401452051686,T_east_deep,M0_Ratio,Feb-Apr
2023-03-04,2022,2.181221753266929,2.4176545002417744,T_east_deep,M0_Ratio,Feb-Apr
2023-03-09,2022,2.2842677753981953,2.5087688033170057,T_east_deep,M0_Ratio,Feb-Apr
2023-03-14,2022,2.624571557551717,2.4178703337719853,T_east_deep,M0_Ratio,Feb-Apr
2023-03-29,2022,2.655319175771395,2.6342404110925166,T_east_deep,M0_Ratio,Feb-Apr
2023-09-15,2023,3.7460538323194994,2.696687334634912,T_east_deep,M0_Ratio,May-Oct
2023-09-25,2023,2.243052012318523,2.1898591326345236,T_east_deep,M0_Ratio,May-Oct
2023-10-10,2023,2.3099869672316715,2.218654842215747,T_east_deep,M0_Ratio,May-Oct
2023-10-15,2023,2.1251164124266393,2.3635224907790957,T_east_deep,M0_Ratio,May-Oct
2023-10-20,2023,0.14157879233569817,0.05410124284547591,T_east_deep,M0_Ratio,May-Oct
2023-10-30,2023,0.7152824574703837,1.0728751100381346,T_east_deep,M0_Ratio,May-Oct
2023-11-09,2023,2.1614092607748026,2.1487903451022436,T_east_deep,M0_Ratio,Nov-Jan
2023-11-14,2023,1.5160439702574908,1.4891646085746915,T_east_deep,M0_Ratio,Nov-Jan
2023-11-19,2023,1.0370317670132019,1.8024471126824333,T_east_deep,M0_Ratio,Nov-Jan
2023-11-24,2023,0.887488175270015,0.49802852275491727,T_east_deep,M0_Ratio,Nov-Jan
2023-12-09,2023,2.0370071077376535,2.3717513431573347,T_east_deep,M0_Ratio,Nov-Jan
2023-12-14,2023,1.8727683544109721,1.988634678492372,T_east_deep,M0_Ratio,Nov-Jan
2023-12-19,2023,1.4514123716218157,1.4390717259160277,T_east_deep,M0_Ratio,Nov-Jan
2023-12-24,2023,1.3477545606332764,1.4224734480221917,T_east_deep,M0_Ratio,Nov-Jan
2023-12-29,2023,1.9480459381578394,2.1019984616122893,T_east_deep,M0_Ratio,Nov-Jan
2024-01-03,2023,0.7638414915468454,0.7376554481837243,T_east_deep,M0_Ratio,Nov-Jan
2024-01-08,2023,1.6013713319024565,1.742442096065042,T_east_deep,M0_Ratio,Nov-Jan
2024-01-13,2023,2.161409260774804,2.2113840555392756,T_east_deep,M0_Ratio,Nov-Jan
2024-01-18,2023,2.2990113568034336,2.33632246446503,T_east_deep,M0_Ratio,Nov-Jan
2024-01-23,2023,1.3620867219978763,1.6720765615760944,T_east_deep,M0_Ratio,Nov-Jan
2024-01-28,2023,2.3638560407739293,2.1903631827655894,T_east_deep,M0_Ratio,Nov-Jan
2024-02-02,2023,2.5489241379712477,2.626210790787049,T_east_deep,M0_Ratio,Feb-Apr
2024-02-07,2023,4.6771499131793535,4.563180966310266,T_east_deep,M0_Ratio,Feb-Apr
2024-02-12,2023,4.448421734835693,4.003473848848454,T_east_deep,M0_Ratio,Feb-Apr
2024-02-17,2023,4.788200002329205,4.838288453374514,T_east_deep,M0_Ratio,Feb-Apr
2024-02-22,2023,2.5712719689972947,2.5568116374943184,T_east_deep,M0_Ratio,Feb-Apr
2024-02-27,2023,2.724485267868215,2.670958738240827,T_east_deep,M0_Ratio,Feb-Apr
2024-03-03,2023,2.6614176855953544,2.7015471653154632,T_east_deep,M0_Ratio,Feb-Apr
2024-03-08,2023,2.503475302302544,2.5685736447463903,T_east_deep,M0_Ratio,Feb-Apr
2024-03-13,2023,2.3884485994922238,2.3960538638112765,T_east_deep,M0_Ratio,Feb-Apr
2024-03-18,2023,2.2007949240513405,2.3401329336571095,T_east_deep,M0_Ratio,Feb-Apr
2024-03-28,2023,2.605912259605281,2.5785710037382255,T_east_deep,M0_Ratio,Feb-Apr
2024-04-12,2023,2.751004020241878,3.2443132842393605,T_east_deep,M0_Ratio,Feb-Apr
2024-04-27,2023,2.6461398914452667,2.528587211427602,T_east_deep,M0_Ratio,Feb-Apr
2024-05-12,2024,2.054183453072109,1.613384761765286,T_east_deep,M0_Ratio,May-Oct
2024-09-19,2024,0.7873541885218405,1.2976013800796617,T_east_deep,M0_Ratio,May-Oct
2024-09-29,2024,2.0963001874942586,1.8036971754920357,T_east_deep,M0_Ratio,May-Oct
2024-10-09,2024,1.2886884007267578,1.3134559935725458,T_east_deep,M0_Ratio,May-Oct
2024-10-14,2024,1.872768354410968,1.787726860882524,T_east_deep,M0_Ratio,May-Oct
2024-10-19,2024,4.208694400851384,2.446194046606936,T_east_deep,M0_Ratio,May-Oct
2024-10-29,2024,2.739253982894373,3.2306040291795273,T_east_deep,M0_Ratio,May-Oct
2017-01-09,2016,0.8767891386490771,0.6992864672618366,T_east_deep,M1_Ridge,Nov-Jan
2017-02-08,2016,1.993191458413503,2.0211107786827003,T_east_deep,M1_Ridge,Feb-Apr
2017-02-18,2016,2.0020576739088645,1.9990896919926457,T_east_deep,M1_Ridge,Feb-Apr
2017-10-16,2017,-0.23325897917895055,-0.44356564485320105,T_east_deep,M1_Ridge,May-Oct
2017-11-05,2017,1.5533058248100804,1.3353234948035297,T_east_deep,M1_Ridge,Nov-Jan
2017-11-10,2017,1.2657784150253804,1.298805663004789,T_east_deep,M1_Ridge,Nov-Jan
2017-11-30,2017,0.4017260747428002,0.47600877104978,T_east_deep,M1_Ridge,Nov-Jan
2017-12-15,2017,1.6072565079379502,1.6025445329830277,T_east_deep,M1_Ridge,Nov-Jan
2017-12-20,2017,0.40172607474280164,0.4303831630968047,T_east_deep,M1_Ridge,Nov-Jan
2017-12-30,2017,0.8874881752700156,0.8728419836514798,T_east_deep,M1_Ridge,Nov-Jan
2018-01-04,2017,2.137306440850009,1.4338679026987253,T_east_deep,M1_Ridge,Nov-Jan
2018-01-09,2017,1.993191458413503,2.1970162018699098,T_east_deep,M1_Ridge,Nov-Jan
2018-01-19,2017,0.8659884873250365,0.9553134499122768,T_east_deep,M1_Ridge,Nov-Jan
2018-01-29,2017,1.9887383864643395,2.2141683586738727,T_east_deep,M1_Ridge,Nov-Jan
2018-02-13,2017,1.8135775692475011,1.6877312459846672,T_east_deep,M1_Ridge,Feb-Apr
2018-02-23,2017,2.542493989333495,2.602091193342157,T_east_deep,M1_Ridge,Feb-Apr
2018-03-05,2017,2.5067562814010698,2.7003901450668533,T_east_deep,M1_Ridge,Feb-Apr
2018-03-10,2017,2.395414239728545,2.261031732201516,T_east_deep,M1_Ridge,Feb-Apr
2018-04-09,2017,1.9434541419573166,2.425678583759963,T_east_deep,M1_Ridge,Feb-Apr
2018-10-16,2018,1.80346444479513,0.7674023109443888,T_east_deep,M1_Ridge,May-Oct
2018-11-25,2018,1.3332533173632863,1.58813374708733,T_east_deep,M1_Ridge,Nov-Jan
2018-11-30,2018,1.1182964657291856,0.9073696384105916,T_east_deep,M1_Ridge,Nov-Jan
2018-12-10,2018,0.690187213318769,0.8412038945935365,T_east_deep,M1_Ridge,Nov-Jan
2018-12-25,2018,1.8703519006732447,1.817936487920057,T_east_deep,M1_Ridge,Nov-Jan
2018-12-30,2018,1.5954593947706166,1.711642745919388,T_east_deep,M1_Ridge,Nov-Jan
2019-01-04,2018,0.9696542244231181,1.073611009510702,T_east_deep,M1_Ridge,Nov-Jan
2019-01-09,2018,1.8385441156148232,1.774209643254016,T_east_deep,M1_Ridge,Nov-Jan
2019-01-19,2018,2.483673743790701,2.5482010197354077,T_east_deep,M1_Ridge,Nov-Jan
2019-01-24,2018,1.5654903466681958,1.793977527966074,T_east_deep,M1_Ridge,Nov-Jan
2019-01-29,2018,4.451607812607238,4.065593658649837,T_east_deep,M1_Ridge,Nov-Jan
2019-02-03,2018,1.8630742681758887,1.816363107322736,T_east_deep,M1_Ridge,Feb-Apr
2019-02-08,2018,1.0276430097007923,1.100342590489398,T_east_deep,M1_Ridge,Feb-Apr
2019-02-13,2018,1.4841402604946674,1.4936845327509407,T_east_deep,M1_Ridge,Feb-Apr
2019-02-18,2018,5.2670337258881945,4.595516548493537,T_east_deep,M1_Ridge,Feb-Apr
2019-02-23,2018,2.220136694773719,2.518881256007958,T_east_deep,M1_Ridge,Feb-Apr
2019-02-28,2018,2.071168596973845,2.1344928600557944,T_east_deep,M1_Ridge,Feb-Apr
2019-03-05,2018,3.5494460865400184,3.2794255096206077,T_east_deep,M1_Ridge,Feb-Apr
2019-03-10,2018,2.384955706033316,2.4028461379731136,T_east_deep,M1_Ridge,Feb-Apr
2019-03-15,2018,2.328127052885646,2.4080499474846473,T_east_deep,M1_Ridge,Feb-Apr
2019-03-20,2018,2.363856040773931,2.566783761811679,T_east_deep,M1_Ridge,Feb-Apr
2019-03-25,2018,3.1585503998292053,2.900893064806499,T_east_deep,M1_Ridge,Feb-Apr
2019-03-30,2018,2.7801352995591704,3.102854985866088,T_east_deep,M1_Ridge,Feb-Apr
2019-04-04,2018,2.7714317667939663,2.7149221997140978,T_east_deep,M1_Ridge,Feb-Apr
2019-04-09,2018,3.5164598404014495,2.7044684525337264,T_east_deep,M1_Ridge,Feb-Apr
2019-09-26,2019,2.071168596973847,2.176065968672149,T_east_deep,M1_Ridge,May-Oct
2019-10-16,2019,0.4181083185135382,0.03187858533316268,T_east_deep,M1_Ridge,May-Oct
2019-10-21,2019,1.777853619275688,1.3501608404381513,T_east_deep,M1_Ridge,May-Oct
2019-10-31,2019,2.1169371248223676,2.242738248840056,T_east_deep,M1_Ridge,May-Oct
2019-11-05,2019,1.9014609296543863,1.6920658649552824,T_east_deep,M1_Ridge,Nov-Jan
2019-11-15,2019,1.3037250825172928,1.7510621794026746,T_east_deep,M1_Ridge,Nov-Jan
2019-11-20,2019,1.458026213317959,0.9552447486574946,T_east_deep,M1_Ridge,Nov-Jan
2019-11-25,2019,1.8034644447951313,1.608784932186379,T_east_deep,M1_Ridge,Nov-Jan
2019-11-30,2019,1.2105672467471147,0.8839187603240903,T_east_deep,M1_Ridge,Nov-Jan
2019-12-05,2019,0.9596997459300435,0.6723265402393332,T_east_deep,M1_Ridge,Nov-Jan
2019-12-10,2019,1.9155945946982431,1.831820649248546,T_east_deep,M1_Ridge,Nov-Jan
2019-12-15,2019,1.979792125423734,1.8453505870869198,T_east_deep,M1_Ridge,Nov-Jan
2019-12-20,2019,2.2201366947737204,2.3292997320926045,T_east_deep,M1_Ridge,Nov-Jan
2019-12-25,2019,1.5223299759990365,1.7149799442948859,T_east_deep,M1_Ridge,Nov-Jan
2019-12-30,2019,1.8823967448837013,1.8729233703123158,T_east_deep,M1_Ridge,Nov-Jan
2020-01-09,2019,1.589520631314882,1.6425390661384696,T_east_deep,M1_Ridge,Nov-Jan
2020-01-14,2019,1.6189480276640387,1.5703845296620473,T_east_deep,M1_Ridge,Nov-Jan
2020-01-19,2019,1.0276430097007925,1.1977033464202131,T_east_deep,M1_Ridge,Nov-Jan
2020-01-24,2019,5.201709308815652,4.940165549261875,T_east_deep,M1_Ridge,Nov-Jan
2020-01-29,2019,4.296205003726959,4.076501217926738,T_east_deep,M1_Ridge,Nov-Jan
2020-02-03,2019,2.338921550710156,2.330357847835923,T_east_deep,M1_Ridge,Feb-Apr
2020-02-08,2019,2.2124272868301205,2.2136276274251347,T_east_deep,M1_Ridge,Feb-Apr
2020-02-13,2019,4.349628120374996,4.028006704220918,T_east_deep,M1_Ridge,Feb-Apr
2020-02-18,2019,2.703653257717317,2.6592628917420233,T_east_deep,M1_Ridge,Feb-Apr
2020-02-23,2019,2.2085589361016726,2.226055311648756,T_east_deep,M1_Ridge,Feb-Apr
2020-02-28,2019,2.2990113568034336,2.3954922211791367,T_east_deep,M1_Ridge,Feb-Apr
2020-03-04,2019,2.395414239728545,2.263150959845508,T_east_deep,M1_Ridge,Feb-Apr
2020-03-09,2019,2.227810304324791,2.303651365378248,T_east_deep,M1_Ridge,Feb-Apr
2020-03-14,2019,2.768523793500187,2.7088975322519184,T_east_deep,M1_Ridge,Feb-Apr
2020-03-24,2019,2.828916100596651,2.731077601335584,T_east_deep,M1_Ridge,Feb-Apr
2020-11-09,2020,1.1356160388213488,1.0902458609634231,T_east_deep,M1_Ridge,Nov-Jan
2020-11-14,2020,1.1778372499551961,0.9575504625171583,T_east_deep,M1_Ridge,Nov-Jan
2020-11-19,2020,4.818394115781765,4.663349963361869,T_east_deep,M1_Ridge,Nov-Jan
2020-11-24,2020,1.4246029991483422,1.669126950749569,T_east_deep,M1_Ridge,Nov-Jan
2020-11-29,2020,0.4812726643528476,0.9337978822767181,T_east_deep,M1_Ridge,Nov-Jan
2020-12-09,2020,5.05749167660184,4.599624861754002,T_east_deep,M1_Ridge,Nov-Jan
2020-12-14,2020,1.8135775692474982,1.6843673082823358,T_east_deep,M1_Ridge,Nov-Jan
2020-12-19,2020,2.1614092607748017,2.336696268514689,T_east_deep,M1_Ridge,Nov-Jan
2020-12-24,2020,1.8434844403745838,1.9382432435792167,T_east_deep,M1_Ridge,Nov-Jan
2021-01-03,2020,1.6703119973762248,1.615358835818041,T_east_deep,M1_Ridge,Nov-Jan
2021-01-08,2020,1.1861043063301773,1.173713885322937,T_east_deep,M1_Ridge,Nov-Jan
2021-01-13,2020,2.3673899128250118,2.252476553651172,T_east_deep,M1_Ridge,Nov-Jan
2021-01-18,2020,1.9571864942767627,1.9565165845948918,T_east_deep,M1_Ridge,Nov-Jan
2021-01-23,2020,3.0213008252446576,2.9624798997589723,T_east_deep,M1_Ridge,Nov-Jan
2021-01-28,2020,1.934226844330863,2.0648640723618628,T_east_deep,M1_Ridge,Nov-Jan
2021-02-02,2020,2.0456195688252725,2.091164887600766,T_east_deep,M1_Ridge,Feb-Apr
2021-02-07,2020,2.4869880404994955,2.5066014097369074,T_east_deep,M1_Ridge,Feb-Apr
2021-02-12,2020,2.30998696723167,2.3085976865107023,T_east_deep,M1_Ridge,Feb-Apr
2021-02-17,2020,2.1494033864658717,2.3210233058691645,T_east_deep,M1_Ridge,Feb-Apr
2021-02-22,2020,1.9752986418145608,2.0421329954013543,T_east_deep,M1_Ridge,Feb-Apr
2021-03-04,2020,3.0514168520260787,2.597781689293029,T_east_deep,M1_Ridge,Feb-Apr
2021-03-09,2020,2.7685237935001874,3.007935928252409,T_east_deep,M1_Ridge,Feb-Apr
2021-03-14,2020,4.58782446531803,4.259196474368128,T_east_deep,M1_Ridge,Feb-Apr
2021-03-24,2020,2.700662128520774,3.22538761212057,T_east_deep,M1_Ridge,Feb-Apr
2021-10-10,2021,2.59023728191204,2.5876179704399402,T_east_deep,M1_Ridge,May-Oct
2021-10-30,2021,1.3902613095226508,1.2984017023578747,T_east_deep,M1_Ridge,May-Oct
2021-11-09,2021,0.7638414915468463,0.831161545693855,T_east_deep,M1_Ridge,Nov-Jan
2021-11-19,2021,1.1778372499551946,0.6382399814687547,T_east_deep,M1_Ridge,Nov-Jan
2021-11-24,2021,0.677424231775276,0.3949001146850395,T_east_deep,M1_Ridge,Nov-Jan
2021-11-29,2021,1.5097268696597193,1.276639210663529,T_east_deep,M1_Ridge,Nov-Jan
2021-12-09,2021,1.1695123589945906,1.163464379156586,T_east_deep,M1_Ridge,Nov-Jan
2021-12-14,2021,1.7305143146387725,1.6723021478214348,T_east_deep,M1_Ridge,Nov-Jan
2021-12-19,2021,0.6382303197421414,0.7440076826327955,T_east_deep,M1_Ridge,Nov-Jan
2021-12-24,2021,1.8461206071584548,2.0458612018358884,T_east_deep,M1_Ridge,Nov-Jan
2021-12-29,2021,1.929591191672946,1.9317138092866126,T_east_deep,M1_Ridge,Nov-Jan
2022-01-08,2021,0.6113083434673001,0.704751992457499,T_east_deep,M1_Ridge,Nov-Jan
2022-01-13,2021,2.0064711053035484,1.680691799791859,T_east_deep,M1_Ridge,Nov-Jan
2022-01-18,2021,1.1441814877665057,1.4160388372814263,T_east_deep,M1_Ridge,Nov-Jan
2022-01-23,2021,2.0020576739088645,2.083295425272443,T_east_deep,M1_Ridge,Nov-Jan
2022-02-07,2021,2.42643723968151,2.4645182479068937,T_east_deep,M1_Ridge,Feb-Apr
2022-02-12,2021,4.81712534010645,4.4961096313620885,T_east_deep,M1_Ridge,Feb-Apr
2022-02-17,2021,2.384955706033313,2.4547896106136595,T_east_deep,M1_Ridge,Feb-Apr
2022-02-22,2021,2.2354485886177637,2.423351575471984,T_east_deep,M1_Ridge,Feb-Apr
2022-02-27,2021,1.5223299759990376,1.565816357841626,T_east_deep,M1_Ridge,Feb-Apr
2022-03-04,2021,1.948045938157839,2.1032126242455935,T_east_deep,M1_Ridge,Feb-Apr
2022-03-09,2021,2.3709167191808733,2.441227694015251,T_east_deep,M1_Ridge,Feb-Apr
2022-03-14,2021,2.356767454903689,2.4104316278195816,T_east_deep,M1_Ridge,Feb-Apr
2022-03-19,2021,2.3919346773774808,2.5046818821559924,T_east_deep,M1_Ridge,Feb-Apr
2022-03-24,2021,2.5198258421069633,2.60754116282911,T_east_deep,M1_Ridge,Feb-Apr
2022-08-31,2022,1.3185783613765398,1.707390612030677,T_east_deep,M1_Ridge,May-Oct
2022-10-05,2022,2.145381284717333,2.445059184947728,T_east_deep,M1_Ridge,May-Oct
2022-10-10,2022,0.05391151590326198,0.13635274240267625,T_east_deep,M1_Ridge,May-Oct
2022-10-15,2022,2.1574173045285,2.3088565978068827,T_east_deep,M1_Ridge,May-Oct
2022-10-20,2022,0.16240980244042832,0.44502866741293823,T_east_deep,M1_Ridge,May-Oct
2022-10-30,2022,1.7983801142568117,1.9848551768097618,T_east_deep,M1_Ridge,May-Oct
2022-11-09,2022,2.2619111016918163,2.181441918516352,T_east_deep,M1_Ridge,Nov-Jan
2022-11-14,2022,0.8329554767263918,1.4360376862170523,T_east_deep,M1_Ridge,Nov-Jan
2022-11-24,2022,2.0837853984732684,2.1552915050704455,T_east_deep,M1_Ridge,Nov-Jan
2022-12-04,2022,1.509726869659724,1.5927191010737458,T_east_deep,M1_Ridge,Nov-Jan
2022-12-09,2022,0.8217267647990584,0.7478092603923161,T_east_deep,M1_Ridge,Nov-Jan
2022-12-14,2022,2.5230799187395556,2.6585152031297548,T_east_deep,M1_Ridge,Nov-Jan
2022-12-24,2022,2.8186318447327667,4.104377614714021,T_east_deep,M1_Ridge,Nov-Jan
2022-12-29,2022,2.771431766793965,3.161343657142093,T_east_deep,M1_Ridge,Nov-Jan
2023-01-03,2022,1.906187591922353,1.806199722138726,T_east_deep,M1_Ridge,Nov-Jan
2023-01-08,2022,3.497243261946971,3.5451500164657617,T_east_deep,M1_Ridge,Nov-Jan
2023-01-13,2022,1.3620867219978743,1.527078403122184,T_east_deep,M1_Ridge,Nov-Jan
2023-01-18,2022,5.250904446610198,4.925154534195814,T_east_deep,M1_Ridge,Nov-Jan
2023-01-23,2022,1.877590691771639,2.1103182069713706,T_east_deep,M1_Ridge,Nov-Jan
2023-01-28,2022,2.360315323718102,2.4372394430698803,T_east_deep,M1_Ridge,Nov-Jan
2023-02-02,2022,2.2768481387778947,2.010872960391239,T_east_deep,M1_Ridge,Feb-Apr
2023-02-07,2022,2.4092665719191686,2.4719054700043515,T_east_deep,M1_Ridge,Feb-Apr
2023-02-12,2022,2.4058133231772354,2.4000203219689364,T_east_deep,M1_Ridge,Feb-Apr
2023-02-17,2022,2.4670168588951276,2.5523916112604117,T_east_deep,M1_Ridge,Feb-Apr
2023-02-22,2022,3.6073331974017138,3.674535429097472,T_east_deep,M1_Ridge,Feb-Apr
2023-02-27,2022,2.002057673908864,1.9812041464787167,T_east_deep,M1_Ridge,Feb-Apr
2023-03-04,2022,2.181221753266929,2.2399810218526386,T_east_deep,M1_Ridge,Feb-Apr
2023-03-09,2022,2.2842677753981953,2.4336652755544055,T_east_deep,M1_Ridge,Feb-Apr
2023-03-14,2022,2.624571557551717,2.4295282695635536,T_east_deep,M1_Ridge,Feb-Apr
2023-03-29,2022,2.655319175771395,2.577249363645066,T_east_deep,M1_Ridge,Feb-Apr
2023-09-15,2023,3.7460538323194994,2.4641582416325942,T_east_deep,M1_Ridge,May-Oct
2023-09-25,2023,2.243052012318523,2.5589685851887323,T_east_deep,M1_Ridge,May-Oct
2023-10-10,2023,2.3099869672316715,2.323693384019634,T_east_deep,M1_Ridge,May-Oct
2023-10-15,2023,2.1251164124266393,2.4686450850404884,T_east_deep,M1_Ridge,May-Oct
2023-10-20,2023,0.14157879233569817,0.4373289694492095,T_east_deep,M1_Ridge,May-Oct
2023-10-30,2023,0.7152824574703837,0.8690433174617356,T_east_deep,M1_Ridge,May-Oct
2023-11-09,2023,2.1614092607748026,2.1263596705363703,T_east_deep,M1_Ridge,Nov-Jan
2023-11-14,2023,1.5160439702574908,1.7352312017413292,T_east_deep,M1_Ridge,Nov-Jan
2023-11-19,2023,1.0370317670132019,1.6310591321948102,T_east_deep,M1_Ridge,Nov-Jan
2023-11-24,2023,0.887488175270015,0.587975018908707,T_east_deep,M1_Ridge,Nov-Jan
2023-12-09,2023,2.0370071077376535,2.4394241033117803,T_east_deep,M1_Ridge,Nov-Jan
2023-12-14,2023,1.8727683544109721,1.9586573347469478,T_east_deep,M1_Ridge,Nov-Jan
2023-12-19,2023,1.4514123716218157,1.5729412760655666,T_east_deep,M1_Ridge,Nov-Jan
2023-12-24,2023,1.3477545606332764,1.5453849454766417,T_east_deep,M1_Ridge,Nov-Jan
2023-12-29,2023,1.9480459381578394,2.102608336608235,T_east_deep,M1_Ridge,Nov-Jan
2024-01-03,2023,0.7638414915468454,0.7563090888039792,T_east_deep,M1_Ridge,Nov-Jan
2024-01-08,2023,1.6013713319024565,1.6443731770087304,T_east_deep,M1_Ridge,Nov-Jan
2024-01-13,2023,2.161409260774804,2.107006182049674,T_east_deep,M1_Ridge,Nov-Jan
2024-01-18,2023,2.2990113568034336,2.2392576248450733,T_east_deep,M1_Ridge,Nov-Jan
2024-01-23,2023,1.3620867219978763,1.5398039466860256,T_east_deep,M1_Ridge,Nov-Jan
2024-01-28,2023,2.3638560407739293,2.046760756772398,T_east_deep,M1_Ridge,Nov-Jan
2024-02-02,2023,2.5489241379712477,2.569664088995383,T_east_deep,M1_Ridge,Feb-Apr
2024-02-07,2023,4.6771499131793535,4.363932716003852,T_east_deep,M1_Ridge,Feb-Apr
2024-02-12,2023,4.448421734835693,3.840120734986779,T_east_deep,M1_Ridge,Feb-Apr
2024-02-17,2023,4.788200002329205,4.500621818929352,T_east_deep,M1_Ridge,Feb-Apr
2024-02-22,2023,2.5712719689972947,2.4689679112351546,T_east_deep,M1_Ridge,Feb-Apr
2024-02-27,2023,2.724485267868215,2.588838825735409,T_east_deep,M1_Ridge,Feb-Apr
2024-03-03,2023,2.6614176855953544,2.636957784930326,T_east_deep,M1_Ridge,Feb-Apr
2024-03-08,2023,2.503475302302544,2.4979226128858762,T_east_deep,M1_Ridge,Feb-Apr
2024-03-13,2023,2.3884485994922238,2.5342332186741956,T_east_deep,M1_Ridge,Feb-Apr
2024-03-18,2023,2.2007949240513405,2.243212770418962,T_east_deep,M1_Ridge,Feb-Apr
2024-03-28,2023,2.605912259605281,2.706371546779524,T_east_deep,M1_Ridge,Feb-Apr
2024-04-12,2023,2.751004020241878,3.4565395008600923,T_east_deep,M1_Ridge,Feb-Apr
2024-04-27,2023,2.6461398914452667,2.8273684474058123,T_east_deep,M1_Ridge,Feb-Apr
2024-05-12,2024,2.054183453072109,1.7198116795837568,T_east_deep,M1_Ridge,May-Oct
2024-09-19,2024,0.7873541885218405,1.5743733472035062,T_east_deep,M1_Ridge,May-Oct
2024-09-29,2024,2.0963001874942586,2.080633877031737,T_east_deep,M1_Ridge,May-Oct
2024-10-09,2024,1.2886884007267578,1.5987279291180223,T_east_deep,M1_Ridge,May-Oct
2024-10-14,2024,1.872768354410968,2.032133158208972,T_east_deep,M1_Ridge,May-Oct
2024-10-19,2024,4.208694400851384,2.6319941298480654,T_east_deep,M1_Ridge,May-Oct
2024-10-29,2024,2.739253982894373,3.182560648462283,T_east_deep,M1_Ridge,May-Oct
2017-01-09,2016,0.8767891386490771,1.0482337412870153,T_east_deep,M2_RandomForest,Nov-Jan
2017-02-08,2016,1.993191458413503,2.058865904031749,T_east_deep,M2_RandomForest,Feb-Apr
2017-02-18,2016,2.0020576739088645,2.012831282847235,T_east_deep,M2_RandomForest,Feb-Apr
2017-10-16,2017,-0.23325897917895055,0.7044954197593483,T_east_deep,M2_RandomForest,May-Oct
2017-11-05,2017,1.5533058248100804,1.1855132177464864,T_east_deep,M2_RandomForest,Nov-Jan
2017-11-10,2017,1.2657784150253804,1.1485533398228278,T_east_deep,M2_RandomForest,Nov-Jan
2017-11-30,2017,0.4017260747428002,0.9117064378102847,T_east_deep,M2_RandomForest,Nov-Jan
2017-12-15,2017,1.6072565079379502,1.6861219607195572,T_east_deep,M2_RandomForest,Nov-Jan
2017-12-20,2017,0.40172607474280164,0.849803657065628,T_east_deep,M2_RandomForest,Nov-Jan
2017-12-30,2017,0.8874881752700156,0.9587393719007075,T_east_deep,M2_RandomForest,Nov-Jan
2018-01-04,2017,2.137306440850009,2.199191660625071,T_east_deep,M2_RandomForest,Nov-Jan
2018-01-09,2017,1.993191458413503,2.2133334995250475,T_east_deep,M2_RandomForest,Nov-Jan
2018-01-19,2017,0.8659884873250365,1.2171634187020188,T_east_deep,M2_RandomForest,Nov-Jan
2018-01-29,2017,1.9887383864643395,2.286787891407883,T_east_deep,M2_RandomForest,Nov-Jan
2018-02-13,2017,1.8135775692475011,1.7244325882762588,T_east_deep,M2_RandomForest,Feb-Apr
2018-02-23,2017,2.542493989333495,2.5215207387651537,T_east_deep,M2_RandomForest,Feb-Apr
2018-03-05,2017,2.5067562814010698,2.6666284292699745,T_east_deep,M2_RandomForest,Feb-Apr
2018-03-10,2017,2.395414239728545,2.3257592375853884,T_east_deep,M2_RandomForest,Feb-Apr
2018-04-09,2017,1.9434541419573166,2.438582589814832,T_east_deep,M2_RandomForest,Feb-Apr
2018-10-16,2018,1.80346444479513,1.8972277270457067,T_east_deep,M2_RandomForest,May-Oct
2018-11-25,2018,1.3332533173632863,1.5164514162663505,T_east_deep,M2_RandomForest,Nov-Jan
2018-11-30,2018,1.1182964657291856,0.9838687654458815,T_east_deep,M2_RandomForest,Nov-Jan
2018-12-10,2018,0.690187213318769,0.9628097056760999,T_east_deep,M2_RandomForest,Nov-Jan
2018-12-25,2018,1.8703519006732447,1.6880439735117074,T_east_deep,M2_RandomForest,Nov-Jan
2018-12-30,2018,1.5954593947706166,1.713775764289657,T_east_deep,M2_RandomForest,Nov-Jan
2019-01-04,2018,0.9696542244231181,1.2677183190305232,T_east_deep,M2_RandomForest,Nov-Jan
2019-01-09,2018,1.8385441156148232,1.7358189598088236,T_east_deep,M2_RandomForest,Nov-Jan
2019-01-19,2018,2.483673743790701,2.4415404791546362,T_east_deep,M2_RandomForest,Nov-Jan
2019-01-24,2018,1.5654903466681958,1.758799698560951,T_east_deep,M2_RandomForest,Nov-Jan
2019-01-29,2018,4.451607812607238,4.018280104280365,T_east_deep,M2_RandomForest,Nov-Jan
2019-02-03,2018,1.8630742681758887,1.976050778261454,T_east_deep,M2_RandomForest,Feb-Apr
2019-02-08,2018,1.0276430097007923,1.5071559512846653,T_east_deep,M2_RandomForest,Feb-Apr
2019-02-13,2018,1.4841402604946674,1.8145708095424646,T_east_deep,M2_RandomForest,Feb-Apr
2019-02-18,2018,5.2670337258881945,3.9341988398778596,T_east_deep,M2_RandomForest,Feb-Apr
2019-02-23,2018,2.220136694773719,2.4197614491430035,T_east_deep,M2_RandomForest,Feb-Apr
2019-02-28,2018,2.071168596973845,2.2379763760547386,T_east_deep,M2_RandomForest,Feb-Apr
2019-03-05,2018,3.5494460865400184,2.7942466881495225,T_east_deep,M2_RandomForest,Feb-Apr
2019-03-10,2018,2.384955706033316,2.441745294857146,T_east_deep,M2_RandomForest,Feb-Apr
2019-03-15,2018,2.328127052885646,2.4495667917925337,T_east_deep,M2_RandomForest,Feb-Apr
2019-03-20,2018,2.363856040773931,2.4648859095314903,T_east_deep,M2_RandomForest,Feb-Apr
2019-03-25,2018,3.1585503998292053,2.819045000898378,T_east_deep,M2_RandomForest,Feb-Apr
2019-03-30,2018,2.7801352995591704,2.8334619814848407,T_east_deep,M2_RandomForest,Feb-Apr
2019-04-04,2018,2.7714317667939663,2.6291195190284364,T_east_deep,M2_RandomForest,Feb-Apr
2019-04-09,2018,3.5164598404014495,2.6966083250905326,T_east_deep,M2_RandomForest,Feb-Apr
2019-09-26,2019,2.071168596973847,2.008977457818689,T_east_deep,M2_RandomForest,May-Oct
2019-10-16,2019,0.4181083185135382,0.5732357916443477,T_east_deep,M2_RandomForest,May-Oct
2019-10-21,2019,1.777853619275688,1.1098973642889214,T_east_deep,M2_RandomForest,May-Oct
2019-10-31,2019,2.1169371248223676,2.041679347042594,T_east_deep,M2_RandomForest,May-Oct
2019-11-05,2019,1.9014609296543863,1.7931914482962938,T_east_deep,M2_RandomForest,Nov-Jan
2019-11-15,2019,1.3037250825172928,1.8277860565562667,T_east_deep,M2_RandomForest,Nov-Jan
2019-11-20,2019,1.458026213317959,0.9527635221801564,T_east_deep,M2_RandomForest,Nov-Jan
2019-11-25,2019,1.8034644447951313,1.308064440645352,T_east_deep,M2_RandomForest,Nov-Jan
2019-11-30,2019,1.2105672467471147,1.0454969917260335,T_east_deep,M2_RandomForest,Nov-Jan
2019-12-05,2019,0.9596997459300435,0.8307438934886906,T_east_deep,M2_RandomForest,Nov-Jan
2019-12-10,2019,1.9155945946982431,1.8348474364295655,T_east_deep,M2_RandomForest,Nov-Jan
2019-12-15,2019,1.979792125423734,1.8349470874055096,T_east_deep,M2_RandomForest,Nov-Jan
2019-12-20,2019,2.2201366947737204,2.4410813579027253,T_east_deep,M2_RandomForest,Nov-Jan
2019-12-25,2019,1.5223299759990365,1.738692659983282,T_east_deep,M2_RandomForest,Nov-Jan
2019-12-30,2019,1.8823967448837013,1.8902637121520902,T_east_deep,M2_RandomForest,Nov-Jan
2020-01-09,2019,1.589520631314882,1.5380192937715111,T_east_deep,M2_RandomForest,Nov-Jan
2020-01-14,2019,1.6189480276640387,1.4705647734600915,T_east_deep,M2_RandomForest,Nov-Jan
2020-01-19,2019,1.0276430097007925,1.4653829825242208,T_east_deep,M2_RandomForest,Nov-Jan
2020-01-24,2019,5.201709308815652,4.085668948707217,T_east_deep,M2_RandomForest,Nov-Jan
2020-01-29,2019,4.296205003726959,4.094505473864691,T_east_deep,M2_RandomForest,Nov-Jan
2020-02-03,2019,2.338921550710156,2.6442265069407274,T_east_deep,M2_RandomForest,Feb-Apr
2020-02-08,2019,2.2124272868301205,2.3904130200911355,T_east_deep,M2_RandomForest,Feb-Apr
2020-02-13,2019,4.349628120374996,4.03291226280433,T_east_deep,M2_RandomForest,Feb-Apr
2020-02-18,2019,2.703653257717317,2.8560236951827425,T_east_deep,M2_RandomForest,Feb-Apr
2020-02-23,2019,2.2085589361016726,2.4067335553817903,T_east_deep,M2_RandomForest,Feb-Apr
2020-02-28,2019,2.2990113568034336,2.48023342926146,T_east_deep,M2_RandomForest,Feb-Apr
2020-03-04,2019,2.395414239728545,2.4207845997966677,T_east_deep,M2_RandomForest,Feb-Apr
2020-03-09,2019,2.227810304324791,2.33793112554725,T_east_deep,M2_RandomForest,Feb-Apr
2020-03-14,2019,2.768523793500187,2.722270764531813,T_east_deep,M2_RandomForest,Feb-Apr
2020-03-24,2019,2.828916100596651,2.848297165677558,T_east_deep,M2_RandomForest,Feb-Apr
2020-11-09,2020,1.1356160388213488,1.1295318070423728,T_east_deep,M2_RandomForest,Nov-Jan
2020-11-14,2020,1.1778372499551961,0.9618511345110394,T_east_deep,M2_RandomForest,Nov-Jan
2020-11-19,2020,4.818394115781765,3.393448624598564,T_east_deep,M2_RandomForest,Nov-Jan
2020-11-24,2020,1.4246029991483422,1.5371237247540777,T_east_deep,M2_RandomForest,Nov-Jan
2020-11-29,2020,0.4812726643528476,0.9859551707492811,T_east_deep,M2_RandomForest,Nov-Jan
2020-12-09,2020,5.05749167660184,3.4195889968045536,T_east_deep,M2_RandomForest,Nov-Jan
2020-12-14,2020,1.8135775692474982,1.6214625547947552,T_east_deep,M2_RandomForest,Nov-Jan
2020-12-19,2020,2.1614092607748017,2.423335216698059,T_east_deep,M2_RandomForest,Nov-Jan
2020-12-24,2020,1.8434844403745838,1.9976456391493647,T_east_deep,M2_RandomForest,Nov-Jan
2021-01-03,2020,1.6703119973762248,1.5863688942978291,T_east_deep,M2_RandomForest,Nov-Jan
2021-01-08,2020,1.1861043063301773,1.1527910944888922,T_east_deep,M2_RandomForest,Nov-Jan
2021-01-13,2020,2.3673899128250118,2.1641258144125524,T_east_deep,M2_RandomForest,Nov-Jan
2021-01-18,2020,1.9571864942767627,1.9482885839052693,T_east_deep,M2_RandomForest,Nov-Jan
2021-01-23,2020,3.0213008252446576,2.90242179278555,T_east_deep,M2_RandomForest,Nov-Jan
2021-01-28,2020,1.934226844330863,2.0959470653031635,T_east_deep,M2_RandomForest,Nov-Jan
2021-02-02,2020,2.0456195688252725,2.209523040549246,T_east_deep,M2_RandomForest,Feb-Apr
2021-02-07,2020,2.4869880404994955,2.613205796389804,T_east_deep,M2_RandomForest,Feb-Apr
2021-02-12,2020,2.30998696723167,2.3032890706505866,T_east_deep,M2_RandomForest,Feb-Apr
2021-02-17,2020,2.1494033864658717,2.3396855842596707,T_east_deep,M2_RandomForest,Feb-Apr
2021-02-22,2020,1.9752986418145608,2.088354128981959,T_east_deep,M2_RandomForest,Feb-Apr
2021-03-04,2020,3.0514168520260787,2.502520700781111,T_east_deep,M2_RandomForest,Feb-Apr
2021-03-09,2020,2.7685237935001874,2.843497272934544,T_east_deep,M2_RandomForest,Feb-Apr
2021-03-14,2020,4.58782446531803,3.828121215454188,T_east_deep,M2_RandomForest,Feb-Apr
2021-03-24,2020,2.700662128520774,2.9122672696104077,T_east_deep,M2_RandomForest,Feb-Apr
2021-10-10,2021,2.59023728191204,2.0940715861258696,T_east_deep,M2_RandomForest,May-Oct
2021-10-30,2021,1.3902613095226508,1.3957692480019417,T_east_deep,M2_RandomForest,May-Oct
2021-11-09,2021,0.7638414915468463,0.9887127721194177,T_east_deep,M2_RandomForest,Nov-Jan
2021-11-19,2021,1.1778372499551946,0.908339617773306,T_east_deep,M2_RandomForest,Nov-Jan
2021-11-24,2021,0.677424231775276,0.7254041519799476,T_east_deep,M2_RandomForest,Nov-Jan
2021-11-29,2021,1.5097268696597193,1.3626396367079134,T_east_deep,M2_RandomForest,Nov-Jan
2021-12-09,2021,1.1695123589945906,1.133700632597011,T_east_deep,M2_RandomForest,Nov-Jan
2021-12-14,2021,1.7305143146387725,1.6965299783461263,T_east_deep,M2_RandomForest,Nov-Jan
2021-12-19,2021,0.6382303197421414,0.9389953929537384,T_east_deep,M2_RandomForest,Nov-Jan
2021-12-24,2021,1.8461206071584548,1.9507852442222984,T_east_deep,M2_RandomForest,Nov-Jan
2021-12-29,2021,1.929591191672946,1.8491311490071662,T_east_deep,M2_RandomForest,Nov-Jan
2022-01-08,2021,0.6113083434673001,1.0622883286206644,T_east_deep,M2_RandomForest,Nov-Jan
2022-01-13,2021,2.0064711053035484,1.6464875436431663,T_east_deep,M2_RandomForest,Nov-Jan
2022-01-18,2021,1.1441814877665057,1.5215093380480924,T_east_deep,M2_RandomForest,Nov-Jan
2022-01-23,2021,2.0020576739088645,1.9316477931080658,T_east_deep,M2_RandomForest,Nov-Jan
2022-02-07,2021,2.42643723968151,2.591368111638182,T_east_deep,M2_RandomForest,Feb-Apr
2022-02-12,2021,4.81712534010645,4.459055180156449,T_east_deep,M2_RandomForest,Feb-Apr
2022-02-17,2021,2.384955706033313,2.42371855484648,T_east_deep,M2_RandomForest,Feb-Apr
2022-02-22,2021,2.2354485886177637,2.2334800491897404,T_east_deep,M2_RandomForest,Feb-Apr
2022-02-27,2021,1.5223299759990376,1.7875497345900593,T_east_deep,M2_RandomForest,Feb-Apr
2022-03-04,2021,1.948045938157839,2.131385605625698,T_east_deep,M2_RandomForest,Feb-Apr
2022-03-09,2021,2.3709167191808733,2.375573490713736,T_east_deep,M2_RandomForest,Feb-Apr
2022-03-14,2021,2.356767454903689,2.521034903100029,T_east_deep,M2_RandomForest,Feb-Apr
2022-03-19,2021,2.3919346773774808,2.479325782598879,T_east_deep,M2_RandomForest,Feb-Apr
2022-03-24,2021,2.5198258421069633,2.409766861496921,T_east_deep,M2_RandomForest,Feb-Apr
2022-08-31,2022,1.3185783613765398,1.174952788865523,T_east_deep,M2_RandomForest,May-Oct
2022-10-05,2022,2.145381284717333,2.410724934328349,T_east_deep,M2_RandomForest,May-Oct
2022-10-10,2022,0.05391151590326198,0.7392058741586071,T_east_deep,M2_RandomForest,May-Oct
2022-10-15,2022,2.1574173045285,2.057664132860059,T_east_deep,M2_RandomForest,May-Oct
2022-10-20,2022,0.16240980244042832,0.8899763710988916,T_east_deep,M2_RandomForest,May-Oct
2022-10-30,2022,1.7983801142568117,1.8498222736832253,T_east_deep,M2_RandomForest,May-Oct
2022-11-09,2022,2.2619111016918163,1.8980393568183598,T_east_deep,M2_RandomForest,Nov-Jan
2022-11-14,2022,0.8329554767263918,1.3567943903263804,T_east_deep,M2_RandomForest,Nov-Jan
2022-11-24,2022,2.0837853984732684,2.0359455242051454,T_east_deep,M2_RandomForest,Nov-Jan
2022-12-04,2022,1.509726869659724,1.6542403781437267,T_east_deep,M2_RandomForest,Nov-Jan
2022-12-09,2022,0.8217267647990584,0.851780704845444,T_east_deep,M2_RandomForest,Nov-Jan
2022-12-14,2022,2.5230799187395556,2.73220825510336,T_east_deep,M2_RandomForest,Nov-Jan
2022-12-24,2022,2.8186318447327667,3.704247981522439,T_east_deep,M2_RandomForest,Nov-Jan
2022-12-29,2022,2.771431766793965,2.69890057501531,T_east_deep,M2_RandomForest,Nov-Jan
2023-01-03,2022,1.906187591922353,1.8712736628994344,T_east_deep,M2_RandomForest,Nov-Jan
2023-01-08,2022,3.497243261946971,3.489573727252284,T_east_deep,M2_RandomForest,Nov-Jan
2023-01-13,2022,1.3620867219978743,1.6030928532190982,T_east_deep,M2_RandomForest,Nov-Jan
2023-01-18,2022,5.250904446610198,3.8882531413082124,T_east_deep,M2_RandomForest,Nov-Jan
2023-01-23,2022,1.877590691771639,2.0204208790199343,T_east_deep,M2_RandomForest,Nov-Jan
2023-01-28,2022,2.360315323718102,2.351413125537209,T_east_deep,M2_RandomForest,Nov-Jan
2023-02-02,2022,2.2768481387778947,2.1030745479375574,T_east_deep,M2_RandomForest,Feb-Apr
2023-02-07,2022,2.4092665719191686,2.458681134336991,T_east_deep,M2_RandomForest,Feb-Apr
2023-02-12,2022,2.4058133231772354,2.396123403401687,T_east_deep,M2_RandomForest,Feb-Apr
2023-02-17,2022,2.4670168588951276,2.500517023972468,T_east_deep,M2_RandomForest,Feb-Apr
2023-02-22,2022,3.6073331974017138,3.3800594833631714,T_east_deep,M2_RandomForest,Feb-Apr
2023-02-27,2022,2.002057673908864,2.0210640641410333,T_east_deep,M2_RandomForest,Feb-Apr
2023-03-04,2022,2.181221753266929,2.333083411253111,T_east_deep,M2_RandomForest,Feb-Apr
2023-03-09,2022,2.2842677753981953,2.5151916908980243,T_east_deep,M2_RandomForest,Feb-Apr
2023-03-14,2022,2.624571557551717,2.403027629451628,T_east_deep,M2_RandomForest,Feb-Apr
2023-03-29,2022,2.655319175771395,2.7305899199777657,T_east_deep,M2_RandomForest,Feb-Apr
2023-09-15,2023,3.7460538323194994,2.635010473268425,T_east_deep,M2_RandomForest,May-Oct
2023-09-25,2023,2.243052012318523,2.201991633214592,T_east_deep,M2_RandomForest,May-Oct
2023-10-10,2023,2.3099869672316715,2.0123685608561197,T_east_deep,M2_RandomForest,May-Oct
2023-10-15,2023,2.1251164124266393,2.4107330545767818,T_east_deep,M2_RandomForest,May-Oct
2023-10-20,2023,0.14157879233569817,0.7591665407645359,T_east_deep,M2_RandomForest,May-Oct
2023-10-30,2023,0.7152824574703837,1.1359477074967723,T_east_deep,M2_RandomForest,May-Oct
2023-11-09,2023,2.1614092607748026,2.0553418725809416,T_east_deep,M2_RandomForest,Nov-Jan
2023-11-14,2023,1.5160439702574908,1.4892877127874242,T_east_deep,M2_RandomForest,Nov-Jan
2023-11-19,2023,1.0370317670132019,1.7477622877715282,T_east_deep,M2_RandomForest,Nov-Jan
2023-11-24,2023,0.887488175270015,0.7391180990862781,T_east_deep,M2_RandomForest,Nov-Jan
2023-12-09,2023,2.0370071077376535,2.35532547328402,T_east_deep,M2_RandomForest,Nov-Jan
2023-12-14,2023,1.8727683544109721,1.8504654626421924,T_east_deep,M2_RandomForest,Nov-Jan
2023-12-19,2023,1.4514123716218157,1.413103757152578,T_east_deep,M2_RandomForest,Nov-Jan
2023-12-24,2023,1.3477545606332764,1.3291974911989326,T_east_deep,M2_RandomForest,Nov-Jan
2023-12-29,2023,1.9480459381578394,1.9026985951225996,T_east_deep,M2_RandomForest,Nov-Jan
2024-01-03,2023,0.7638414915468454,1.0031910974209377,T_east_deep,M2_RandomForest,Nov-Jan
2024-01-08,2023,1.6013713319024565,1.7468229228678305,T_east_deep,M2_RandomForest,Nov-Jan
2024-01-13,2023,2.161409260774804,2.117744364196836,T_east_deep,M2_RandomForest,Nov-Jan
2024-01-18,2023,2.2990113568034336,2.2094531125916874,T_east_deep,M2_RandomForest,Nov-Jan
2024-01-23,2023,1.3620867219978763,1.7542039044009738,T_east_deep,M2_RandomForest,Nov-Jan
2024-01-28,2023,2.3638560407739293,2.2051125991212968,T_east_deep,M2_RandomForest,Nov-Jan
2024-02-02,2023,2.5489241379712477,2.5390618899761046,T_east_deep,M2_RandomForest,Feb-Apr
2024-02-07,2023,4.6771499131793535,4.277963359953874,T_east_deep,M2_RandomForest,Feb-Apr
2024-02-12,2023,4.448421734835693,3.723495818064004,T_east_deep,M2_RandomForest,Feb-Apr
2024-02-17,2023,4.788200002329205,4.302013237299863,T_east_deep,M2_RandomForest,Feb-Apr
2024-02-22,2023,2.5712719689972947,2.5772340320280187,T_east_deep,M2_RandomForest,Feb-Apr
2024-02-27,2023,2.724485267868215,2.709869500418194,T_east_deep,M2_RandomForest,Feb-Apr
2024-03-03,2023,2.6614176855953544,2.700280134252535,T_east_deep,M2_RandomForest,Feb-Apr
2024-03-08,2023,2.503475302302544,2.4564440369870226,T_east_deep,M2_RandomForest,Feb-Apr
2024-03-13,2023,2.3884485994922238,2.461546001635633,T_east_deep,M2_RandomForest,Feb-Apr
2024-03-18,2023,2.2007949240513405,2.3907871317126417,T_east_deep,M2_RandomForest,Feb-Apr
2024-03-28,2023,2.605912259605281,2.746603076425079,T_east_deep,M2_RandomForest,Feb-Apr
2024-04-12,2023,2.751004020241878,3.021995084648118,T_east_deep,M2_RandomForest,Feb-Apr
2024-04-27,2023,2.6461398914452667,2.797035805416331,T_east_deep,M2_RandomForest,Feb-Apr
2024-05-12,2024,2.054183453072109,1.7929510946905778,T_east_deep,M2_RandomForest,May-Oct
2024-09-19,2024,0.7873541885218405,1.2801196280755378,T_east_deep,M2_RandomForest,May-Oct
2024-09-29,2024,2.0963001874942586,1.7397288201160133,T_east_deep,M2_RandomForest,May-Oct
2024-10-09,2024,1.2886884007267578,1.3960409376978062,T_east_deep,M2_RandomForest,May-Oct
2024-10-14,2024,1.872768354410968,1.4613962006539831,T_east_deep,M2_RandomForest,May-Oct
2024-10-19,2024,4.208694400851384,2.236332551932627,T_east_deep,M2_RandomForest,May-Oct
2024-10-29,2024,2.739253982894373,2.6622672494023485,T_east_deep,M2_RandomForest,May-Oct
2017-01-09,2016,0.8767891386490771,0.7676889896392822,T_east_deep,M3_XGBoost,Nov-Jan
2017-02-08,2016,1.993191458413503,2.0801615715026855,T_east_deep,M3_XGBoost,Feb-Apr
2017-02-18,2016,2.0020576739088645,2.036087989807129,T_east_deep,M3_XGBoost,Feb-Apr
2017-10-16,2017,-0.23325897917895055,0.530301570892334,T_east_deep,M3_XGBoost,May-Oct
2017-11-05,2017,1.5533058248100804,1.3435853719711304,T_east_deep,M3_XGBoost,Nov-Jan
2017-11-10,2017,1.2657784150253804,1.1228798627853394,T_east_deep,M3_XGBoost,Nov-Jan
2017-11-30,2017,0.4017260747428002,0.8411931395530701,T_east_deep,M3_XGBoost,Nov-Jan
2017-12-15,2017,1.6072565079379502,1.5982842445373535,T_east_deep,M3_XGBoost,Nov-Jan
2017-12-20,2017,0.40172607474280164,0.770266592502594,T_east_deep,M3_XGBoost,Nov-Jan
2017-12-30,2017,0.8874881752700156,0.9528785347938538,T_east_deep,M3_XGBoost,Nov-Jan
2018-01-04,2017,2.137306440850009,1.9741955995559692,T_east_deep,M3_XGBoost,Nov-Jan
2018-01-09,2017,1.993191458413503,2.032520055770874,T_east_deep,M3_XGBoost,Nov-Jan
2018-01-19,2017,0.8659884873250365,1.0488951206207275,T_east_deep,M3_XGBoost,Nov-Jan
2018-01-29,2017,1.9887383864643395,2.1282215118408203,T_east_deep,M3_XGBoost,Nov-Jan
2018-02-13,2017,1.8135775692475011,1.7160403728485107,T_east_deep,M3_XGBoost,Feb-Apr
2018-02-23,2017,2.542493989333495,2.4188859462738037,T_east_deep,M3_XGBoost,Feb-Apr
2018-03-05,2017,2.5067562814010698,2.624687910079956,T_east_deep,M3_XGBoost,Feb-Apr
2018-03-10,2017,2.395414239728545,2.216066598892212,T_east_deep,M3_XGBoost,Feb-Apr
2018-04-09,2017,1.9434541419573166,2.2132034301757812,T_east_deep,M3_XGBoost,Feb-Apr
2018-10-16,2018,1.80346444479513,1.723477840423584,T_east_deep,M3_XGBoost,May-Oct
2018-11-25,2018,1.3332533173632863,1.4918859004974365,T_east_deep,M3_XGBoost,Nov-Jan
2018-11-30,2018,1.1182964657291856,0.9027862548828125,T_east_deep,M3_XGBoost,Nov-Jan
2018-12-10,2018,0.690187213318769,0.8791153430938721,T_east_deep,M3_XGBoost,Nov-Jan
2018-12-25,2018,1.8703519006732447,1.7039798498153687,T_east_deep,M3_XGBoost,Nov-Jan
2018-12-30,2018,1.5954593947706166,1.6220043897628784,T_east_deep,M3_XGBoost,Nov-Jan
2019-01-04,2018,0.9696542244231181,1.2202420234680176,T_east_deep,M3_XGBoost,Nov-Jan
2019-01-09,2018,1.8385441156148232,1.7166064977645874,T_east_deep,M3_XGBoost,Nov-Jan
2019-01-19,2018,2.483673743790701,2.442284345626831,T_east_deep,M3_XGBoost,Nov-Jan
2019-01-24,2018,1.5654903466681958,1.6522904634475708,T_east_deep,M3_XGBoost,Nov-Jan
2019-01-29,2018,4.451607812607238,4.111382007598877,T_east_deep,M3_XGBoost,Nov-Jan
2019-02-03,2018,1.8630742681758887,1.9753129482269287,T_east_deep,M3_XGBoost,Feb-Apr
2019-02-08,2018,1.0276430097007923,1.237960696220398,T_east_deep,M3_XGBoost,Feb-Apr
2019-02-13,2018,1.4841402604946674,1.5290420055389404,T_east_deep,M3_XGBoost,Feb-Apr
2019-02-18,2018,5.2670337258881945,4.440970420837402,T_east_deep,M3_XGBoost,Feb-Apr
2019-02-23,2018,2.220136694773719,2.357787609100342,T_east_deep,M3_XGBoost,Feb-Apr
2019-02-28,2018,2.071168596973845,2.2925832271575928,T_east_deep,M3_XGBoost,Feb-Apr
2019-03-05,2018,3.5494460865400184,2.869752883911133,T_east_deep,M3_XGBoost,Feb-Apr
2019-03-10,2018,2.384955706033316,2.4162988662719727,T_east_deep,M3_XGBoost,Feb-Apr
2019-03-15,2018,2.328127052885646,2.4952609539031982,T_east_deep,M3_XGBoost,Feb-Apr
2019-03-20,2018,2.363856040773931,2.499256134033203,T_east_deep,M3_XGBoost,Feb-Apr
2019-03-25,2018,3.1585503998292053,2.9770925045013428,T_east_deep,M3_XGBoost,Feb-Apr
2019-03-30,2018,2.7801352995591704,2.8818092346191406,T_east_deep,M3_XGBoost,Feb-Apr
2019-04-04,2018,2.7714317667939663,2.5542256832122803,T_east_deep,M3_XGBoost,Feb-Apr
2019-04-09,2018,3.5164598404014495,2.7398993968963623,T_east_deep,M3_XGBoost,Feb-Apr
2019-09-26,2019,2.071168596973847,1.8233304023742676,T_east_deep,M3_XGBoost,May-Oct
2019-10-16,2019,0.4181083185135382,-0.054572541266679764,T_east_deep,M3_XGBoost,May-Oct
2019-10-21,2019,1.777853619275688,1.0944983959197998,T_east_deep,M3_XGBoost,May-Oct
2019-10-31,2019,2.1169371248223676,2.0573649406433105,T_east_deep,M3_XGBoost,May-Oct
2019-11-05,2019,1.9014609296543863,1.839253544807434,T_east_deep,M3_XGBoost,Nov-Jan
2019-11-15,2019,1.3037250825172928,1.8966500759124756,T_east_deep,M3_XGBoost,Nov-Jan
2019-11-20,2019,1.458026213317959,0.8376672863960266,T_east_deep,M3_XGBoost,Nov-Jan
2019-11-25,2019,1.8034644447951313,1.423170804977417,T_east_deep,M3_XGBoost,Nov-Jan
2019-11-30,2019,1.2105672467471147,1.0314651727676392,T_east_deep,M3_XGBoost,Nov-Jan
2019-12-05,2019,0.9596997459300435,0.6783004999160767,T_east_deep,M3_XGBoost,Nov-Jan
2019-12-10,2019,1.9155945946982431,1.9808443784713745,T_east_deep,M3_XGBoost,Nov-Jan
2019-12-15,2019,1.979792125423734,1.936842441558838,T_east_deep,M3_XGBoost,Nov-Jan
2019-12-20,2019,2.2201366947737204,2.297295331954956,T_east_deep,M3_XGBoost,Nov-Jan
2019-12-25,2019,1.5223299759990365,1.7053778171539307,T_east_deep,M3_XGBoost,Nov-Jan
2019-12-30,2019,1.8823967448837013,2.0419960021972656,T_east_deep,M3_XGBoost,Nov-Jan
2020-01-09,2019,1.589520631314882,1.4676971435546875,T_east_deep,M3_XGBoost,Nov-Jan
2020-01-14,2019,1.6189480276640387,1.4347517490386963,T_east_deep,M3_XGBoost,Nov-Jan
2020-01-19,2019,1.0276430097007925,1.512364387512207,T_east_deep,M3_XGBoost,Nov-Jan
2020-01-24,2019,5.201709308815652,4.512417316436768,T_east_deep,M3_XGBoost,Nov-Jan
2020-01-29,2019,4.296205003726959,4.035608768463135,T_east_deep,M3_XGBoost,Nov-Jan
2020-02-03,2019,2.338921550710156,2.563591480255127,T_east_deep,M3_XGBoost,Feb-Apr
2020-02-08,2019,2.2124272868301205,2.3495712280273438,T_east_deep,M3_XGBoost,Feb-Apr
2020-02-13,2019,4.349628120374996,4.019108295440674,T_east_deep,M3_XGBoost,Feb-Apr
2020-02-18,2019,2.703653257717317,2.7992584705352783,T_east_deep,M3_XGBoost,Feb-Apr
2020-02-23,2019,2.2085589361016726,2.3192334175109863,T_east_deep,M3_XGBoost,Feb-Apr
2020-02-28,2019,2.2990113568034336,2.30351185798645,T_east_deep,M3_XGBoost,Feb-Apr
2020-03-04,2019,2.395414239728545,2.4183785915374756,T_east_deep,M3_XGBoost,Feb-Apr
2020-03-09,2019,2.227810304324791,2.42191219329834,T_east_deep,M3_XGBoost,Feb-Apr
2020-03-14,2019,2.768523793500187,2.65600848197937,T_east_deep,M3_XGBoost,Feb-Apr
2020-03-24,2019,2.828916100596651,3.0287563800811768,T_east_deep,M3_XGBoost,Feb-Apr
2020-11-09,2020,1.1356160388213488,1.1576272249221802,T_east_deep,M3_XGBoost,Nov-Jan
2020-11-14,2020,1.1778372499551961,1.0753248929977417,T_east_deep,M3_XGBoost,Nov-Jan
2020-11-19,2020,4.818394115781765,4.236844062805176,T_east_deep,M3_XGBoost,Nov-Jan
2020-11-24,2020,1.4246029991483422,1.508599042892456,T_east_deep,M3_XGBoost,Nov-Jan
2020-11-29,2020,0.4812726643528476,0.8460312485694885,T_east_deep,M3_XGBoost,Nov-Jan
2020-12-09,2020,5.05749167660184,4.264957427978516,T_east_deep,M3_XGBoost,Nov-Jan
2020-12-14,2020,1.8135775692474982,1.636889934539795,T_east_deep,M3_XGBoost,Nov-Jan
2020-12-19,2020,2.1614092607748017,2.1096434593200684,T_east_deep,M3_XGBoost,Nov-Jan
2020-12-24,2020,1.8434844403745838,1.991755485534668,T_east_deep,M3_XGBoost,Nov-Jan
2021-01-03,2020,1.6703119973762248,1.4758069515228271,T_east_deep,M3_XGBoost,Nov-Jan
2021-01-08,2020,1.1861043063301773,1.195906639099121,T_east_deep,M3_XGBoost,Nov-Jan
2021-01-13,2020,2.3673899128250118,2.1599838733673096,T_east_deep,M3_XGBoost,Nov-Jan
2021-01-18,2020,1.9571864942767627,1.9397531747817993,T_east_deep,M3_XGBoost,Nov-Jan
2021-01-23,2020,3.0213008252446576,2.792447805404663,T_east_deep,M3_XGBoost,Nov-Jan
2021-01-28,2020,1.934226844330863,2.077225685119629,T_east_deep,M3_XGBoost,Nov-Jan
2021-02-02,2020,2.0456195688252725,2.2480199337005615,T_east_deep,M3_XGBoost,Feb-Apr
2021-02-07,2020,2.4869880404994955,2.5254065990448,T_east_deep,M3_XGBoost,Feb-Apr
2021-02-12,2020,2.30998696723167,2.2047119140625,T_east_deep,M3_XGBoost,Feb-Apr
2021-02-17,2020,2.1494033864658717,2.3271288871765137,T_east_deep,M3_XGBoost,Feb-Apr
2021-02-22,2020,1.9752986418145608,2.0283517837524414,T_east_deep,M3_XGBoost,Feb-Apr
2021-03-04,2020,3.0514168520260787,2.5426952838897705,T_east_deep,M3_XGBoost,Feb-Apr
2021-03-09,2020,2.7685237935001874,2.8007333278656006,T_east_deep,M3_XGBoost,Feb-Apr
2021-03-14,2020,4.58782446531803,3.624032735824585,T_east_deep,M3_XGBoost,Feb-Apr
2021-03-24,2020,2.700662128520774,2.9800989627838135,T_east_deep,M3_XGBoost,Feb-Apr
2021-10-10,2021,2.59023728191204,2.3110060691833496,T_east_deep,M3_XGBoost,May-Oct
2021-10-30,2021,1.3902613095226508,1.2904943227767944,T_east_deep,M3_XGBoost,May-Oct
2021-11-09,2021,0.7638414915468463,0.6426255702972412,T_east_deep,M3_XGBoost,Nov-Jan
2021-11-19,2021,1.1778372499551946,0.7001129388809204,T_east_deep,M3_XGBoost,Nov-Jan
2021-11-24,2021,0.677424231775276,0.44153648614883423,T_east_deep,M3_XGBoost,Nov-Jan
2021-11-29,2021,1.5097268696597193,1.288857102394104,T_east_deep,M3_XGBoost,Nov-Jan
2021-12-09,2021,1.1695123589945906,1.0640476942062378,T_east_deep,M3_XGBoost,Nov-Jan
2021-12-14,2021,1.7305143146387725,1.5635319948196411,T_east_deep,M3_XGBoost,Nov-Jan
2021-12-19,2021,0.6382303197421414,0.6306748390197754,T_east_deep,M3_XGBoost,Nov-Jan
2021-12-24,2021,1.8461206071584548,1.9819748401641846,T_east_deep,M3_XGBoost,Nov-Jan
2021-12-29,2021,1.929591191672946,1.9046764373779297,T_east_deep,M3_XGBoost,Nov-Jan
2022-01-08,2021,0.6113083434673001,0.6509589552879333,T_east_deep,M3_XGBoost,Nov-Jan
2022-01-13,2021,2.0064711053035484,1.6114777326583862,T_east_deep,M3_XGBoost,Nov-Jan
2022-01-18,2021,1.1441814877665057,1.350972056388855,T_east_deep,M3_XGBoost,Nov-Jan
2022-01-23,2021,2.0020576739088645,2.02022123336792,T_east_deep,M3_XGBoost,Nov-Jan
2022-02-07,2021,2.42643723968151,2.5690815448760986,T_east_deep,M3_XGBoost,Feb-Apr
2022-02-12,2021,4.81712534010645,4.525733947753906,T_east_deep,M3_XGBoost,Feb-Apr
2022-02-17,2021,2.384955706033313,2.3213608264923096,T_east_deep,M3_XGBoost,Feb-Apr
2022-02-22,2021,2.2354485886177637,2.251974105834961,T_east_deep,M3_XGBoost,Feb-Apr
2022-02-27,2021,1.5223299759990376,1.5873371362686157,T_east_deep,M3_XGBoost,Feb-Apr
2022-03-04,2021,1.948045938157839,1.9413810968399048,T_east_deep,M3_XGBoost,Feb-Apr
2022-03-09,2021,2.3709167191808733,2.312579393386841,T_east_deep,M3_XGBoost,Feb-Apr
2022-03-14,2021,2.356767454903689,2.522451639175415,T_east_deep,M3_XGBoost,Feb-Apr
2022-03-19,2021,2.3919346773774808,2.3642687797546387,T_east_deep,M3_XGBoost,Feb-Apr
2022-03-24,2021,2.5198258421069633,2.4649431705474854,T_east_deep,M3_XGBoost,Feb-Apr
2022-08-31,2022,1.3185783613765398,0.7385702729225159,T_east_deep,M3_XGBoost,May-Oct
2022-10-05,2022,2.145381284717333,2.2991888523101807,T_east_deep,M3_XGBoost,May-Oct
2022-10-10,2022,0.05391151590326198,0.03420227766036987,T_east_deep,M3_XGBoost,May-Oct
2022-10-15,2022,2.1574173045285,2.1856465339660645,T_east_deep,M3_XGBoost,May-Oct
2022-10-20,2022,0.16240980244042832,0.7294407486915588,T_east_deep,M3_XGBoost,May-Oct
2022-10-30,2022,1.7983801142568117,1.8134459257125854,T_east_deep,M3_XGBoost,May-Oct
2022-11-09,2022,2.2619111016918163,1.848197102546692,T_east_deep,M3_XGBoost,Nov-Jan
2022-11-14,2022,0.8329554767263918,1.2015353441238403,T_east_deep,M3_XGBoost,Nov-Jan
2022-11-24,2022,2.0837853984732684,1.9943753480911255,T_east_deep,M3_XGBoost,Nov-Jan
2022-12-04,2022,1.509726869659724,1.6926627159118652,T_east_deep,M3_XGBoost,Nov-Jan
2022-12-09,2022,0.8217267647990584,0.8147822618484497,T_east_deep,M3_XGBoost,Nov-Jan
2022-12-14,2022,2.5230799187395556,2.7125227451324463,T_east_deep,M3_XGBoost,Nov-Jan
2022-12-24,2022,2.8186318447327667,4.010119438171387,T_east_deep,M3_XGBoost,Nov-Jan
2022-12-29,2022,2.771431766793965,2.6903438568115234,T_east_deep,M3_XGBoost,Nov-Jan
2023-01-03,2022,1.906187591922353,1.7940449714660645,T_east_deep,M3_XGBoost,Nov-Jan
2023-01-08,2022,3.497243261946971,3.489429473876953,T_east_deep,M3_XGBoost,Nov-Jan
2023-01-13,2022,1.3620867219978743,1.5327348709106445,T_east_deep,M3_XGBoost,Nov-Jan
2023-01-18,2022,5.250904446610198,4.73822546005249,T_east_deep,M3_XGBoost,Nov-Jan
2023-01-23,2022,1.877590691771639,1.8611650466918945,T_east_deep,M3_XGBoost,Nov-Jan
2023-01-28,2022,2.360315323718102,2.3848586082458496,T_east_deep,M3_XGBoost,Nov-Jan
2023-02-02,2022,2.2768481387778947,2.0094192028045654,T_east_deep,M3_XGBoost,Feb-Apr
2023-02-07,2022,2.4092665719191686,2.403111457824707,T_east_deep,M3_XGBoost,Feb-Apr
2023-02-12,2022,2.4058133231772354,2.5045108795166016,T_east_deep,M3_XGBoost,Feb-Apr
2023-02-17,2022,2.4670168588951276,2.4638476371765137,T_east_deep,M3_XGBoost,Feb-Apr
2023-02-22,2022,3.6073331974017138,3.5989129543304443,T_east_deep,M3_XGBoost,Feb-Apr
2023-02-27,2022,2.002057673908864,2.0333101749420166,T_east_deep,M3_XGBoost,Feb-Apr
2023-03-04,2022,2.181221753266929,2.278412342071533,T_east_deep,M3_XGBoost,Feb-Apr
2023-03-09,2022,2.2842677753981953,2.5314419269561768,T_east_deep,M3_XGBoost,Feb-Apr
2023-03-14,2022,2.624571557551717,2.341001272201538,T_east_deep,M3_XGBoost,Feb-Apr
2023-03-29,2022,2.655319175771395,2.5954835414886475,T_east_deep,M3_XGBoost,Feb-Apr
2023-09-15,2023,3.7460538323194994,3.0073342323303223,T_east_deep,M3_XGBoost,May-Oct
2023-09-25,2023,2.243052012318523,2.0647735595703125,T_east_deep,M3_XGBoost,May-Oct
2023-10-10,2023,2.3099869672316715,1.9757291078567505,T_east_deep,M3_XGBoost,May-Oct
2023-10-15,2023,2.1251164124266393,2.213205575942993,T_east_deep,M3_XGBoost,May-Oct
2023-10-20,2023,0.14157879233569817,0.5737990140914917,T_east_deep,M3_XGBoost,May-Oct
2023-10-30,2023,0.7152824574703837,1.0015544891357422,T_east_deep,M3_XGBoost,May-Oct
2023-11-09,2023,2.1614092607748026,2.07671856880188,T_east_deep,M3_XGBoost,Nov-Jan
2023-11-14,2023,1.5160439702574908,1.6119686365127563,T_east_deep,M3_XGBoost,Nov-Jan
2023-11-19,2023,1.0370317670132019,1.780575156211853,T_east_deep,M3_XGBoost,Nov-Jan
2023-11-24,2023,0.887488175270015,0.37928634881973267,T_east_deep,M3_XGBoost,Nov-Jan
2023-12-09,2023,2.0370071077376535,2.475817918777466,T_east_deep,M3_XGBoost,Nov-Jan
2023-12-14,2023,1.8727683544109721,1.881221055984497,T_east_deep,M3_XGBoost,Nov-Jan
2023-12-19,2023,1.4514123716218157,1.3875166177749634,T_east_deep,M3_XGBoost,Nov-Jan
2023-12-24,2023,1.3477545606332764,1.259564995765686,T_east_deep,M3_XGBoost,Nov-Jan
2023-12-29,2023,1.9480459381578394,1.8768694400787354,T_east_deep,M3_XGBoost,Nov-Jan
2024-01-03,2023,0.7638414915468454,0.8288102746009827,T_east_deep,M3_XGBoost,Nov-Jan
2024-01-08,2023,1.6013713319024565,1.6295862197875977,T_east_deep,M3_XGBoost,Nov-Jan
2024-01-13,2023,2.161409260774804,1.9625084400177002,T_east_deep,M3_XGBoost,Nov-Jan
2024-01-18,2023,2.2990113568034336,2.1135058403015137,T_east_deep,M3_XGBoost,Nov-Jan
2024-01-23,2023,1.3620867219978763,1.6062744855880737,T_east_deep,M3_XGBoost,Nov-Jan
2024-01-28,2023,2.3638560407739293,2.030447483062744,T_east_deep,M3_XGBoost,Nov-Jan
2024-02-02,2023,2.5489241379712477,2.57212495803833,T_east_deep,M3_XGBoost,Feb-Apr
2024-02-07,2023,4.6771499131793535,4.590877532958984,T_east_deep,M3_XGBoost,Feb-Apr
2024-02-12,2023,4.448421734835693,3.681893825531006,T_east_deep,M3_XGBoost,Feb-Apr
2024-02-17,2023,4.788200002329205,4.864949703216553,T_east_deep,M3_XGBoost,Feb-Apr
2024-02-22,2023,2.5712719689972947,2.4908084869384766,T_east_deep,M3_XGBoost,Feb-Apr
2024-02-27,2023,2.724485267868215,2.8996224403381348,T_east_deep,M3_XGBoost,Feb-Apr
2024-03-03,2023,2.6614176855953544,2.668653964996338,T_east_deep,M3_XGBoost,Feb-Apr
2024-03-08,2023,2.503475302302544,2.403242588043213,T_east_deep,M3_XGBoost,Feb-Apr
2024-03-13,2023,2.3884485994922238,2.659040927886963,T_east_deep,M3_XGBoost,Feb-Apr
2024-03-18,2023,2.2007949240513405,2.2727816104888916,T_east_deep,M3_XGBoost,Feb-Apr
2024-03-28,2023,2.605912259605281,2.77504825592041,T_east_deep,M3_XGBoost,Feb-Apr
2024-04-12,2023,2.751004020241878,3.1523125171661377,T_east_deep,M3_XGBoost,Feb-Apr
2024-04-27,2023,2.6461398914452667,3.253711223602295,T_east_deep,M3_XGBoost,Feb-Apr
2024-05-12,2024,2.054183453072109,1.579810619354248,T_east_deep,M3_XGBoost,May-Oct
2024-09-19,2024,0.7873541885218405,1.4595427513122559,T_east_deep,M3_XGBoost,May-Oct
2024-09-29,2024,2.0963001874942586,1.8866608142852783,T_east_deep,M3_XGBoost,May-Oct
2024-10-09,2024,1.2886884007267578,1.4398231506347656,T_east_deep,M3_XGBoost,May-Oct
2024-10-14,2024,1.872768354410968,1.6044403314590454,T_east_deep,M3_XGBoost,May-Oct
2024-10-19,2024,4.208694400851384,2.372314453125,T_east_deep,M3_XGBoost,May-Oct
2024-10-29,2024,2.739253982894373,2.7432146072387695,T_east_deep,M3_XGBoost,May-Oct
2017-01-09,2016,0.45014903352526964,0.6782816910970297,T_west_deep,M0_Ratio,Nov-Jan
2017-02-08,2016,1.8967186546234616,2.0970348913844066,T_west_deep,M0_Ratio,Feb-Apr
2017-02-18,2016,1.961735483305866,2.0785128734284353,T_west_deep,M0_Ratio,Feb-Apr
2017-10-16,2017,0.6645129301189998,-0.8389424482162475,T_west_deep,M0_Ratio,May-Oct
2017-11-05,2017,1.3972059019991212,1.0799686747429813,T_west_deep,M0_Ratio,Nov-Jan
2017-11-10,2017,0.8329554767263934,1.129224075348115,T_west_deep,M0_Ratio,Nov-Jan
2017-11-30,2017,0.6113083434673001,0.4193411776620293,T_west_deep,M0_Ratio,Nov-Jan
2017-12-15,2017,1.5715398010498778,1.7811030318540733,T_west_deep,M0_Ratio,Nov-Jan
2017-12-20,2017,0.18284122315589654,0.3764135332337876,T_west_deep,M0_Ratio,Nov-Jan
2017-12-30,2017,1.7517569705272726,0.8338891252502667,T_west_deep,M0_Ratio,Nov-Jan
2018-01-04,2017,2.037007107737653,2.2605148120644176,T_west_deep,M0_Ratio,Nov-Jan
2018-01-09,2017,1.9752986418145577,2.380179405611354,T_west_deep,M0_Ratio,Nov-Jan
2018-01-19,2017,0.638230319742146,0.974918340274498,T_west_deep,M0_Ratio,Nov-Jan
2018-01-29,2017,1.9342268443308617,2.3210098715481853,T_west_deep,M0_Ratio,Nov-Jan
2018-02-13,2017,1.7674745292084386,1.7722392068233874,T_west_deep,M0_Ratio,Feb-Apr
2018-02-23,2017,2.4535866104385624,2.620112468029306,T_west_deep,M0_Ratio,Feb-Apr
2018-03-05,2017,2.4400608285843317,2.589444866704331,T_west_deep,M0_Ratio,Feb-Apr
2018-03-10,2017,2.423015723314731,2.4170683643576454,T_west_deep,M0_Ratio,Feb-Apr
2018-04-09,2017,2.3172656174527764,2.2210158097032826,T_west_deep,M0_Ratio,Feb-Apr
2018-10-16,2018,2.0753856795352243,1.9085924360887183,T_west_deep,M0_Ratio,May-Oct
2018-11-25,2018,1.2886884007267556,1.5210274371807078,T_west_deep,M0_Ratio,Nov-Jan
2018-11-30,2018,0.969654224423121,0.8669190782074545,T_west_deep,M0_Ratio,Nov-Jan
2018-12-10,2018,0.7028054378335604,0.768822793562606,T_west_deep,M0_Ratio,Nov-Jan
2018-12-25,2018,1.901460929654387,1.774971771385086,T_west_deep,M0_Ratio,Nov-Jan
2018-12-30,2018,1.4380793506097547,1.8022981108255416,T_west_deep,M0_Ratio,Nov-Jan
2019-01-04,2018,0.7276213558834279,1.165529197788535,T_west_deep,M0_Ratio,Nov-Jan
2019-01-09,2018,1.9108987709431917,1.8824252949339777,T_west_deep,M0_Ratio,Nov-Jan
2019-01-19,2018,2.4195880381973187,2.682066843598128,T_west_deep,M0_Ratio,Nov-Jan
2019-01-24,2018,1.8967186546234605,1.710987195393542,T_west_deep,M0_Ratio,Nov-Jan
2019-01-29,2018,4.047105398642562,4.5426556599376475,T_west_deep,M0_Ratio,Nov-Jan
2019-02-03,2018,1.6870006330314518,1.9303628206905417,T_west_deep,M0_Ratio,Feb-Apr
2019-02-08,2018,1.0181777318039675,1.0564101018387928,T_west_deep,M0_Ratio,Feb-Apr
2019-02-13,2018,1.3332533173632883,1.5493036124181352,T_west_deep,M0_Ratio,Feb-Apr
2019-02-18,2018,4.95365449971076,4.805946799247206,T_west_deep,M0_Ratio,Feb-Apr
2019-02-23,2018,2.1968991396059234,2.4851015121087716,T_west_deep,M0_Ratio,Feb-Apr
2019-02-28,2018,2.079591252001898,2.223324133957176,T_west_deep,M0_Ratio,Feb-Apr
2019-03-05,2018,3.4276786333833202,3.444387459293589,T_west_deep,M0_Ratio,Feb-Apr
2019-03-10,2018,2.363856040773927,2.441624823282491,T_west_deep,M0_Ratio,Feb-Apr
2019-03-15,2018,2.235448588617758,2.5635416623045986,T_west_deep,M0_Ratio,Feb-Apr
2019-03-20,2018,2.6916652756393837,2.5089194276815023,T_west_deep,M0_Ratio,Feb-Apr
2019-03-25,2018,3.47773393668734,2.984850997811563,T_west_deep,M0_Ratio,Feb-Apr
2019-03-30,2018,2.6796145243907024,3.285644228760143,T_west_deep,M0_Ratio,Feb-Apr
2019-04-04,2018,2.759779556268471,2.6497355603733093,T_west_deep,M0_Ratio,Feb-Apr
2019-04-09,2018,2.6522635943291446,2.705258250201947,T_west_deep,M0_Ratio,Feb-Apr
2019-09-26,2019,2.049907527650859,2.1342381363784586,T_west_deep,M0_Ratio,May-Oct
2019-10-16,2019,0.664512930119001,0.07644543367672227,T_west_deep,M0_Ratio,May-Oct
2019-10-21,2019,1.6013713319024598,1.3380422539568642,T_west_deep,M0_Ratio,May-Oct
2019-10-31,2019,3.49098790274382,2.0980103012761555,T_west_deep,M0_Ratio,May-Oct
2019-11-05,2019,1.767474529208446,1.838552329185188,T_west_deep,M0_Ratio,Nov-Jan
2019-11-15,2019,2.409266571919167,1.879810571342834,T_west_deep,M0_Ratio,Nov-Jan
2019-11-20,2019,1.4841402604946692,1.0072364997162293,T_west_deep,M0_Ratio,Nov-Jan
2019-11-25,2019,1.5533058248100813,1.4988198700952968,T_west_deep,M0_Ratio,Nov-Jan
2019-11-30,2019,0.677424231775271,0.8950643604113844,T_west_deep,M0_Ratio,Nov-Jan
2019-12-05,2019,0.5115324844400292,0.7391316905130306,T_west_deep,M0_Ratio,Nov-Jan
2019-12-10,2019,1.863074268175889,1.8825888661501522,T_west_deep,M0_Ratio,Nov-Jan
2019-12-15,2019,2.141348993404326,1.9069374174032157,T_west_deep,M0_Ratio,Nov-Jan
2019-12-20,2019,2.21242728683012,2.5026167913868744,T_west_deep,M0_Ratio,Nov-Jan
2019-12-25,2019,1.7464773247696768,1.789754755596615,T_west_deep,M0_Ratio,Nov-Jan
2019-12-30,2019,1.8533133512772437,1.9271487147075446,T_west_deep,M0_Ratio,Nov-Jan
2020-01-09,2019,1.347754560633278,1.694233845419773,T_west_deep,M0_Ratio,Nov-Jan
2020-01-14,2019,1.534810221968101,1.5177409437750105,T_west_deep,M0_Ratio,Nov-Jan
2020-01-19,2019,0.9893088127310627,1.2195071163098858,T_west_deep,M0_Ratio,Nov-Jan
2020-01-24,2019,5.184973232191536,5.331425147611212,T_west_deep,M0_Ratio,Nov-Jan
2020-01-29,2019,3.594213248660938,4.350420859900842,T_west_deep,M0_Ratio,Nov-Jan
2020-02-03,2019,2.2316337617538733,2.58194777332307,T_west_deep,M0_Ratio,Feb-Apr
2020-02-08,2019,1.7983801142568114,2.3334584375876233,T_west_deep,M0_Ratio,Feb-Apr
2020-02-13,2019,3.3875148062384453,4.156478039011771,T_west_deep,M0_Ratio,Feb-Apr
2020-02-18,2019,2.6027864630522277,2.8522292682994026,T_west_deep,M0_Ratio,Feb-Apr
2020-02-23,2019,2.1087150110608937,2.1985283024888727,T_west_deep,M0_Ratio,Feb-Apr
2020-02-28,2019,2.2316337617538737,2.4808702039861217,T_west_deep,M0_Ratio,Feb-Apr
2020-03-04,2019,2.0795912520018938,2.393289584207119,T_west_deep,M0_Ratio,Feb-Apr
2020-03-09,2019,2.2046815986789636,2.245852506766292,T_west_deep,M0_Ratio,Feb-Apr
2020-03-14,2019,3.3434744060886707,2.6971090347491877,T_west_deep,M0_Ratio,Feb-Apr
2020-03-24,2019,2.6338412199512713,2.7821330555483446,T_west_deep,M0_Ratio,Feb-Apr
2020-11-09,2020,1.5348102219681006,0.9735790236832962,T_west_deep,M0_Ratio,Nov-Jan
2020-11-14,2020,1.6477295934987697,0.662953931066184,T_west_deep,M0_Ratio,Nov-Jan
2020-11-19,2020,4.765618181883685,4.912108983819845,T_west_deep,M0_Ratio,Nov-Jan
2020-11-24,2020,1.7881550747612838,1.747126446260827,T_west_deep,M0_Ratio,Nov-Jan
2020-11-29,2020,1.1695123589945908,0.8314642391968421,T_west_deep,M0_Ratio,Nov-Jan
2020-12-09,2020,4.760404825309965,5.084385462201654,T_west_deep,M0_Ratio,Nov-Jan
2020-12-14,2020,1.8871866513180657,1.754855304735552,T_west_deep,M0_Ratio,Nov-Jan
2020-12-19,2020,2.5489241379712477,2.523993339174901,T_west_deep,M0_Ratio,Nov-Jan
2020-12-24,2020,1.7517569705272722,2.052961713433869,T_west_deep,M0_Ratio,Nov-Jan
2021-01-03,2020,1.9061875919223534,1.6303185390128794,T_west_deep,M0_Ratio,Nov-Jan
2021-01-08,2020,0.9395282704505368,1.2194399657943304,T_west_deep,M0_Ratio,Nov-Jan
2021-01-13,2020,2.3954142397285456,2.389774443358337,T_west_deep,M0_Ratio,Nov-Jan
2021-01-18,2020,1.9617354833058611,2.06945714678204,T_west_deep,M0_Ratio,Nov-Jan
2021-01-23,2020,2.745136121391249,3.2540759592293904,T_west_deep,M0_Ratio,Nov-Jan
2021-01-28,2020,1.9061875919223532,2.1679626383786172,T_west_deep,M0_Ratio,Nov-Jan
2021-02-02,2020,1.9707914463644478,2.1425685663779785,T_west_deep,M0_Ratio,Feb-Apr
2021-02-07,2020,2.4670168588951293,2.669741763574758,T_west_deep,M0_Ratio,Feb-Apr
2021-02-12,2020,2.2543928506063073,2.4494596637812167,T_west_deep,M0_Ratio,Feb-Apr
2021-02-17,2020,2.65837045615321,2.4495026341195256,T_west_deep,M0_Ratio,Feb-Apr
2021-02-22,2020,2.116937124822366,2.172151152375749,T_west_deep,M0_Ratio,Feb-Apr
2021-03-04,2020,2.727446369090275,2.5370879509070203,T_west_deep,M0_Ratio,Feb-Apr
2021-03-09,2020,2.733357450722274,3.152187469574562,T_west_deep,M0_Ratio,Feb-Apr
2021-03-14,2020,4.3038949035606855,4.477606336147572,T_west_deep,M0_Ratio,Feb-Apr
2021-03-24,2020,2.587088359558296,3.257268573203916,T_west_deep,M0_Ratio,Feb-Apr
2021-10-10,2021,2.706640659347738,2.351970393642983,T_west_deep,M0_Ratio,May-Oct
2021-10-30,2021,1.772673880139067,1.414415598403877,T_west_deep,M0_Ratio,May-Oct
2021-11-09,2021,0.5837130619675897,0.6486224476118188,T_west_deep,M0_Ratio,Nov-Jan
2021-11-19,2021,0.8767891386490758,0.593066287921644,T_west_deep,M0_Ratio,Nov-Jan
2021-11-24,2021,0.434246869365393,0.3951607059820444,T_west_deep,M0_Ratio,Nov-Jan
2021-11-29,2021,1.2580443720405474,1.4082123290557043,T_west_deep,M0_Ratio,Nov-Jan
2021-12-09,2021,1.2024684163076436,1.2047884395645878,T_west_deep,M0_Ratio,Nov-Jan
2021-12-14,2021,1.7517569705272722,1.8432391173628577,T_west_deep,M0_Ratio,Nov-Jan
2021-12-19,2021,0.36819856651326693,0.7717934808698679,T_west_deep,M0_Ratio,Nov-Jan
2021-12-24,2021,2.1004494537812963,2.153946682777791,T_west_deep,M0_Ratio,Nov-Jan
2021-12-29,2021,1.7570162604019943,2.0039120310618768,T_west_deep,M0_Ratio,Nov-Jan
2022-01-08,2021,-0.11954112721735694,0.651823576608211,T_west_deep,M0_Ratio,Nov-Jan
2022-01-13,2021,2.116937124822367,1.807219207109809,T_west_deep,M0_Ratio,Nov-Jan
2022-01-18,2021,0.9596997459300435,1.492982432546569,T_west_deep,M0_Ratio,Nov-Jan
2022-01-23,2021,2.062699560805299,2.0888398877761842,T_west_deep,M0_Ratio,Nov-Jan
2022-02-07,2021,2.3919346773774817,2.6576762969332326,T_west_deep,M0_Ratio,Feb-Apr
2022-02-12,2021,5.054732149616479,4.984824246969738,T_west_deep,M0_Ratio,Feb-Apr
2022-02-17,2021,2.335330774860709,2.558080200683786,T_west_deep,M0_Ratio,Feb-Apr
2022-02-22,2021,2.477028243617811,2.3062884741140004,T_west_deep,M0_Ratio,Feb-Apr
2022-02-27,2021,1.3762541882539145,1.6405790778818343,T_west_deep,M0_Ratio,Feb-Apr
2022-03-04,2021,1.9295911916729473,2.1352873886643082,T_west_deep,M0_Ratio,Feb-Apr
2022-03-09,2021,2.2731261094633934,2.4582669283442677,T_west_deep,M0_Ratio,Feb-Apr
2022-03-14,2021,2.2879656244986593,2.5807854662564003,T_west_deep,M0_Ratio,Feb-Apr
2022-03-19,2021,2.3425051753805386,2.5012391029592123,T_west_deep,M0_Ratio,Feb-Apr
2022-03-24,2021,2.4366642544091413,2.4111029880753914,T_west_deep,M0_Ratio,Feb-Apr
2022-08-01,2022,2.6245715575517163,2.2316062242602057,T_west_deep,M0_Ratio,May-Oct
2022-08-31,2022,1.4580262133179596,1.2461020560491667,T_west_deep,M0_Ratio,May-Oct
2022-10-05,2022,3.6729665661343707,2.4271068117575143,T_west_deep,M0_Ratio,May-Oct
2022-10-10,2022,1.1182964657291858,-0.4104764116710582,T_west_deep,M0_Ratio,May-Oct
2022-10-15,2022,2.5424939893334915,2.210784826316381,T_west_deep,M0_Ratio,May-Oct
2022-10-20,2022,0.6248513161908295,0.5338416640780985,T_west_deep,M0_Ratio,May-Oct
2022-10-30,2022,2.0669399193479934,1.9333246371277104,T_west_deep,M0_Ratio,May-Oct
2022-11-04,2022,4.686722835284746,2.733435867937594,T_west_deep,M0_Ratio,Nov-Jan
2022-11-09,2022,2.2879656244986597,2.1275337031615353,T_west_deep,M0_Ratio,Nov-Jan
2022-11-14,2022,1.9480459381578412,1.32824155050247,T_west_deep,M0_Ratio,Nov-Jan
2022-11-24,2022,2.246840864881959,2.1370441571791576,T_west_deep,M0_Ratio,Nov-Jan
2022-12-04,2022,1.6534113289172538,1.6791233363371625,T_west_deep,M0_Ratio,Nov-Jan
2022-12-09,2022,1.1695123589945908,0.6997082380499714,T_west_deep,M0_Ratio,Nov-Jan
2022-12-14,2022,2.751004020241876,2.837542771328677,T_west_deep,M0_Ratio,Nov-Jan
2022-12-24,2022,3.9709665698319694,4.196160315585955,T_west_deep,M0_Ratio,Nov-Jan
2022-12-29,2022,3.2192100919018096,3.1984682407047145,T_west_deep,M0_Ratio,Nov-Jan
2023-01-03,2022,1.6703119973762248,1.938994237628799,T_west_deep,M0_Ratio,Nov-Jan
2023-01-08,2022,3.2305021153544993,3.713627235781157,T_west_deep,M0_Ratio,Nov-Jan
2023-01-13,2022,1.2024684163076442,1.5342431938935166,T_west_deep,M0_Ratio,Nov-Jan
2023-01-18,2022,5.032181944875944,5.3144823344448096,T_west_deep,M0_Ratio,Nov-Jan
2023-01-23,2022,1.6590687945009648,2.1632131305984594,T_west_deep,M0_Ratio,Nov-Jan
2023-01-28,2022,2.5295721138793477,2.5278578134263108,T_west_deep,M0_Ratio,Nov-Jan
2023-02-02,2022,2.1169371248223663,2.1866223495710964,T_west_deep,M0_Ratio,Feb-Apr
2023-02-07,2022,2.338921550710158,2.586131297341819,T_west_deep,M0_Ratio,Feb-Apr
2023-02-12,2022,2.3172656174527795,2.505067139115824,T_west_deep,M0_Ratio,Feb-Apr
2023-02-17,2022,2.6027864630522277,2.6359112339096264,T_west_deep,M0_Ratio,Feb-Apr
2023-02-22,2022,2.6214729331731483,3.648901110380298,T_west_deep,M0_Ratio,Feb-Apr
2023-02-27,2022,1.934226844330863,2.1037523783304115,T_west_deep,M0_Ratio,Feb-Apr
2023-03-04,2022,2.1574173045285034,2.4310054265205,T_west_deep,M0_Ratio,Feb-Apr
2023-03-09,2022,2.2354485886177655,2.5221197295957314,T_west_deep,M0_Ratio,Feb-Apr
2023-03-14,2022,2.360315323718105,2.431221260050711,T_west_deep,M0_Ratio,Feb-Apr
2023-03-29,2022,2.561724004057773,2.6475913373712423,T_west_deep,M0_Ratio,Feb-Apr
2023-09-15,2023,3.9691602135133004,2.7449022924866386,T_west_deep,M0_Ratio,May-Oct
2023-09-25,2023,3.293372208226213,2.23807409048625,T_west_deep,M0_Ratio,May-Oct
2023-10-10,2023,2.349650616626286,2.2668698000674734,T_west_deep,M0_Ratio,May-Oct
2023-10-15,2023,2.633841219951272,2.4117374486308223,T_west_deep,M0_Ratio,May-Oct
2023-10-20,2023,0.8980876283337806,0.10231620069720271,T_west_deep,M0_Ratio,May-Oct
2023-10-30,2023,1.2424259233265758,1.1210900678898614,T_west_deep,M0_Ratio,May-Oct
2023-11-09,2023,2.374436764876066,2.1970053029539702,T_west_deep,M0_Ratio,Nov-Jan
2023-11-14,2023,1.4041118872689222,1.5373795664264183,T_west_deep,M0_Ratio,Nov-Jan
2023-11-19,2023,1.2424259233265722,1.85066207053416,T_west_deep,M0_Ratio,Nov-Jan
2023-11-24,2023,0.6382303197421408,0.5462434806066441,T_west_deep,M0_Ratio,Nov-Jan
2023-12-09,2023,2.3245140141648446,2.4199663010090613,T_west_deep,M0_Ratio,Nov-Jan
2023-12-14,2023,1.882396744883703,2.036849636344099,T_west_deep,M0_Ratio,Nov-Jan
2023-12-19,2023,1.3111743249611627,1.4872866837677545,T_west_deep,M0_Ratio,Nov-Jan
2023-12-24,2023,1.177837249955193,1.4706884058739185,T_west_deep,M0_Ratio,Nov-Jan
2023-12-29,2023,1.9155945946982433,2.150213419464016,T_west_deep,M0_Ratio,Nov-Jan
2024-01-03,2023,0.5696516995687104,0.7858704060354511,T_west_deep,M0_Ratio,Nov-Jan
2024-01-08,2023,2.349650616626287,1.7906570539167688,T_west_deep,M0_Ratio,Nov-Jan
2024-01-13,2023,1.9434541419573161,2.259599013391002,T_west_deep,M0_Ratio,Nov-Jan
2024-01-18,2023,2.1812217532669296,2.3845374223167566,T_west_deep,M0_Ratio,Nov-Jan
2024-01-23,2023,1.2734633086511253,1.7202915194278212,T_west_deep,M0_Ratio,Nov-Jan
2024-01-28,2023,2.2879656244986597,2.238578140617316,T_west_deep,M0_Ratio,Nov-Jan
2024-02-02,2023,2.6245715575517177,2.6744257486387757,T_west_deep,M0_Ratio,Feb-Apr
2024-02-07,2023,4.396054780981757,4.611395924161993,T_west_deep,M0_Ratio,Feb-Apr
2024-02-12,2023,4.110125454271209,4.051688806700182,T_west_deep,M0_Ratio,Feb-Apr
2024-02-17,2023,4.678402443317235,4.886503411226242,T_west_deep,M0_Ratio,Feb-Apr
2024-02-22,2023,2.450214271759892,2.605026595346045,T_west_deep,M0_Ratio,Feb-Apr
2024-02-27,2023,2.673565181537881,2.7191736960925534,T_west_deep,M0_Ratio,Feb-Apr
2024-03-03,2023,2.5165665676685234,2.74976212316719,T_west_deep,M0_Ratio,Feb-Apr
2024-03-08,2023,2.4603135368674662,2.616788602598117,T_west_deep,M0_Ratio,Feb-Apr
2024-03-13,2023,2.2656576437738263,2.444268821663003,T_west_deep,M0_Ratio,Feb-Apr
2024-03-18,2023,2.1453812847173324,2.388347891508836,T_west_deep,M0_Ratio,Feb-Apr
2024-03-28,2023,2.46366819365155,2.626785961589952,T_west_deep,M0_Ratio,Feb-Apr
2024-04-12,2023,2.624571557551717,3.292528242091087,T_west_deep,M0_Ratio,Feb-Apr
2024-04-27,2023,2.596521169301491,2.5768021692793286,T_west_deep,M0_Ratio,Feb-Apr
2024-05-12,2024,2.2316337617538724,1.6473993254834869,T_west_deep,M0_Ratio,May-Oct
2024-09-19,2024,1.4841402604946692,1.3316159437978627,T_west_deep,M0_Ratio,May-Oct
2024-09-29,2024,2.265657643773825,1.8377117392102367,T_west_deep,M0_Ratio,May-Oct
2024-10-09,2024,1.6420233394340666,1.3474705572907468,T_west_deep,M0_Ratio,May-Oct
2024-10-14,2024,2.4935996434706453,1.821741424600725,T_west_deep,M0_Ratio,May-Oct
2024-10-19,2024,3.9623391425939865,2.480208610325137,T_west_deep,M0_Ratio,May-Oct
2024-10-29,2024,4.034784815564849,3.2646185928977283,T_west_deep,M0_Ratio,May-Oct
2017-01-09,2016,0.45014903352526964,0.5793628530543207,T_west_deep,M1_Ridge,Nov-Jan
2017-02-08,2016,1.8967186546234616,1.8130474050006273,T_west_deep,M1_Ridge,Feb-Apr
2017-02-18,2016,1.961735483305866,1.7207099601297686,T_west_deep,M1_Ridge,Feb-Apr
2017-10-16,2017,0.6645129301189998,0.13601000212669456,T_west_deep,M1_Ridge,May-Oct
2017-11-05,2017,1.3972059019991212,1.304904491005138,T_west_deep,M1_Ridge,Nov-Jan
2017-11-10,2017,0.8329554767263934,1.4595924841201615,T_west_deep,M1_Ridge,Nov-Jan
2017-11-30,2017,0.6113083434673001,0.599542150311962,T_west_deep,M1_Ridge,Nov-Jan
2017-12-15,2017,1.5715398010498778,1.7503398315312289,T_west_deep,M1_Ridge,Nov-Jan
2017-12-20,2017,0.18284122315589654,0.2504614036325863,T_west_deep,M1_Ridge,Nov-Jan
2017-12-30,2017,1.7517569705272726,1.0665001386940438,T_west_deep,M1_Ridge,Nov-Jan
2018-01-04,2017,2.037007107737653,1.7327848956371108,T_west_deep,M1_Ridge,Nov-Jan
2018-01-09,2017,1.9752986418145577,2.4139522392081267,T_west_deep,M1_Ridge,Nov-Jan
2018-01-19,2017,0.638230319742146,0.6756362900687587,T_west_deep,M1_Ridge,Nov-Jan
2018-01-29,2017,1.9342268443308617,2.4074101157344345,T_west_deep,M1_Ridge,Nov-Jan
2018-02-13,2017,1.7674745292084386,1.4852555457120122,T_west_deep,M1_Ridge,Feb-Apr
2018-02-23,2017,2.4535866104385624,2.342785068761739,T_west_deep,M1_Ridge,Feb-Apr
2018-03-05,2017,2.4400608285843317,2.502287171425457,T_west_deep,M1_Ridge,Feb-Apr
2018-03-10,2017,2.423015723314731,2.1131905776490565,T_west_deep,M1_Ridge,Feb-Apr
2018-04-09,2017,2.3172656174527764,2.349316420976323,T_west_deep,M1_Ridge,Feb-Apr
2018-10-16,2018,2.0753856795352243,2.0913835068190627,T_west_deep,M1_Ridge,May-Oct
2018-11-25,2018,1.2886884007267556,1.6263694689122734,T_west_deep,M1_Ridge,Nov-Jan
2018-11-30,2018,0.969654224423121,0.8620432237711904,T_west_deep,M1_Ridge,Nov-Jan
2018-12-10,2018,0.7028054378335604,0.6002023051457963,T_west_deep,M1_Ridge,Nov-Jan
2018-12-25,2018,1.901460929654387,1.5963289113785797,T_west_deep,M1_Ridge,Nov-Jan
2018-12-30,2018,1.4380793506097547,1.779849837965026,T_west_deep,M1_Ridge,Nov-Jan
2019-01-04,2018,0.7276213558834279,1.0252134514216071,T_west_deep,M1_Ridge,Nov-Jan
2019-01-09,2018,1.9108987709431917,1.7852292072307103,T_west_deep,M1_Ridge,Nov-Jan
2019-01-19,2018,2.4195880381973187,2.452972122037547,T_west_deep,M1_Ridge,Nov-Jan
2019-01-24,2018,1.8967186546234605,1.4783229232796748,T_west_deep,M1_Ridge,Nov-Jan
2019-01-29,2018,4.047105398642562,4.2409476770274415,T_west_deep,M1_Ridge,Nov-Jan
2019-02-03,2018,1.6870006330314518,1.5175699240183382,T_west_deep,M1_Ridge,Feb-Apr
2019-02-08,2018,1.0181777318039675,0.8042546162436894,T_west_deep,M1_Ridge,Feb-Apr
2019-02-13,2018,1.3332533173632883,1.313804585008321,T_west_deep,M1_Ridge,Feb-Apr
2019-02-18,2018,4.95365449971076,4.603023437862826,T_west_deep,M1_Ridge,Feb-Apr
2019-02-23,2018,2.1968991396059234,2.185653670299945,T_west_deep,M1_Ridge,Feb-Apr
2019-02-28,2018,2.079591252001898,1.9344337905934061,T_west_deep,M1_Ridge,Feb-Apr
2019-03-05,2018,3.4276786333833202,3.332556264038853,T_west_deep,M1_Ridge,Feb-Apr
2019-03-10,2018,2.363856040773927,2.34808337701533,T_west_deep,M1_Ridge,Feb-Apr
2019-03-15,2018,2.235448588617758,2.310602899135612,T_west_deep,M1_Ridge,Feb-Apr
2019-03-20,2018,2.6916652756393837,2.407093675413537,T_west_deep,M1_Ridge,Feb-Apr
2019-03-25,2018,3.47773393668734,2.850262285573035,T_west_deep,M1_Ridge,Feb-Apr
2019-03-30,2018,2.6796145243907024,2.797246023275715,T_west_deep,M1_Ridge,Feb-Apr
2019-04-04,2018,2.759779556268471,2.8640199001188105,T_west_deep,M1_Ridge,Feb-Apr
2019-04-09,2018,2.6522635943291446,2.8114471893139656,T_west_deep,M1_Ridge,Feb-Apr
2019-09-26,2019,2.049907527650859,2.7147969717326896,T_west_deep,M1_Ridge,May-Oct
2019-10-16,2019,0.664512930119001,0.43175494648458446,T_west_deep,M1_Ridge,May-Oct
2019-10-21,2019,1.6013713319024598,1.7100419418621093,T_west_deep,M1_Ridge,May-Oct
2019-10-31,2019,3.49098790274382,2.6877981872423375,T_west_deep,M1_Ridge,May-Oct
2019-11-05,2019,1.767474529208446,2.0202195185584144,T_west_deep,M1_Ridge,Nov-Jan
2019-11-15,2019,2.409266571919167,2.086008689829316,T_west_deep,M1_Ridge,Nov-Jan
2019-11-20,2019,1.4841402604946692,1.4938529803867486,T_west_deep,M1_Ridge,Nov-Jan
2019-11-25,2019,1.5533058248100813,1.5140363395226784,T_west_deep,M1_Ridge,Nov-Jan
2019-11-30,2019,0.677424231775271,0.7301770958174307,T_west_deep,M1_Ridge,Nov-Jan
2019-12-05,2019,0.5115324844400292,0.7585380398466,T_west_deep,M1_Ridge,Nov-Jan
2019-12-10,2019,1.863074268175889,1.8500788849148375,T_west_deep,M1_Ridge,Nov-Jan
2019-12-15,2019,2.141348993404326,1.8989071039093617,T_west_deep,M1_Ridge,Nov-Jan
2019-12-20,2019,2.21242728683012,2.3305006040059197,T_west_deep,M1_Ridge,Nov-Jan
2019-12-25,2019,1.7464773247696768,1.8731294377345957,T_west_deep,M1_Ridge,Nov-Jan
2019-12-30,2019,1.8533133512772437,1.7551040410971694,T_west_deep,M1_Ridge,Nov-Jan
2020-01-09,2019,1.347754560633278,1.468646956246549,T_west_deep,M1_Ridge,Nov-Jan
2020-01-14,2019,1.534810221968101,1.2873156753971668,T_west_deep,M1_Ridge,Nov-Jan
2020-01-19,2019,0.9893088127310627,1.3521614355696028,T_west_deep,M1_Ridge,Nov-Jan
2020-01-24,2019,5.184973232191536,4.909808780590605,T_west_deep,M1_Ridge,Nov-Jan
2020-01-29,2019,3.594213248660938,3.8169942323402832,T_west_deep,M1_Ridge,Nov-Jan
2020-02-03,2019,2.2316337617538733,2.4202207575204437,T_west_deep,M1_Ridge,Feb-Apr
2020-02-08,2019,1.7983801142568114,2.1048187604522863,T_west_deep,M1_Ridge,Feb-Apr
2020-02-13,2019,3.3875148062384453,3.623020226268493,T_west_deep,M1_Ridge,Feb-Apr
2020-02-18,2019,2.6027864630522277,2.7138233120850863,T_west_deep,M1_Ridge,Feb-Apr
2020-02-23,2019,2.1087150110608937,2.1094563907150463,T_west_deep,M1_Ridge,Feb-Apr
2020-02-28,2019,2.2316337617538737,2.26384018426486,T_west_deep,M1_Ridge,Feb-Apr
2020-03-04,2019,2.0795912520018938,2.120634401886334,T_west_deep,M1_Ridge,Feb-Apr
2020-03-09,2019,2.2046815986789636,2.1023529647963297,T_west_deep,M1_Ridge,Feb-Apr
2020-03-14,2019,3.3434744060886707,2.6425436819461545,T_west_deep,M1_Ridge,Feb-Apr
2020-03-24,2019,2.6338412199512713,2.6045591478451593,T_west_deep,M1_Ridge,Feb-Apr
2020-11-09,2020,1.5348102219681006,1.042753512145692,T_west_deep,M1_Ridge,Nov-Jan
2020-11-14,2020,1.6477295934987697,1.1292466052268266,T_west_deep,M1_Ridge,Nov-Jan
2020-11-19,2020,4.765618181883685,4.734596533779291,T_west_deep,M1_Ridge,Nov-Jan
2020-11-24,2020,1.7881550747612838,1.9731497915432838,T_west_deep,M1_Ridge,Nov-Jan
2020-11-29,2020,1.1695123589945908,1.2115257869123415,T_west_deep,M1_Ridge,Nov-Jan
2020-12-09,2020,4.760404825309965,4.822320968591608,T_west_deep,M1_Ridge,Nov-Jan
2020-12-14,2020,1.8871866513180657,1.6943102652116573,T_west_deep,M1_Ridge,Nov-Jan
2020-12-19,2020,2.5489241379712477,2.609382684228624,T_west_deep,M1_Ridge,Nov-Jan
2020-12-24,2020,1.7517569705272722,1.772741036392527,T_west_deep,M1_Ridge,Nov-Jan
2021-01-03,2020,1.9061875919223534,1.584474545269055,T_west_deep,M1_Ridge,Nov-Jan
2021-01-08,2020,0.9395282704505368,1.0360183256237074,T_west_deep,M1_Ridge,Nov-Jan
2021-01-13,2020,2.3954142397285456,2.129428817126108,T_west_deep,M1_Ridge,Nov-Jan
2021-01-18,2020,1.9617354833058611,1.8015282501508902,T_west_deep,M1_Ridge,Nov-Jan
2021-01-23,2020,2.745136121391249,2.8666808013700518,T_west_deep,M1_Ridge,Nov-Jan
2021-01-28,2020,1.9061875919223532,2.1504767577264476,T_west_deep,M1_Ridge,Nov-Jan
2021-02-02,2020,1.9707914463644478,2.027486867942435,T_west_deep,M1_Ridge,Feb-Apr
2021-02-07,2020,2.4670168588951293,2.548287142621701,T_west_deep,M1_Ridge,Feb-Apr
2021-02-12,2020,2.2543928506063073,2.073203436895415,T_west_deep,M1_Ridge,Feb-Apr
2021-02-17,2020,2.65837045615321,2.200023880369085,T_west_deep,M1_Ridge,Feb-Apr
2021-02-22,2020,2.116937124822366,2.208525842459621,T_west_deep,M1_Ridge,Feb-Apr
2021-03-04,2020,2.727446369090275,2.791158471695254,T_west_deep,M1_Ridge,Feb-Apr
2021-03-09,2020,2.733357450722274,3.304782243854171,T_west_deep,M1_Ridge,Feb-Apr
2021-03-14,2020,4.3038949035606855,4.473711505054992,T_west_deep,M1_Ridge,Feb-Apr
2021-03-24,2020,2.587088359558296,3.227203154325644,T_west_deep,M1_Ridge,Feb-Apr
2021-10-10,2021,2.706640659347738,3.110156473799528,T_west_deep,M1_Ridge,May-Oct
2021-10-30,2021,1.772673880139067,1.723012622533086,T_west_deep,M1_Ridge,May-Oct
2021-11-09,2021,0.5837130619675897,0.779392774876277,T_west_deep,M1_Ridge,Nov-Jan
2021-11-19,2021,0.8767891386490758,0.5780607517314922,T_west_deep,M1_Ridge,Nov-Jan
2021-11-24,2021,0.434246869365393,0.40921903603925824,T_west_deep,M1_Ridge,Nov-Jan
2021-11-29,2021,1.2580443720405474,1.4136294090226458,T_west_deep,M1_Ridge,Nov-Jan
2021-12-09,2021,1.2024684163076436,1.1783057183427557,T_west_deep,M1_Ridge,Nov-Jan
2021-12-14,2021,1.7517569705272722,1.8501594307761162,T_west_deep,M1_Ridge,Nov-Jan
2021-12-19,2021,0.36819856651326693,0.8435870559832677,T_west_deep,M1_Ridge,Nov-Jan
2021-12-24,2021,2.1004494537812963,2.1183825179131697,T_west_deep,M1_Ridge,Nov-Jan
2021-12-29,2021,1.7570162604019943,1.8611197200138025,T_west_deep,M1_Ridge,Nov-Jan
2022-01-08,2021,-0.11954112721735694,0.4649224172300159,T_west_deep,M1_Ridge,Nov-Jan
2022-01-13,2021,2.116937124822367,1.6770823353873343,T_west_deep,M1_Ridge,Nov-Jan
2022-01-18,2021,0.9596997459300435,1.2949590498064685,T_west_deep,M1_Ridge,Nov-Jan
2022-01-23,2021,2.062699560805299,1.9392534366014214,T_west_deep,M1_Ridge,Nov-Jan
2022-02-07,2021,2.3919346773774817,2.4276069352514544,T_west_deep,M1_Ridge,Feb-Apr
2022-02-12,2021,5.054732149616479,4.4865270578379155,T_west_deep,M1_Ridge,Feb-Apr
2022-02-17,2021,2.335330774860709,2.391903103379235,T_west_deep,M1_Ridge,Feb-Apr
2022-02-22,2021,2.477028243617811,2.5386911708295736,T_west_deep,M1_Ridge,Feb-Apr
2022-02-27,2021,1.3762541882539145,1.4790305717468433,T_west_deep,M1_Ridge,Feb-Apr
2022-03-04,2021,1.9295911916729473,2.057258865332874,T_west_deep,M1_Ridge,Feb-Apr
2022-03-09,2021,2.2731261094633934,2.2762843642850483,T_west_deep,M1_Ridge,Feb-Apr
2022-03-14,2021,2.2879656244986593,2.394332599217792,T_west_deep,M1_Ridge,Feb-Apr
2022-03-19,2021,2.3425051753805386,2.416316863002298,T_west_deep,M1_Ridge,Feb-Apr
2022-03-24,2021,2.4366642544091413,2.6827096081533353,T_west_deep,M1_Ridge,Feb-Apr
2022-08-01,2022,2.6245715575517163,3.3039980081741542,T_west_deep,M1_Ridge,May-Oct
2022-08-31,2022,1.4580262133179596,2.2521011886707343,T_west_deep,M1_Ridge,May-Oct
2022-10-05,2022,3.6729665661343707,2.812516100231804,T_west_deep,M1_Ridge,May-Oct
2022-10-10,2022,1.1182964657291858,1.0152479519892375,T_west_deep,M1_Ridge,May-Oct
2022-10-15,2022,2.5424939893334915,2.7822616916393224,T_west_deep,M1_Ridge,May-Oct
2022-10-20,2022,0.6248513161908295,0.7421371135541992,T_west_deep,M1_Ridge,May-Oct
2022-10-30,2022,2.0669399193479934,2.0682634023260054,T_west_deep,M1_Ridge,May-Oct
2022-11-04,2022,4.686722835284746,3.114621502596257,T_west_deep,M1_Ridge,Nov-Jan
2022-11-09,2022,2.2879656244986597,2.3374662951555174,T_west_deep,M1_Ridge,Nov-Jan
2022-11-14,2022,1.9480459381578412,1.5152619243941126,T_west_deep,M1_Ridge,Nov-Jan
2022-11-24,2022,2.246840864881959,2.2712209289325633,T_west_deep,M1_Ridge,Nov-Jan
2022-12-04,2022,1.6534113289172538,1.5656578209720535,T_west_deep,M1_Ridge,Nov-Jan
2022-12-09,2022,1.1695123589945908,0.707306384609079,T_west_deep,M1_Ridge,Nov-Jan
2022-12-14,2022,2.751004020241876,2.668021736425592,T_west_deep,M1_Ridge,Nov-Jan
2022-12-24,2022,3.9709665698319694,4.489603684627174,T_west_deep,M1_Ridge,Nov-Jan
2022-12-29,2022,3.2192100919018096,3.3255539249186494,T_west_deep,M1_Ridge,Nov-Jan
2023-01-03,2022,1.6703119973762248,1.6091188619472587,T_west_deep,M1_Ridge,Nov-Jan
2023-01-08,2022,3.2305021153544993,3.870728191107349,T_west_deep,M1_Ridge,Nov-Jan
2023-01-13,2022,1.2024684163076442,1.4917011048232878,T_west_deep,M1_Ridge,Nov-Jan
2023-01-18,2022,5.032181944875944,4.83397437763933,T_west_deep,M1_Ridge,Nov-Jan
2023-01-23,2022,1.6590687945009648,2.026713920653482,T_west_deep,M1_Ridge,Nov-Jan
2023-01-28,2022,2.5295721138793477,2.4603311098394576,T_west_deep,M1_Ridge,Nov-Jan
2023-02-02,2022,2.1169371248223663,2.028214133917731,T_west_deep,M1_Ridge,Feb-Apr
2023-02-07,2022,2.338921550710158,2.299175215018118,T_west_deep,M1_Ridge,Feb-Apr
2023-02-12,2022,2.3172656174527795,2.1884305472129553,T_west_deep,M1_Ridge,Feb-Apr
2023-02-17,2022,2.6027864630522277,2.4743172732137437,T_west_deep,M1_Ridge,Feb-Apr
2023-02-22,2022,2.6214729331731483,3.7164823334546435,T_west_deep,M1_Ridge,Feb-Apr
2023-02-27,2022,1.934226844330863,1.8321715731001373,T_west_deep,M1_Ridge,Feb-Apr
2023-03-04,2022,2.1574173045285034,2.1311811248103014,T_west_deep,M1_Ridge,Feb-Apr
2023-03-09,2022,2.2354485886177655,2.360764766301028,T_west_deep,M1_Ridge,Feb-Apr
2023-03-14,2022,2.360315323718105,2.1969837518682764,T_west_deep,M1_Ridge,Feb-Apr
2023-03-29,2022,2.561724004057773,2.559700261679199,T_west_deep,M1_Ridge,Feb-Apr
2023-09-15,2023,3.9691602135133004,3.7497016135700756,T_west_deep,M1_Ridge,May-Oct
2023-09-25,2023,3.293372208226213,3.1000129937278866,T_west_deep,M1_Ridge,May-Oct
2023-10-10,2023,2.349650616626286,2.90735945010099,T_west_deep,M1_Ridge,May-Oct
2023-10-15,2023,2.633841219951272,2.943344471256104,T_west_deep,M1_Ridge,May-Oct
2023-10-20,2023,0.8980876283337806,0.8280058098468561,T_west_deep,M1_Ridge,May-Oct
2023-10-30,2023,1.2424259233265758,1.2515807122617144,T_west_deep,M1_Ridge,May-Oct
2023-11-09,2023,2.374436764876066,2.3652291172490787,T_west_deep,M1_Ridge,Nov-Jan
2023-11-14,2023,1.4041118872689222,1.8794265549096463,T_west_deep,M1_Ridge,Nov-Jan
2023-11-19,2023,1.2424259233265722,1.569841768492738,T_west_deep,M1_Ridge,Nov-Jan
2023-11-24,2023,0.6382303197421408,0.7756844208279012,T_west_deep,M1_Ridge,Nov-Jan
2023-12-09,2023,2.3245140141648446,2.6208705672582466,T_west_deep,M1_Ridge,Nov-Jan
2023-12-14,2023,1.882396744883703,1.9828433352768466,T_west_deep,M1_Ridge,Nov-Jan
2023-12-19,2023,1.3111743249611627,1.5338992072486888,T_west_deep,M1_Ridge,Nov-Jan
2023-12-24,2023,1.177837249955193,1.5572895176354629,T_west_deep,M1_Ridge,Nov-Jan
2023-12-29,2023,1.9155945946982433,1.9254429172849687,T_west_deep,M1_Ridge,Nov-Jan
2024-01-03,2023,0.5696516995687104,0.6523783020653773,T_west_deep,M1_Ridge,Nov-Jan
2024-01-08,2023,2.349650616626287,1.943278003132677,T_west_deep,M1_Ridge,Nov-Jan
2024-01-13,2023,1.9434541419573161,2.2192762889580795,T_west_deep,M1_Ridge,Nov-Jan
2024-01-18,2023,2.1812217532669296,2.0616313444329837,T_west_deep,M1_Ridge,Nov-Jan
2024-01-23,2023,1.2734633086511253,1.527514310075054,T_west_deep,M1_Ridge,Nov-Jan
2024-01-28,2023,2.2879656244986597,1.9438450472783215,T_west_deep,M1_Ridge,Nov-Jan
2024-02-02,2023,2.6245715575517177,2.3939873205464295,T_west_deep,M1_Ridge,Feb-Apr
2024-02-07,2023,4.396054780981757,4.126061820859545,T_west_deep,M1_Ridge,Feb-Apr
2024-02-12,2023,4.110125454271209,3.4250303082842635,T_west_deep,M1_Ridge,Feb-Apr
2024-02-17,2023,4.678402443317235,4.274203093916397,T_west_deep,M1_Ridge,Feb-Apr
2024-02-22,2023,2.450214271759892,2.367822371300667,T_west_deep,M1_Ridge,Feb-Apr
2024-02-27,2023,2.673565181537881,2.648002610206752,T_west_deep,M1_Ridge,Feb-Apr
2024-03-03,2023,2.5165665676685234,2.3905509629352735,T_west_deep,M1_Ridge,Feb-Apr
2024-03-08,2023,2.4603135368674662,2.5115122255806277,T_west_deep,M1_Ridge,Feb-Apr
2024-03-13,2023,2.2656576437738263,2.4677708256619626,T_west_deep,M1_Ridge,Feb-Apr
2024-03-18,2023,2.1453812847173324,2.21459783174914,T_west_deep,M1_Ridge,Feb-Apr
2024-03-28,2023,2.46366819365155,2.651168971502265,T_west_deep,M1_Ridge,Feb-Apr
2024-04-12,2023,2.624571557551717,3.0089793667637976,T_west_deep,M1_Ridge,Feb-Apr
2024-04-27,2023,2.596521169301491,3.048596994513976,T_west_deep,M1_Ridge,Feb-Apr
2024-05-12,2024,2.2316337617538724,1.5577223966557199,T_west_deep,M1_Ridge,May-Oct
2024-09-19,2024,1.4841402604946692,1.6707035700357853,T_west_deep,M1_Ridge,May-Oct
2024-09-29,2024,2.265657643773825,2.2596741901727775,T_west_deep,M1_Ridge,May-Oct
2024-10-09,2024,1.6420233394340666,1.7644946543860236,T_west_deep,M1_Ridge,May-Oct
2024-10-14,2024,2.4935996434706453,2.796353592132471,T_west_deep,M1_Ridge,May-Oct
2024-10-19,2024,3.9623391425939865,3.5807359172684836,T_west_deep,M1_Ridge,May-Oct
2024-10-29,2024,4.034784815564849,3.7678410583775372,T_west_deep,M1_Ridge,May-Oct
2017-01-09,2016,0.45014903352526964,1.0429036614107732,T_west_deep,M2_RandomForest,Nov-Jan
2017-02-08,2016,1.8967186546234616,2.050123092418109,T_west_deep,M2_RandomForest,Feb-Apr
2017-02-18,2016,1.961735483305866,2.0473356087248575,T_west_deep,M2_RandomForest,Feb-Apr
2017-10-16,2017,0.6645129301189998,1.1482142736499432,T_west_deep,M2_RandomForest,May-Oct
2017-11-05,2017,1.3972059019991212,1.355296888520141,T_west_deep,M2_RandomForest,Nov-Jan
2017-11-10,2017,0.8329554767263934,1.3909510028551921,T_west_deep,M2_RandomForest,Nov-Jan
2017-11-30,2017,0.6113083434673001,0.8594190088017183,T_west_deep,M2_RandomForest,Nov-Jan
2017-12-15,2017,1.5715398010498778,1.8470821283029315,T_west_deep,M2_RandomForest,Nov-Jan
2017-12-20,2017,0.18284122315589654,0.8601535836919397,T_west_deep,M2_RandomForest,Nov-Jan
2017-12-30,2017,1.7517569705272726,0.9809623016149985,T_west_deep,M2_RandomForest,Nov-Jan
2018-01-04,2017,2.037007107737653,2.2015692873669788,T_west_deep,M2_RandomForest,Nov-Jan
2018-01-09,2017,1.9752986418145577,2.3322741104075955,T_west_deep,M2_RandomForest,Nov-Jan
2018-01-19,2017,0.638230319742146,1.1394751942340684,T_west_deep,M2_RandomForest,Nov-Jan
2018-01-29,2017,1.9342268443308617,2.2732320845619167,T_west_deep,M2_RandomForest,Nov-Jan
2018-02-13,2017,1.7674745292084386,1.8367633511638588,T_west_deep,M2_RandomForest,Feb-Apr
2018-02-23,2017,2.4535866104385624,2.447690623948589,T_west_deep,M2_RandomForest,Feb-Apr
2018-03-05,2017,2.4400608285843317,2.5149862536799814,T_west_deep,M2_RandomForest,Feb-Apr
2018-03-10,2017,2.423015723314731,2.2596168899579947,T_west_deep,M2_RandomForest,Feb-Apr
2018-04-09,2017,2.3172656174527764,2.4349483041932727,T_west_deep,M2_RandomForest,Feb-Apr
2018-10-16,2018,2.0753856795352243,2.381598662032224,T_west_deep,M2_RandomForest,May-Oct
2018-11-25,2018,1.2886884007267556,1.4341304209846415,T_west_deep,M2_RandomForest,Nov-Jan
2018-11-30,2018,0.969654224423121,0.9045646773761991,T_west_deep,M2_RandomForest,Nov-Jan
2018-12-10,2018,0.7028054378335604,0.8385038659651365,T_west_deep,M2_RandomForest,Nov-Jan
2018-12-25,2018,1.901460929654387,1.7570859227288886,T_west_deep,M2_RandomForest,Nov-Jan
2018-12-30,2018,1.4380793506097547,1.926903669389523,T_west_deep,M2_RandomForest,Nov-Jan
2019-01-04,2018,0.7276213558834279,1.3351592825655427,T_west_deep,M2_RandomForest,Nov-Jan
2019-01-09,2018,1.9108987709431917,1.9269805727891396,T_west_deep,M2_RandomForest,Nov-Jan
2019-01-19,2018,2.4195880381973187,2.391806366400746,T_west_deep,M2_RandomForest,Nov-Jan
2019-01-24,2018,1.8967186546234605,1.6542259295270885,T_west_deep,M2_RandomForest,Nov-Jan
2019-01-29,2018,4.047105398642562,3.7761875653797534,T_west_deep,M2_RandomForest,Nov-Jan
2019-02-03,2018,1.6870006330314518,1.9310432443750203,T_west_deep,M2_RandomForest,Feb-Apr
2019-02-08,2018,1.0181777318039675,1.42821311593147,T_west_deep,M2_RandomForest,Feb-Apr
2019-02-13,2018,1.3332533173632883,1.708680954243644,T_west_deep,M2_RandomForest,Feb-Apr
2019-02-18,2018,4.95365449971076,3.606486481867634,T_west_deep,M2_RandomForest,Feb-Apr
2019-02-23,2018,2.1968991396059234,2.3873580270280983,T_west_deep,M2_RandomForest,Feb-Apr
2019-02-28,2018,2.079591252001898,2.2297472588323006,T_west_deep,M2_RandomForest,Feb-Apr
2019-03-05,2018,3.4276786333833202,3.0324684235380746,T_west_deep,M2_RandomForest,Feb-Apr
2019-03-10,2018,2.363856040773927,2.4033251178306365,T_west_deep,M2_RandomForest,Feb-Apr
2019-03-15,2018,2.235448588617758,2.4033648270714254,T_west_deep,M2_RandomForest,Feb-Apr
2019-03-20,2018,2.6916652756393837,2.3771701545593693,T_west_deep,M2_RandomForest,Feb-Apr
2019-03-25,2018,3.47773393668734,2.9062332248672194,T_west_deep,M2_RandomForest,Feb-Apr
2019-03-30,2018,2.6796145243907024,2.852376081756086,T_west_deep,M2_RandomForest,Feb-Apr
2019-04-04,2018,2.759779556268471,2.5328564400859515,T_west_deep,M2_RandomForest,Feb-Apr
2019-04-09,2018,2.6522635943291446,2.6845679809072283,T_west_deep,M2_RandomForest,Feb-Apr
2019-09-26,2019,2.049907527650859,2.3020288350380462,T_west_deep,M2_RandomForest,May-Oct
2019-10-16,2019,0.664512930119001,1.1280422636938967,T_west_deep,M2_RandomForest,May-Oct
2019-10-21,2019,1.6013713319024598,1.5083678661680027,T_west_deep,M2_RandomForest,May-Oct
2019-10-31,2019,3.49098790274382,2.2746604276275995,T_west_deep,M2_RandomForest,May-Oct
2019-11-05,2019,1.767474529208446,1.9750285719704919,T_west_deep,M2_RandomForest,Nov-Jan
2019-11-15,2019,2.409266571919167,1.97821120312473,T_west_deep,M2_RandomForest,Nov-Jan
2019-11-20,2019,1.4841402604946692,1.2680990798037877,T_west_deep,M2_RandomForest,Nov-Jan
2019-11-25,2019,1.5533058248100813,1.404328548126643,T_west_deep,M2_RandomForest,Nov-Jan
2019-11-30,2019,0.677424231775271,1.0402484130366723,T_west_deep,M2_RandomForest,Nov-Jan
2019-12-05,2019,0.5115324844400292,0.9721086749289432,T_west_deep,M2_RandomForest,Nov-Jan
2019-12-10,2019,1.863074268175889,1.788289226636792,T_west_deep,M2_RandomForest,Nov-Jan
2019-12-15,2019,2.141348993404326,1.894499730067315,T_west_deep,M2_RandomForest,Nov-Jan
2019-12-20,2019,2.21242728683012,2.523053054591261,T_west_deep,M2_RandomForest,Nov-Jan
2019-12-25,2019,1.7464773247696768,1.8207111461963164,T_west_deep,M2_RandomForest,Nov-Jan
2019-12-30,2019,1.8533133512772437,1.8549315269362596,T_west_deep,M2_RandomForest,Nov-Jan
2020-01-09,2019,1.347754560633278,1.6547426589618603,T_west_deep,M2_RandomForest,Nov-Jan
2020-01-14,2019,1.534810221968101,1.2977638976504884,T_west_deep,M2_RandomForest,Nov-Jan
2020-01-19,2019,0.9893088127310627,1.3757371535772436,T_west_deep,M2_RandomForest,Nov-Jan
2020-01-24,2019,5.184973232191536,4.067956344445256,T_west_deep,M2_RandomForest,Nov-Jan
2020-01-29,2019,3.594213248660938,3.9826421921378223,T_west_deep,M2_RandomForest,Nov-Jan
2020-02-03,2019,2.2316337617538733,2.510537469326169,T_west_deep,M2_RandomForest,Feb-Apr
2020-02-08,2019,1.7983801142568114,2.3787314959391264,T_west_deep,M2_RandomForest,Feb-Apr
2020-02-13,2019,3.3875148062384453,4.13137685294147,T_west_deep,M2_RandomForest,Feb-Apr
2020-02-18,2019,2.6027864630522277,3.073642702004992,T_west_deep,M2_RandomForest,Feb-Apr
2020-02-23,2019,2.1087150110608937,2.399763685647399,T_west_deep,M2_RandomForest,Feb-Apr
2020-02-28,2019,2.2316337617538737,2.4969672206827678,T_west_deep,M2_RandomForest,Feb-Apr
2020-03-04,2019,2.0795912520018938,2.392440532805933,T_west_deep,M2_RandomForest,Feb-Apr
2020-03-09,2019,2.2046815986789636,2.3557700413436358,T_west_deep,M2_RandomForest,Feb-Apr
2020-03-14,2019,3.3434744060886707,2.5729744893627107,T_west_deep,M2_RandomForest,Feb-Apr
2020-03-24,2019,2.6338412199512713,2.960552595354744,T_west_deep,M2_RandomForest,Feb-Apr
2020-11-09,2020,1.5348102219681006,1.1036835286305078,T_west_deep,M2_RandomForest,Nov-Jan
2020-11-14,2020,1.6477295934987697,0.9582076239918639,T_west_deep,M2_RandomForest,Nov-Jan
2020-11-19,2020,4.765618181883685,3.541303282177704,T_west_deep,M2_RandomForest,Nov-Jan
2020-11-24,2020,1.7881550747612838,1.726174368854406,T_west_deep,M2_RandomForest,Nov-Jan
2020-11-29,2020,1.1695123589945908,1.1612470493990397,T_west_deep,M2_RandomForest,Nov-Jan
2020-12-09,2020,4.760404825309965,3.3808227817434937,T_west_deep,M2_RandomForest,Nov-Jan
2020-12-14,2020,1.8871866513180657,1.7198094790001877,T_west_deep,M2_RandomForest,Nov-Jan
2020-12-19,2020,2.5489241379712477,2.3288459685269687,T_west_deep,M2_RandomForest,Nov-Jan
2020-12-24,2020,1.7517569705272722,1.9375969757594071,T_west_deep,M2_RandomForest,Nov-Jan
2021-01-03,2020,1.9061875919223534,1.4412953786778318,T_west_deep,M2_RandomForest,Nov-Jan
2021-01-08,2020,0.9395282704505368,1.1455448919315534,T_west_deep,M2_RandomForest,Nov-Jan
2021-01-13,2020,2.3954142397285456,2.1494320297338176,T_west_deep,M2_RandomForest,Nov-Jan
2021-01-18,2020,1.9617354833058611,1.9542164238017232,T_west_deep,M2_RandomForest,Nov-Jan
2021-01-23,2020,2.745136121391249,3.108382902487928,T_west_deep,M2_RandomForest,Nov-Jan
2021-01-28,2020,1.9061875919223532,2.086248988908936,T_west_deep,M2_RandomForest,Nov-Jan
2021-02-02,2020,1.9707914463644478,2.1382310698332496,T_west_deep,M2_RandomForest,Feb-Apr
2021-02-07,2020,2.4670168588951293,2.526361185525746,T_west_deep,M2_RandomForest,Feb-Apr
2021-02-12,2020,2.2543928506063073,2.2919840683359567,T_west_deep,M2_RandomForest,Feb-Apr
2021-02-17,2020,2.65837045615321,2.3086980414715383,T_west_deep,M2_RandomForest,Feb-Apr
2021-02-22,2020,2.116937124822366,2.1301330947047292,T_west_deep,M2_RandomForest,Feb-Apr
2021-03-04,2020,2.727446369090275,2.4123020672357307,T_west_deep,M2_RandomForest,Feb-Apr
2021-03-09,2020,2.733357450722274,3.051966872493308,T_west_deep,M2_RandomForest,Feb-Apr
2021-03-14,2020,4.3038949035606855,3.651046519552429,T_west_deep,M2_RandomForest,Feb-Apr
2021-03-24,2020,2.587088359558296,2.971420991909972,T_west_deep,M2_RandomForest,Feb-Apr
2021-10-10,2021,2.706640659347738,2.479881737763768,T_west_deep,M2_RandomForest,May-Oct
2021-10-30,2021,1.772673880139067,1.6720286410887961,T_west_deep,M2_RandomForest,May-Oct
2021-11-09,2021,0.5837130619675897,1.0685068271797646,T_west_deep,M2_RandomForest,Nov-Jan
2021-11-19,2021,0.8767891386490758,1.0441553298245976,T_west_deep,M2_RandomForest,Nov-Jan
2021-11-24,2021,0.434246869365393,0.8959818293129377,T_west_deep,M2_RandomForest,Nov-Jan
2021-11-29,2021,1.2580443720405474,1.51795859919675,T_west_deep,M2_RandomForest,Nov-Jan
2021-12-09,2021,1.2024684163076436,1.1893748648340654,T_west_deep,M2_RandomForest,Nov-Jan
2021-12-14,2021,1.7517569705272722,1.849545265217732,T_west_deep,M2_RandomForest,Nov-Jan
2021-12-19,2021,0.36819856651326693,1.041677194932845,T_west_deep,M2_RandomForest,Nov-Jan
2021-12-24,2021,2.1004494537812963,1.985772710067,T_west_deep,M2_RandomForest,Nov-Jan
2021-12-29,2021,1.7570162604019943,1.778036918790641,T_west_deep,M2_RandomForest,Nov-Jan
2022-01-08,2021,-0.11954112721735694,0.8749195978910546,T_west_deep,M2_RandomForest,Nov-Jan
2022-01-13,2021,2.116937124822367,1.7082481772277458,T_west_deep,M2_RandomForest,Nov-Jan
2022-01-18,2021,0.9596997459300435,1.4319469435507703,T_west_deep,M2_RandomForest,Nov-Jan
2022-01-23,2021,2.062699560805299,1.8925567254467803,T_west_deep,M2_RandomForest,Nov-Jan
2022-02-07,2021,2.3919346773774817,2.4808097805598592,T_west_deep,M2_RandomForest,Feb-Apr
2022-02-12,2021,5.054732149616479,4.1593829588923645,T_west_deep,M2_RandomForest,Feb-Apr
2022-02-17,2021,2.335330774860709,2.4358465266397147,T_west_deep,M2_RandomForest,Feb-Apr
2022-02-22,2021,2.477028243617811,2.262741503431887,T_west_deep,M2_RandomForest,Feb-Apr
2022-02-27,2021,1.3762541882539145,1.853589356219895,T_west_deep,M2_RandomForest,Feb-Apr
2022-03-04,2021,1.9295911916729473,2.179980752354907,T_west_deep,M2_RandomForest,Feb-Apr
2022-03-09,2021,2.2731261094633934,2.3486539939662343,T_west_deep,M2_RandomForest,Feb-Apr
2022-03-14,2021,2.2879656244986593,2.467704841912417,T_west_deep,M2_RandomForest,Feb-Apr
2022-03-19,2021,2.3425051753805386,2.495600436193951,T_west_deep,M2_RandomForest,Feb-Apr
2022-03-24,2021,2.4366642544091413,2.453781417976375,T_west_deep,M2_RandomForest,Feb-Apr
2022-08-01,2022,2.6245715575517163,2.8431989632010337,T_west_deep,M2_RandomForest,May-Oct
2022-08-31,2022,1.4580262133179596,1.524996706347282,T_west_deep,M2_RandomForest,May-Oct
2022-10-05,2022,3.6729665661343707,2.774447177328317,T_west_deep,M2_RandomForest,May-Oct
2022-10-10,2022,1.1182964657291858,1.3339141646370916,T_west_deep,M2_RandomForest,May-Oct
2022-10-15,2022,2.5424939893334915,2.4763110606852274,T_west_deep,M2_RandomForest,May-Oct
2022-10-20,2022,0.6248513161908295,1.0046031542718692,T_west_deep,M2_RandomForest,May-Oct
2022-10-30,2022,2.0669399193479934,2.1405429560909286,T_west_deep,M2_RandomForest,May-Oct
2022-11-04,2022,4.686722835284746,2.938387594955754,T_west_deep,M2_RandomForest,Nov-Jan
2022-11-09,2022,2.2879656244986597,2.212738167131186,T_west_deep,M2_RandomForest,Nov-Jan
2022-11-14,2022,1.9480459381578412,1.349554672417503,T_west_deep,M2_RandomForest,Nov-Jan
2022-11-24,2022,2.246840864881959,2.1863840582806606,T_west_deep,M2_RandomForest,Nov-Jan
2022-12-04,2022,1.6534113289172538,1.6682997242206739,T_west_deep,M2_RandomForest,Nov-Jan
2022-12-09,2022,1.1695123589945908,0.7250715961426993,T_west_deep,M2_RandomForest,Nov-Jan
2022-12-14,2022,2.751004020241876,2.6561485495563883,T_west_deep,M2_RandomForest,Nov-Jan
2022-12-24,2022,3.9709665698319694,3.383532426717035,T_west_deep,M2_RandomForest,Nov-Jan
2022-12-29,2022,3.2192100919018096,2.6619480666285718,T_west_deep,M2_RandomForest,Nov-Jan
2023-01-03,2022,1.6703119973762248,1.847931224195846,T_west_deep,M2_RandomForest,Nov-Jan
2023-01-08,2022,3.2305021153544993,3.3172342990191996,T_west_deep,M2_RandomForest,Nov-Jan
2023-01-13,2022,1.2024684163076442,1.4107332129160288,T_west_deep,M2_RandomForest,Nov-Jan
2023-01-18,2022,5.032181944875944,3.663999021276324,T_west_deep,M2_RandomForest,Nov-Jan
2023-01-23,2022,1.6590687945009648,2.0532115638340223,T_west_deep,M2_RandomForest,Nov-Jan
2023-01-28,2022,2.5295721138793477,2.349656920505509,T_west_deep,M2_RandomForest,Nov-Jan
2023-02-02,2022,2.1169371248223663,2.150857245092837,T_west_deep,M2_RandomForest,Feb-Apr
2023-02-07,2022,2.338921550710158,2.3838733506333036,T_west_deep,M2_RandomForest,Feb-Apr
2023-02-12,2022,2.3172656174527795,2.4148374889161675,T_west_deep,M2_RandomForest,Feb-Apr
2023-02-17,2022,2.6027864630522277,2.446871842976023,T_west_deep,M2_RandomForest,Feb-Apr
2023-02-22,2022,2.6214729331731483,3.3450495076353413,T_west_deep,M2_RandomForest,Feb-Apr
2023-02-27,2022,1.934226844330863,2.0715402923759147,T_west_deep,M2_RandomForest,Feb-Apr
2023-03-04,2022,2.1574173045285034,2.3845217923384503,T_west_deep,M2_RandomForest,Feb-Apr
2023-03-09,2022,2.2354485886177655,2.450725639748469,T_west_deep,M2_RandomForest,Feb-Apr
2023-03-14,2022,2.360315323718105,2.4227598471165215,T_west_deep,M2_RandomForest,Feb-Apr
2023-03-29,2022,2.561724004057773,2.5711575431291807,T_west_deep,M2_RandomForest,Feb-Apr
2023-09-15,2023,3.9691602135133004,3.2621944244264425,T_west_deep,M2_RandomForest,May-Oct
2023-09-25,2023,3.293372208226213,2.688057589816313,T_west_deep,M2_RandomForest,May-Oct
2023-10-10,2023,2.349650616626286,2.5655275522888026,T_west_deep,M2_RandomForest,May-Oct
2023-10-15,2023,2.633841219951272,2.708858099026144,T_west_deep,M2_RandomForest,May-Oct
2023-10-20,2023,0.8980876283337806,1.1171998816764712,T_west_deep,M2_RandomForest,May-Oct
2023-10-30,2023,1.2424259233265758,1.2379078123152025,T_west_deep,M2_RandomForest,May-Oct
2023-11-09,2023,2.374436764876066,2.201879330198468,T_west_deep,M2_RandomForest,Nov-Jan
2023-11-14,2023,1.4041118872689222,1.4825533817219743,T_west_deep,M2_RandomForest,Nov-Jan
2023-11-19,2023,1.2424259233265722,2.046975672721846,T_west_deep,M2_RandomForest,Nov-Jan
2023-11-24,2023,0.6382303197421408,0.8578755021168185,T_west_deep,M2_RandomForest,Nov-Jan
2023-12-09,2023,2.3245140141648446,2.468476010467469,T_west_deep,M2_RandomForest,Nov-Jan
2023-12-14,2023,1.882396744883703,2.0006312615740103,T_west_deep,M2_RandomForest,Nov-Jan
2023-12-19,2023,1.3111743249611627,1.399518404674151,T_west_deep,M2_RandomForest,Nov-Jan
2023-12-24,2023,1.177837249955193,1.3276801643450127,T_west_deep,M2_RandomForest,Nov-Jan
2023-12-29,2023,1.9155945946982433,1.9115422032211777,T_west_deep,M2_RandomForest,Nov-Jan
2024-01-03,2023,0.5696516995687104,0.8591763127016909,T_west_deep,M2_RandomForest,Nov-Jan
2024-01-08,2023,2.349650616626287,1.7828049431859156,T_west_deep,M2_RandomForest,Nov-Jan
2024-01-13,2023,1.9434541419573161,2.1783555933536216,T_west_deep,M2_RandomForest,Nov-Jan
2024-01-18,2023,2.1812217532669296,2.126025330314132,T_west_deep,M2_RandomForest,Nov-Jan
2024-01-23,2023,1.2734633086511253,1.8296392797753587,T_west_deep,M2_RandomForest,Nov-Jan
2024-01-28,2023,2.2879656244986597,2.1648714089082253,T_west_deep,M2_RandomForest,Nov-Jan
2024-02-02,2023,2.6245715575517177,2.408136198518057,T_west_deep,M2_RandomForest,Feb-Apr
2024-02-07,2023,4.396054780981757,3.8770646985931867,T_west_deep,M2_RandomForest,Feb-Apr
2024-02-12,2023,4.110125454271209,3.2807748539025225,T_west_deep,M2_RandomForest,Feb-Apr
2024-02-17,2023,4.678402443317235,3.9857518030121684,T_west_deep,M2_RandomForest,Feb-Apr
2024-02-22,2023,2.450214271759892,2.4807138118426293,T_west_deep,M2_RandomForest,Feb-Apr
2024-02-27,2023,2.673565181537881,2.8163482316193074,T_west_deep,M2_RandomForest,Feb-Apr
2024-03-03,2023,2.5165665676685234,2.778072086466544,T_west_deep,M2_RandomForest,Feb-Apr
2024-03-08,2023,2.4603135368674662,2.4558352101133534,T_west_deep,M2_RandomForest,Feb-Apr
2024-03-13,2023,2.2656576437738263,2.4449630354801055,T_west_deep,M2_RandomForest,Feb-Apr
2024-03-18,2023,2.1453812847173324,2.380796099679936,T_west_deep,M2_RandomForest,Feb-Apr
2024-03-28,2023,2.46366819365155,2.576731852803361,T_west_deep,M2_RandomForest,Feb-Apr
2024-04-12,2023,2.624571557551717,3.021428228324562,T_west_deep,M2_RandomForest,Feb-Apr
2024-04-27,2023,2.596521169301491,2.8252184549093613,T_west_deep,M2_RandomForest,Feb-Apr
2024-05-12,2024,2.2316337617538724,1.991577072800129,T_west_deep,M2_RandomForest,May-Oct
2024-09-19,2024,1.4841402604946692,1.6792062433932216,T_west_deep,M2_RandomForest,May-Oct
2024-09-29,2024,2.265657643773825,2.166725820697755,T_west_deep,M2_RandomForest,May-Oct
2024-10-09,2024,1.6420233394340666,1.73994493398219,T_west_deep,M2_RandomForest,May-Oct
2024-10-14,2024,2.4935996434706453,2.011996731357911,T_west_deep,M2_RandomForest,May-Oct
2024-10-19,2024,3.9623391425939865,2.826155346031996,T_west_deep,M2_RandomForest,May-Oct
2024-10-29,2024,4.034784815564849,3.258013295369307,T_west_deep,M2_RandomForest,May-Oct
2017-01-09,2016,0.45014903352526964,0.7471966743469238,T_west_deep,M3_XGBoost,Nov-Jan
2017-02-08,2016,1.8967186546234616,1.9713928699493408,T_west_deep,M3_XGBoost,Feb-Apr
2017-02-18,2016,1.961735483305866,1.8639986515045166,T_west_deep,M3_XGBoost,Feb-Apr
2017-10-16,2017,0.6645129301189998,0.9628984928131104,T_west_deep,M3_XGBoost,May-Oct
2017-11-05,2017,1.3972059019991212,1.3156062364578247,T_west_deep,M3_XGBoost,Nov-Jan
2017-11-10,2017,0.8329554767263934,1.3176326751708984,T_west_deep,M3_XGBoost,Nov-Jan
2017-11-30,2017,0.6113083434673001,0.612548291683197,T_west_deep,M3_XGBoost,Nov-Jan
2017-12-15,2017,1.5715398010498778,1.6329395771026611,T_west_deep,M3_XGBoost,Nov-Jan
2017-12-20,2017,0.18284122315589654,0.7760725021362305,T_west_deep,M3_XGBoost,Nov-Jan
2017-12-30,2017,1.7517569705272726,0.9535270929336548,T_west_deep,M3_XGBoost,Nov-Jan
2018-01-04,2017,2.037007107737653,1.907817006111145,T_west_deep,M3_XGBoost,Nov-Jan
2018-01-09,2017,1.9752986418145577,2.3035969734191895,T_west_deep,M3_XGBoost,Nov-Jan
2018-01-19,2017,0.638230319742146,0.943486750125885,T_west_deep,M3_XGBoost,Nov-Jan
2018-01-29,2017,1.9342268443308617,2.342472791671753,T_west_deep,M3_XGBoost,Nov-Jan
2018-02-13,2017,1.7674745292084386,1.658278226852417,T_west_deep,M3_XGBoost,Feb-Apr
2018-02-23,2017,2.4535866104385624,2.471553325653076,T_west_deep,M3_XGBoost,Feb-Apr
2018-03-05,2017,2.4400608285843317,2.152397871017456,T_west_deep,M3_XGBoost,Feb-Apr
2018-03-10,2017,2.423015723314731,2.1752877235412598,T_west_deep,M3_XGBoost,Feb-Apr
2018-04-09,2017,2.3172656174527764,2.102940559387207,T_west_deep,M3_XGBoost,Feb-Apr
2018-10-16,2018,2.0753856795352243,2.300785779953003,T_west_deep,M3_XGBoost,May-Oct
2018-11-25,2018,1.2886884007267556,1.3430618047714233,T_west_deep,M3_XGBoost,Nov-Jan
2018-11-30,2018,0.969654224423121,0.7211545705795288,T_west_deep,M3_XGBoost,Nov-Jan
2018-12-10,2018,0.7028054378335604,0.5366846919059753,T_west_deep,M3_XGBoost,Nov-Jan
2018-12-25,2018,1.901460929654387,1.8643238544464111,T_west_deep,M3_XGBoost,Nov-Jan
2018-12-30,2018,1.4380793506097547,1.917893648147583,T_west_deep,M3_XGBoost,Nov-Jan
2019-01-04,2018,0.7276213558834279,1.1126899719238281,T_west_deep,M3_XGBoost,Nov-Jan
2019-01-09,2018,1.9108987709431917,1.8277100324630737,T_west_deep,M3_XGBoost,Nov-Jan
2019-01-19,2018,2.4195880381973187,2.386629581451416,T_west_deep,M3_XGBoost,Nov-Jan
2019-01-24,2018,1.8967186546234605,1.593332052230835,T_west_deep,M3_XGBoost,Nov-Jan
2019-01-29,2018,4.047105398642562,4.184509754180908,T_west_deep,M3_XGBoost,Nov-Jan
2019-02-03,2018,1.6870006330314518,1.8477205038070679,T_west_deep,M3_XGBoost,Feb-Apr
2019-02-08,2018,1.0181777318039675,1.0779181718826294,T_west_deep,M3_XGBoost,Feb-Apr
2019-02-13,2018,1.3332533173632883,1.3360881805419922,T_west_deep,M3_XGBoost,Feb-Apr
2019-02-18,2018,4.95365449971076,3.9410605430603027,T_west_deep,M3_XGBoost,Feb-Apr
2019-02-23,2018,2.1968991396059234,2.288142204284668,T_west_deep,M3_XGBoost,Feb-Apr
2019-02-28,2018,2.079591252001898,2.16011905670166,T_west_deep,M3_XGBoost,Feb-Apr
2019-03-05,2018,3.4276786333833202,2.9560952186584473,T_west_deep,M3_XGBoost,Feb-Apr
2019-03-10,2018,2.363856040773927,2.355347156524658,T_west_deep,M3_XGBoost,Feb-Apr
2019-03-15,2018,2.235448588617758,2.3529417514801025,T_west_deep,M3_XGBoost,Feb-Apr
2019-03-20,2018,2.6916652756393837,2.320939064025879,T_west_deep,M3_XGBoost,Feb-Apr
2019-03-25,2018,3.47773393668734,2.893157720565796,T_west_deep,M3_XGBoost,Feb-Apr
2019-03-30,2018,2.6796145243907024,2.613673448562622,T_west_deep,M3_XGBoost,Feb-Apr
2019-04-04,2018,2.759779556268471,2.5052590370178223,T_west_deep,M3_XGBoost,Feb-Apr
2019-04-09,2018,2.6522635943291446,3.0039660930633545,T_west_deep,M3_XGBoost,Feb-Apr
2019-09-26,2019,2.049907527650859,2.545562982559204,T_west_deep,M3_XGBoost,May-Oct
2019-10-16,2019,0.664512930119001,0.8736691474914551,T_west_deep,M3_XGBoost,May-Oct
2019-10-21,2019,1.6013713319024598,1.3279114961624146,T_west_deep,M3_XGBoost,May-Oct
2019-10-31,2019,3.49098790274382,2.578003406524658,T_west_deep,M3_XGBoost,May-Oct
2019-11-05,2019,1.767474529208446,2.220344066619873,T_west_deep,M3_XGBoost,Nov-Jan
2019-11-15,2019,2.409266571919167,2.0170810222625732,T_west_deep,M3_XGBoost,Nov-Jan
2019-11-20,2019,1.4841402604946692,1.327911138534546,T_west_deep,M3_XGBoost,Nov-Jan
2019-11-25,2019,1.5533058248100813,1.4964721202850342,T_west_deep,M3_XGBoost,Nov-Jan
2019-11-30,2019,0.677424231775271,0.9791381359100342,T_west_deep,M3_XGBoost,Nov-Jan
2019-12-05,2019,0.5115324844400292,0.7491877675056458,T_west_deep,M3_XGBoost,Nov-Jan
2019-12-10,2019,1.863074268175889,1.9061625003814697,T_west_deep,M3_XGBoost,Nov-Jan
2019-12-15,2019,2.141348993404326,2.0490682125091553,T_west_deep,M3_XGBoost,Nov-Jan
2019-12-20,2019,2.21242728683012,2.406266212463379,T_west_deep,M3_XGBoost,Nov-Jan
2019-12-25,2019,1.7464773247696768,1.7995463609695435,T_west_deep,M3_XGBoost,Nov-Jan
2019-12-30,2019,1.8533133512772437,1.8875995874404907,T_west_deep,M3_XGBoost,Nov-Jan
2020-01-09,2019,1.347754560633278,1.493140697479248,T_west_deep,M3_XGBoost,Nov-Jan
2020-01-14,2019,1.534810221968101,1.2470670938491821,T_west_deep,M3_XGBoost,Nov-Jan
2020-01-19,2019,0.9893088127310627,1.1246230602264404,T_west_deep,M3_XGBoost,Nov-Jan
2020-01-24,2019,5.184973232191536,4.488042831420898,T_west_deep,M3_XGBoost,Nov-Jan
2020-01-29,2019,3.594213248660938,3.9146862030029297,T_west_deep,M3_XGBoost,Nov-Jan
2020-02-03,2019,2.2316337617538733,2.5798017978668213,T_west_deep,M3_XGBoost,Feb-Apr
2020-02-08,2019,1.7983801142568114,2.4365897178649902,T_west_deep,M3_XGBoost,Feb-Apr
2020-02-13,2019,3.3875148062384453,4.059024810791016,T_west_deep,M3_XGBoost,Feb-Apr
2020-02-18,2019,2.6027864630522277,3.231022357940674,T_west_deep,M3_XGBoost,Feb-Apr
2020-02-23,2019,2.1087150110608937,2.3912510871887207,T_west_deep,M3_XGBoost,Feb-Apr
2020-02-28,2019,2.2316337617538737,2.5436103343963623,T_west_deep,M3_XGBoost,Feb-Apr
2020-03-04,2019,2.0795912520018938,2.2759346961975098,T_west_deep,M3_XGBoost,Feb-Apr
2020-03-09,2019,2.2046815986789636,2.328662395477295,T_west_deep,M3_XGBoost,Feb-Apr
2020-03-14,2019,3.3434744060886707,2.690861463546753,T_west_deep,M3_XGBoost,Feb-Apr
2020-03-24,2019,2.6338412199512713,3.1295814514160156,T_west_deep,M3_XGBoost,Feb-Apr
2020-11-09,2020,1.5348102219681006,0.9965247511863708,T_west_deep,M3_XGBoost,Nov-Jan
2020-11-14,2020,1.6477295934987697,0.9486264586448669,T_west_deep,M3_XGBoost,Nov-Jan
2020-11-19,2020,4.765618181883685,4.456980228424072,T_west_deep,M3_XGBoost,Nov-Jan
2020-11-24,2020,1.7881550747612838,1.619296669960022,T_west_deep,M3_XGBoost,Nov-Jan
2020-11-29,2020,1.1695123589945908,0.9576405882835388,T_west_deep,M3_XGBoost,Nov-Jan
2020-12-09,2020,4.760404825309965,4.365203380584717,T_west_deep,M3_XGBoost,Nov-Jan
2020-12-14,2020,1.8871866513180657,1.6998597383499146,T_west_deep,M3_XGBoost,Nov-Jan
2020-12-19,2020,2.5489241379712477,2.1503734588623047,T_west_deep,M3_XGBoost,Nov-Jan
2020-12-24,2020,1.7517569705272722,1.8001384735107422,T_west_deep,M3_XGBoost,Nov-Jan
2021-01-03,2020,1.9061875919223534,1.4628020524978638,T_west_deep,M3_XGBoost,Nov-Jan
2021-01-08,2020,0.9395282704505368,1.0071048736572266,T_west_deep,M3_XGBoost,Nov-Jan
2021-01-13,2020,2.3954142397285456,2.032649517059326,T_west_deep,M3_XGBoost,Nov-Jan
2021-01-18,2020,1.9617354833058611,1.7949060201644897,T_west_deep,M3_XGBoost,Nov-Jan
2021-01-23,2020,2.745136121391249,3.1955299377441406,T_west_deep,M3_XGBoost,Nov-Jan
2021-01-28,2020,1.9061875919223532,1.9720443487167358,T_west_deep,M3_XGBoost,Nov-Jan
2021-02-02,2020,1.9707914463644478,2.1605889797210693,T_west_deep,M3_XGBoost,Feb-Apr
2021-02-07,2020,2.4670168588951293,2.6041293144226074,T_west_deep,M3_XGBoost,Feb-Apr
2021-02-12,2020,2.2543928506063073,2.1691973209381104,T_west_deep,M3_XGBoost,Feb-Apr
2021-02-17,2020,2.65837045615321,2.326442241668701,T_west_deep,M3_XGBoost,Feb-Apr
2021-02-22,2020,2.116937124822366,1.9833424091339111,T_west_deep,M3_XGBoost,Feb-Apr
2021-03-04,2020,2.727446369090275,2.5325682163238525,T_west_deep,M3_XGBoost,Feb-Apr
2021-03-09,2020,2.733357450722274,3.297358512878418,T_west_deep,M3_XGBoost,Feb-Apr
2021-03-14,2020,4.3038949035606855,3.6636807918548584,T_west_deep,M3_XGBoost,Feb-Apr
2021-03-24,2020,2.587088359558296,3.0015883445739746,T_west_deep,M3_XGBoost,Feb-Apr
2021-10-10,2021,2.706640659347738,2.5378494262695312,T_west_deep,M3_XGBoost,May-Oct
2021-10-30,2021,1.772673880139067,1.788648009300232,T_west_deep,M3_XGBoost,May-Oct
2021-11-09,2021,0.5837130619675897,0.7234845161437988,T_west_deep,M3_XGBoost,Nov-Jan
2021-11-19,2021,0.8767891386490758,0.778297483921051,T_west_deep,M3_XGBoost,Nov-Jan
2021-11-24,2021,0.434246869365393,0.6135966777801514,T_west_deep,M3_XGBoost,Nov-Jan
2021-11-29,2021,1.2580443720405474,1.446686029434204,T_west_deep,M3_XGBoost,Nov-Jan
2021-12-09,2021,1.2024684163076436,0.9489209055900574,T_west_deep,M3_XGBoost,Nov-Jan
2021-12-14,2021,1.7517569705272722,1.651123285293579,T_west_deep,M3_XGBoost,Nov-Jan
2021-12-19,2021,0.36819856651326693,0.7921994924545288,T_west_deep,M3_XGBoost,Nov-Jan
2021-12-24,2021,2.1004494537812963,1.9491772651672363,T_west_deep,M3_XGBoost,Nov-Jan
2021-12-29,2021,1.7570162604019943,1.7618942260742188,T_west_deep,M3_XGBoost,Nov-Jan
2022-01-08,2021,-0.11954112721735694,0.605859100818634,T_west_deep,M3_XGBoost,Nov-Jan
2022-01-13,2021,2.116937124822367,1.8271445035934448,T_west_deep,M3_XGBoost,Nov-Jan
2022-01-18,2021,0.9596997459300435,1.4468936920166016,T_west_deep,M3_XGBoost,Nov-Jan
2022-01-23,2021,2.062699560805299,1.9471389055252075,T_west_deep,M3_XGBoost,Nov-Jan
2022-02-07,2021,2.3919346773774817,2.5390028953552246,T_west_deep,M3_XGBoost,Feb-Apr
2022-02-12,2021,5.054732149616479,4.60775899887085,T_west_deep,M3_XGBoost,Feb-Apr
2022-02-17,2021,2.335330774860709,2.2539823055267334,T_west_deep,M3_XGBoost,Feb-Apr
2022-02-22,2021,2.477028243617811,2.304521083831787,T_west_deep,M3_XGBoost,Feb-Apr
2022-02-27,2021,1.3762541882539145,1.6471487283706665,T_west_deep,M3_XGBoost,Feb-Apr
2022-03-04,2021,1.9295911916729473,1.9740700721740723,T_west_deep,M3_XGBoost,Feb-Apr
2022-03-09,2021,2.2731261094633934,2.416782855987549,T_west_deep,M3_XGBoost,Feb-Apr
2022-03-14,2021,2.2879656244986593,2.5208804607391357,T_west_deep,M3_XGBoost,Feb-Apr
2022-03-19,2021,2.3425051753805386,2.343196392059326,T_west_deep,M3_XGBoost,Feb-Apr
2022-03-24,2021,2.4366642544091413,2.4781272411346436,T_west_deep,M3_XGBoost,Feb-Apr
2022-08-01,2022,2.6245715575517163,3.2041103839874268,T_west_deep,M3_XGBoost,May-Oct
2022-08-31,2022,1.4580262133179596,1.5086747407913208,T_west_deep,M3_XGBoost,May-Oct
2022-10-05,2022,3.6729665661343707,3.07521390914917,T_west_deep,M3_XGBoost,May-Oct
2022-10-10,2022,1.1182964657291858,1.3954309225082397,T_west_deep,M3_XGBoost,May-Oct
2022-10-15,2022,2.5424939893334915,2.6660525798797607,T_west_deep,M3_XGBoost,May-Oct
2022-10-20,2022,0.6248513161908295,0.6996538639068604,T_west_deep,M3_XGBoost,May-Oct
2022-10-30,2022,2.0669399193479934,2.238426923751831,T_west_deep,M3_XGBoost,May-Oct
2022-11-04,2022,4.686722835284746,3.295422077178955,T_west_deep,M3_XGBoost,Nov-Jan
2022-11-09,2022,2.2879656244986597,2.2626166343688965,T_west_deep,M3_XGBoost,Nov-Jan
2022-11-14,2022,1.9480459381578412,1.533556580543518,T_west_deep,M3_XGBoost,Nov-Jan
2022-11-24,2022,2.246840864881959,2.0607047080993652,T_west_deep,M3_XGBoost,Nov-Jan
2022-12-04,2022,1.6534113289172538,1.7349711656570435,T_west_deep,M3_XGBoost,Nov-Jan
2022-12-09,2022,1.1695123589945908,0.580459713935852,T_west_deep,M3_XGBoost,Nov-Jan
2022-12-14,2022,2.751004020241876,2.7822656631469727,T_west_deep,M3_XGBoost,Nov-Jan
2022-12-24,2022,3.9709665698319694,4.127191543579102,T_west_deep,M3_XGBoost,Nov-Jan
2022-12-29,2022,3.2192100919018096,2.81499981880188,T_west_deep,M3_XGBoost,Nov-Jan
2023-01-03,2022,1.6703119973762248,1.6762635707855225,T_west_deep,M3_XGBoost,Nov-Jan
2023-01-08,2022,3.2305021153544993,3.3896713256835938,T_west_deep,M3_XGBoost,Nov-Jan
2023-01-13,2022,1.2024684163076442,1.3274155855178833,T_west_deep,M3_XGBoost,Nov-Jan
2023-01-18,2022,5.032181944875944,4.610978603363037,T_west_deep,M3_XGBoost,Nov-Jan
2023-01-23,2022,1.6590687945009648,1.7930501699447632,T_west_deep,M3_XGBoost,Nov-Jan
2023-01-28,2022,2.5295721138793477,2.351249933242798,T_west_deep,M3_XGBoost,Nov-Jan
2023-02-02,2022,2.1169371248223663,2.1902015209198,T_west_deep,M3_XGBoost,Feb-Apr
2023-02-07,2022,2.338921550710158,2.3966567516326904,T_west_deep,M3_XGBoost,Feb-Apr
2023-02-12,2022,2.3172656174527795,2.4614181518554688,T_west_deep,M3_XGBoost,Feb-Apr
2023-02-17,2022,2.6027864630522277,2.468871831893921,T_west_deep,M3_XGBoost,Feb-Apr
2023-02-22,2022,2.6214729331731483,3.3124074935913086,T_west_deep,M3_XGBoost,Feb-Apr
2023-02-27,2022,1.934226844330863,2.009516716003418,T_west_deep,M3_XGBoost,Feb-Apr
2023-03-04,2022,2.1574173045285034,2.230531930923462,T_west_deep,M3_XGBoost,Feb-Apr
2023-03-09,2022,2.2354485886177655,2.433405876159668,T_west_deep,M3_XGBoost,Feb-Apr
2023-03-14,2022,2.360315323718105,2.3626492023468018,T_west_deep,M3_XGBoost,Feb-Apr
2023-03-29,2022,2.561724004057773,2.524102210998535,T_west_deep,M3_XGBoost,Feb-Apr
2023-09-15,2023,3.9691602135133004,3.736344337463379,T_west_deep,M3_XGBoost,May-Oct
2023-09-25,2023,3.293372208226213,2.560620069503784,T_west_deep,M3_XGBoost,May-Oct
2023-10-10,2023,2.349650616626286,2.524186372756958,T_west_deep,M3_XGBoost,May-Oct
2023-10-15,2023,2.633841219951272,2.8387396335601807,T_west_deep,M3_XGBoost,May-Oct
2023-10-20,2023,0.8980876283337806,0.9735236167907715,T_west_deep,M3_XGBoost,May-Oct
2023-10-30,2023,1.2424259233265758,1.4024616479873657,T_west_deep,M3_XGBoost,May-Oct
2023-11-09,2023,2.374436764876066,2.1043176651000977,T_west_deep,M3_XGBoost,Nov-Jan
2023-11-14,2023,1.4041118872689222,1.6374361515045166,T_west_deep,M3_XGBoost,Nov-Jan
2023-11-19,2023,1.2424259233265722,1.9470547437667847,T_west_deep,M3_XGBoost,Nov-Jan
2023-11-24,2023,0.6382303197421408,0.685939371585846,T_west_deep,M3_XGBoost,Nov-Jan
2023-12-09,2023,2.3245140141648446,2.6673223972320557,T_west_deep,M3_XGBoost,Nov-Jan
2023-12-14,2023,1.882396744883703,1.9990333318710327,T_west_deep,M3_XGBoost,Nov-Jan
2023-12-19,2023,1.3111743249611627,1.3489007949829102,T_west_deep,M3_XGBoost,Nov-Jan
2023-12-24,2023,1.177837249955193,1.290140151977539,T_west_deep,M3_XGBoost,Nov-Jan
2023-12-29,2023,1.9155945946982433,1.8827215433120728,T_west_deep,M3_XGBoost,Nov-Jan
2024-01-03,2023,0.5696516995687104,0.7140936255455017,T_west_deep,M3_XGBoost,Nov-Jan
2024-01-08,2023,2.349650616626287,1.7914118766784668,T_west_deep,M3_XGBoost,Nov-Jan
2024-01-13,2023,1.9434541419573161,2.252634048461914,T_west_deep,M3_XGBoost,Nov-Jan
2024-01-18,2023,2.1812217532669296,2.0797104835510254,T_west_deep,M3_XGBoost,Nov-Jan
2024-01-23,2023,1.2734633086511253,1.7468469142913818,T_west_deep,M3_XGBoost,Nov-Jan
2024-01-28,2023,2.2879656244986597,2.024655342102051,T_west_deep,M3_XGBoost,Nov-Jan
2024-02-02,2023,2.6245715575517177,2.3634274005889893,T_west_deep,M3_XGBoost,Feb-Apr
2024-02-07,2023,4.396054780981757,4.143280982971191,T_west_deep,M3_XGBoost,Feb-Apr
2024-02-12,2023,4.110125454271209,2.988555431365967,T_west_deep,M3_XGBoost,Feb-Apr
2024-02-17,2023,4.678402443317235,4.523436546325684,T_west_deep,M3_XGBoost,Feb-Apr
2024-02-22,2023,2.450214271759892,2.377354145050049,T_west_deep,M3_XGBoost,Feb-Apr
2024-02-27,2023,2.673565181537881,3.0232887268066406,T_west_deep,M3_XGBoost,Feb-Apr
2024-03-03,2023,2.5165665676685234,2.690253257751465,T_west_deep,M3_XGBoost,Feb-Apr
2024-03-08,2023,2.4603135368674662,2.6126022338867188,T_west_deep,M3_XGBoost,Feb-Apr
2024-03-13,2023,2.2656576437738263,2.4285192489624023,T_west_deep,M3_XGBoost,Feb-Apr
2024-03-18,2023,2.1453812847173324,2.259587049484253,T_west_deep,M3_XGBoost,Feb-Apr
2024-03-28,2023,2.46366819365155,2.4497246742248535,T_west_deep,M3_XGBoost,Feb-Apr
2024-04-12,2023,2.624571557551717,3.204477548599243,T_west_deep,M3_XGBoost,Feb-Apr
2024-04-27,2023,2.596521169301491,3.302609920501709,T_west_deep,M3_XGBoost,Feb-Apr
2024-05-12,2024,2.2316337617538724,1.7471599578857422,T_west_deep,M3_XGBoost,May-Oct
2024-09-19,2024,1.4841402604946692,1.711450457572937,T_west_deep,M3_XGBoost,May-Oct
2024-09-29,2024,2.265657643773825,1.946040391921997,T_west_deep,M3_XGBoost,May-Oct
2024-10-09,2024,1.6420233394340666,1.6144099235534668,T_west_deep,M3_XGBoost,May-Oct
2024-10-14,2024,2.4935996434706453,2.2438526153564453,T_west_deep,M3_XGBoost,May-Oct
2024-10-19,2024,3.9623391425939865,3.4012961387634277,T_west_deep,M3_XGBoost,May-Oct
2024-10-29,2024,4.034784815564849,3.8775155544281006,T_west_deep,M3_XGBoost,May-Oct
2017-01-09,2016,0.5340683508117549,0.5681022481423231,T_south_deep,M0_Ratio,Nov-Jan
2017-02-08,2016,1.9249406808096192,1.9868554484297,T_south_deep,M0_Ratio,Feb-Apr
2017-02-18,2016,2.0020576739088596,1.9683334304737288,T_south_deep,M0_Ratio,Feb-Apr
2017-10-16,2017,-0.1748552662667789,-0.9401664650418182,T_south_deep,M0_Ratio,May-Oct
2017-11-10,2017,0.8440739009889868,1.0280000585225444,T_south_deep,M0_Ratio,Nov-Jan
2017-11-30,2017,0.24188820126378624,0.3181171608364586,T_south_deep,M0_Ratio,Nov-Jan
2017-12-15,2017,1.318578361376542,1.6798790150285023,T_south_deep,M0_Ratio,Nov-Jan
2017-12-20,2017,0.31587078588631823,0.27518951640821687,T_south_deep,M0_Ratio,Nov-Jan
2017-12-30,2017,0.935052499401806,0.732665108424696,T_south_deep,M0_Ratio,Nov-Jan
2018-01-04,2017,2.0626995608053034,2.159290795238847,T_south_deep,M0_Ratio,Nov-Jan
2018-01-09,2017,1.9249406808096101,2.2789553887857834,T_south_deep,M0_Ratio,Nov-Jan
2018-01-19,2017,0.7276213558834203,0.8736943234489273,T_south_deep,M0_Ratio,Nov-Jan
2018-01-29,2017,1.9108987709431906,2.219785854722615,T_south_deep,M0_Ratio,Nov-Jan
2018-02-13,2017,1.7464773247696692,1.6710151899978165,T_south_deep,M0_Ratio,Feb-Apr
2018-02-23,2017,2.529572113879348,2.5188884512037357,T_south_deep,M0_Ratio,Feb-Apr
2018-03-05,2017,2.4434514165787635,2.4882208498787604,T_south_deep,M0_Ratio,Feb-Apr
2018-03-10,2017,2.331732534834705,2.315844347532075,T_south_deep,M0_Ratio,Feb-Apr
2018-04-09,2017,1.9752986418145542,2.119791792877712,T_south_deep,M0_Ratio,Feb-Apr
2018-10-16,2018,1.6362923141628027,1.78551556674397,T_south_deep,M0_Ratio,May-Oct
2018-11-25,2018,1.2502604731257627,1.3979505678359594,T_south_deep,M0_Ratio,Nov-Jan
2018-11-30,2018,0.8550841276709916,0.7438422088627061,T_south_deep,M0_Ratio,Nov-Jan
2018-12-10,2018,0.540977196721278,0.6457459242178576,T_south_deep,M0_Ratio,Nov-Jan
2018-12-25,2018,1.9388477594480027,1.6518949020403377,T_south_deep,M0_Ratio,Nov-Jan
2018-12-30,2018,1.559412459250924,1.6792212414807932,T_south_deep,M0_Ratio,Nov-Jan
2019-01-04,2018,0.908589566325373,1.0424523284437865,T_south_deep,M0_Ratio,Nov-Jan
2019-01-09,2018,1.863074268175885,1.7593484255892293,T_south_deep,M0_Ratio,Nov-Jan
2019-01-19,2018,2.381456216620186,2.5589899742533793,T_south_deep,M0_Ratio,Nov-Jan
2019-01-24,2018,1.6501071218085435,1.5879103260487937,T_south_deep,M0_Ratio,Nov-Jan
2019-01-29,2018,4.176459459078153,4.419578790592899,T_south_deep,M0_Ratio,Nov-Jan
2019-02-03,2018,1.7411771307057022,1.8072859513457933,T_south_deep,M0_Ratio,Feb-Apr
2019-02-08,2018,0.7152824574703834,0.9333332324940444,T_south_deep,M0_Ratio,Feb-Apr
2019-02-13,2018,1.354941498377946,1.4262267430733868,T_south_deep,M0_Ratio,Feb-Apr
2019-02-18,2018,4.753928180970496,4.682869929902457,T_south_deep,M0_Ratio,Feb-Apr
2019-02-23,2018,2.2506210318300526,2.3620246427640232,T_south_deep,M0_Ratio,Feb-Apr
2019-02-28,2018,2.0541834530721053,2.100247264612427,T_south_deep,M0_Ratio,Feb-Apr
2019-03-05,2018,3.536731539746014,3.32131058994884,T_south_deep,M0_Ratio,Feb-Apr
2019-03-10,2018,2.320893641264251,2.3185479539377427,T_south_deep,M0_Ratio,Feb-Apr
2019-03-15,2018,2.335330774860711,2.44046479295985,T_south_deep,M0_Ratio,Feb-Apr
2019-03-20,2018,2.5649116042403333,2.3858425583367535,T_south_deep,M0_Ratio,Feb-Apr
2019-03-25,2018,3.6817151392940746,2.8617741284668146,T_south_deep,M0_Ratio,Feb-Apr
2019-03-30,2018,2.7244852678682148,3.1625673594153945,T_south_deep,M0_Ratio,Feb-Apr
2019-04-04,2018,3.1984514478033557,2.526658691028561,T_south_deep,M0_Ratio,Feb-Apr
2019-04-09,2018,2.8677617037750145,2.5821813808571985,T_south_deep,M0_Ratio,Feb-Apr
2019-09-26,2019,2.0879682799961796,2.0233785878697486,T_south_deep,M0_Ratio,May-Oct
2019-10-16,2019,-0.2951274215529467,-0.03441411483198775,T_south_deep,M0_Ratio,May-Oct
2019-10-21,2019,1.5348102219681041,1.2271827054481543,T_south_deep,M0_Ratio,May-Oct
2019-10-31,2019,1.901460929654385,1.9871507527674457,T_south_deep,M0_Ratio,May-Oct
2019-11-05,2019,1.8967186546234622,1.7276927806764781,T_south_deep,M0_Ratio,Nov-Jan
2019-11-15,2019,1.1695123589945906,1.768951022834124,T_south_deep,M0_Ratio,Nov-Jan
2019-11-20,2019,1.1902741875010818,0.8963769512075193,T_south_deep,M0_Ratio,Nov-Jan
2019-11-25,2019,1.2186115714130106,1.3879603215865868,T_south_deep,M0_Ratio,Nov-Jan
2019-11-30,2019,0.7518978340081234,0.7842048119026743,T_south_deep,M0_Ratio,Nov-Jan
2019-12-05,2019,0.7152824574703852,0.6282721420043206,T_south_deep,M0_Ratio,Nov-Jan
2019-12-10,2019,1.8823967448837031,1.7717293176414424,T_south_deep,M0_Ratio,Nov-Jan
2019-12-15,2019,2.21628642370905,1.7960778688945058,T_south_deep,M0_Ratio,Nov-Jan
2019-12-20,2019,2.157417304528501,2.3917572428781644,T_south_deep,M0_Ratio,Nov-Jan
2019-12-25,2019,1.5954593947706173,1.678895207087905,T_south_deep,M0_Ratio,Nov-Jan
2019-12-30,2019,1.7197668284448102,1.8162891661988347,T_south_deep,M0_Ratio,Nov-Jan
2020-01-09,2019,1.471150774356868,1.5833742969110631,T_south_deep,M0_Ratio,Nov-Jan
2020-01-14,2019,1.3902613095226448,1.4068813952663006,T_south_deep,M0_Ratio,Nov-Jan
2020-01-19,2019,0.9189957070981932,1.108647567801176,T_south_deep,M0_Ratio,Nov-Jan
2020-01-24,2019,5.2391744131335125,5.2205655991025015,T_south_deep,M0_Ratio,Nov-Jan
2020-01-29,2019,4.122792310979227,4.239561311392132,T_south_deep,M0_Ratio,Nov-Jan
2020-02-03,2019,2.223977873110488,2.47108822481436,T_south_deep,M0_Ratio,Feb-Apr
2020-02-08,2019,2.096300187494258,2.2225988890789132,T_south_deep,M0_Ratio,Feb-Apr
2020-02-13,2019,3.7152075152790482,4.0456184905030605,T_south_deep,M0_Ratio,Feb-Apr
2020-02-18,2019,2.6916652756393824,2.7413697197906925,T_south_deep,M0_Ratio,Feb-Apr
2020-02-23,2019,2.204681598678967,2.0876687539801626,T_south_deep,M0_Ratio,Feb-Apr
2020-02-28,2019,2.2693960547439427,2.3700106554774116,T_south_deep,M0_Ratio,Feb-Apr
2020-03-04,2019,2.3603153237181043,2.282430035698409,T_south_deep,M0_Ratio,Feb-Apr
2020-03-09,2019,2.243052012318523,2.1349929582575817,T_south_deep,M0_Ratio,Feb-Apr
2020-03-14,2019,3.1214454915969534,2.5862494862404777,T_south_deep,M0_Ratio,Feb-Apr
2020-03-24,2019,2.7830297059391547,2.6712735070396345,T_south_deep,M0_Ratio,Feb-Apr
2020-11-09,2020,0.9696542244231208,0.8614483942969047,T_south_deep,M0_Ratio,Nov-Jan
2020-11-14,2020,1.2580443720405519,0.5508233016797925,T_south_deep,M0_Ratio,Nov-Jan
2020-11-19,2020,4.619480083971721,4.7999783544334536,T_south_deep,M0_Ratio,Nov-Jan
2020-11-24,2020,1.5775611313718334,1.6349958168744354,T_south_deep,M0_Ratio,Nov-Jan
2020-11-29,2020,0.26086762583541434,0.7193336098104506,T_south_deep,M0_Ratio,Nov-Jan
2020-12-09,2020,4.917896101564394,4.9722548328152625,T_south_deep,M0_Ratio,Nov-Jan
2020-12-14,2020,1.952623350527306,1.6427246753491604,T_south_deep,M0_Ratio,Nov-Jan
2020-12-19,2020,2.3814562166201867,2.4118627097885095,T_south_deep,M0_Ratio,Nov-Jan
2020-12-24,2020,1.8533133512772444,1.9408310840474774,T_south_deep,M0_Ratio,Nov-Jan
2021-01-03,2020,1.6305362612997805,1.5181879096264879,T_south_deep,M0_Ratio,Nov-Jan
2021-01-08,2020,1.082873308305136,1.107309336407939,T_south_deep,M0_Ratio,Nov-Jan
2021-01-13,2020,2.416153891351527,2.2776438139719457,T_south_deep,M0_Ratio,Nov-Jan
2021-01-18,2020,1.9249406808096177,1.9573265173956484,T_south_deep,M0_Ratio,Nov-Jan
2021-01-23,2020,2.7597795562684686,3.141945329842999,T_south_deep,M0_Ratio,Nov-Jan
2021-01-28,2020,1.9388477594480025,2.0558320089922257,T_south_deep,M0_Ratio,Nov-Jan
2021-02-02,2020,2.0370071077376575,2.030437936991587,T_south_deep,M0_Ratio,Feb-Apr
2021-02-07,2020,2.436664254409149,2.5576111341883663,T_south_deep,M0_Ratio,Feb-Apr
2021-02-12,2020,2.2990113568034336,2.337329034394825,T_south_deep,M0_Ratio,Feb-Apr
2021-02-17,2020,2.416153891351528,2.337372004733134,T_south_deep,M0_Ratio,Feb-Apr
2021-02-22,2020,1.9976311588877191,2.0600205229893573,T_south_deep,M0_Ratio,Feb-Apr
2021-03-04,2020,2.7974527488635954,2.424957321520629,T_south_deep,M0_Ratio,Feb-Apr
2021-03-09,2020,2.7155799253438215,3.0400568401881705,T_south_deep,M0_Ratio,Feb-Apr
2021-03-14,2020,4.673726942417692,4.36547570676118,T_south_deep,M0_Ratio,Feb-Apr
2021-03-24,2020,2.7859209003031205,3.1451379438175247,T_south_deep,M0_Ratio,Feb-Apr
2021-10-10,2021,2.3136300300817005,2.243912026167197,T_south_deep,M0_Ratio,May-Oct
2021-10-30,2021,1.4905853851864128,1.3063572309280915,T_south_deep,M0_Ratio,May-Oct
2021-11-09,2021,0.434246869365393,0.5405640801360332,T_south_deep,M0_Ratio,Nov-Jan
2021-11-19,2021,0.7276213558834276,0.4850079204458582,T_south_deep,M0_Ratio,Nov-Jan
2021-11-24,2021,0.09865057591320966,0.2871023385062587,T_south_deep,M0_Ratio,Nov-Jan
2021-11-29,2021,1.2186115714130066,1.3001539615799187,T_south_deep,M0_Ratio,Nov-Jan
2021-12-09,2021,0.9696542244231181,1.0967300720888022,T_south_deep,M0_Ratio,Nov-Jan
2021-12-14,2021,1.574489058775664,1.7351807498870722,T_south_deep,M0_Ratio,Nov-Jan
2021-12-19,2021,0.5409771967212759,0.6637351133940822,T_south_deep,M0_Ratio,Nov-Jan
2021-12-24,2021,1.823617741996515,2.045888315302005,T_south_deep,M0_Ratio,Nov-Jan
2021-12-29,2021,1.7932770477689097,1.8958536635860912,T_south_deep,M0_Ratio,Nov-Jan
2022-01-08,2021,0.07651725250413463,0.5437652091324254,T_south_deep,M0_Ratio,Nov-Jan
2022-01-13,2021,1.6814609110035803,1.6991608396340234,T_south_deep,M0_Ratio,Nov-Jan
2022-01-18,2021,0.9893088127310649,1.3849240650707835,T_south_deep,M0_Ratio,Nov-Jan
2022-01-23,2021,2.0456195688252725,1.9807815203003984,T_south_deep,M0_Ratio,Nov-Jan
2022-02-07,2021,2.3919346773774826,2.5496179294574466,T_south_deep,M0_Ratio,Feb-Apr
2022-02-12,2021,4.5769411364833825,4.876765879493952,T_south_deep,M0_Ratio,Feb-Apr
2022-02-17,2021,2.320893641264254,2.450021833208,T_south_deep,M0_Ratio,Feb-Apr
2022-02-22,2021,2.192993892309863,2.1982301066382144,T_south_deep,M0_Ratio,Feb-Apr
2022-02-27,2021,1.3620867219978756,1.5325207104060488,T_south_deep,M0_Ratio,Feb-Apr
2022-03-04,2021,2.015259118982352,2.027229021188522,T_south_deep,M0_Ratio,Feb-Apr
2022-03-09,2021,2.3709167191808795,2.3502085608684817,T_south_deep,M0_Ratio,Feb-Apr
2022-03-14,2021,2.377949829574917,2.4727270987806143,T_south_deep,M0_Ratio,Feb-Apr
2022-03-19,2021,2.3954142397285447,2.3931807354834262,T_south_deep,M0_Ratio,Feb-Apr
2022-03-24,2021,2.3425051753805404,2.3030446205996054,T_south_deep,M0_Ratio,Feb-Apr
2022-08-01,2022,1.9295911916729482,2.1348179070564743,T_south_deep,M0_Ratio,May-Oct
2022-08-31,2022,0.7873541885218399,1.1493137388454353,T_south_deep,M0_Ratio,May-Oct
2022-10-05,2022,2.6916652756393837,2.330318494553783,T_south_deep,M0_Ratio,May-Oct
2022-10-10,2022,0.8329554767263883,-0.5072647288747896,T_south_deep,M0_Ratio,May-Oct
2022-10-15,2022,2.0753856795352243,2.1139965091126496,T_south_deep,M0_Ratio,May-Oct
2022-10-20,2022,0.3850922490422181,0.4370533468743671,T_south_deep,M0_Ratio,May-Oct
2022-10-30,2022,1.6925175033948716,1.836536319923979,T_south_deep,M0_Ratio,May-Oct
2022-11-09,2022,2.054183453072109,2.030745385957804,T_south_deep,M0_Ratio,Nov-Jan
2022-11-14,2022,1.4514123716218164,1.2314532332987387,T_south_deep,M0_Ratio,Nov-Jan
2022-11-24,2022,2.1890792637674648,2.0402558399754263,T_south_deep,M0_Ratio,Nov-Jan
2022-12-04,2022,1.528585239192335,1.582335019133431,T_south_deep,M0_Ratio,Nov-Jan
2022-12-09,2022,0.7518978340081234,0.60291992084624,T_south_deep,M0_Ratio,Nov-Jan
2022-12-14,2022,2.621472933173149,2.7407544541249456,T_south_deep,M0_Ratio,Nov-Jan
2022-12-24,2022,4.225276604129272,4.099371998382224,T_south_deep,M0_Ratio,Nov-Jan
2022-12-29,2022,3.329104024999915,3.101679923500983,T_south_deep,M0_Ratio,Nov-Jan
2023-01-03,2022,1.6758981094993586,1.8422059204250676,T_south_deep,M0_Ratio,Nov-Jan
2023-01-08,2022,3.2217467530834294,3.6168389185774257,T_south_deep,M0_Ratio,Nov-Jan
2023-01-13,2022,1.3405253551496454,1.4374548766897852,T_south_deep,M0_Ratio,Nov-Jan
2023-01-18,2022,5.104393713787223,5.217694017241079,T_south_deep,M0_Ratio,Nov-Jan
2023-01-23,2022,1.8286108750081569,2.066424813394728,T_south_deep,M0_Ratio,Nov-Jan
2023-01-28,2022,2.5295721138793468,2.4310694962225794,T_south_deep,M0_Ratio,Nov-Jan
2023-02-02,2022,2.2046815986789667,2.089834032367365,T_south_deep,M0_Ratio,Feb-Apr
2023-02-07,2022,2.3814562166201876,2.4893429801380877,T_south_deep,M0_Ratio,Feb-Apr
2023-02-12,2022,2.349650616626285,2.4082788219120927,T_south_deep,M0_Ratio,Feb-Apr
2023-02-17,2022,2.6214729331731492,2.539122916705895,T_south_deep,M0_Ratio,Feb-Apr
2023-02-22,2022,3.560565553588306,3.552112793176567,T_south_deep,M0_Ratio,Feb-Apr
2023-02-27,2022,1.929591191672953,2.00696406112668,T_south_deep,M0_Ratio,Feb-Apr
2023-03-04,2022,2.137306440850014,2.3342171093167687,T_south_deep,M0_Ratio,Feb-Apr
2023-03-09,2022,2.36738991282501,2.425331412392,T_south_deep,M0_Ratio,Feb-Apr
2023-03-14,2022,2.3208936412642536,2.3344329428469797,T_south_deep,M0_Ratio,Feb-Apr
2023-03-29,2022,2.612150045961733,2.550803020167511,T_south_deep,M0_Ratio,Feb-Apr
2023-09-15,2023,4.005814228473818,2.6306941430570285,T_south_deep,M0_Ratio,May-Oct
2023-09-25,2023,2.317265617452776,2.12386594105664,T_south_deep,M0_Ratio,May-Oct
2023-10-10,2023,2.223977873110485,2.1526616506378633,T_south_deep,M0_Ratio,May-Oct
2023-10-15,2023,2.2990113568034336,2.297529299201212,T_south_deep,M0_Ratio,May-Oct
2023-10-20,2023,0.29784756133303886,-0.011891948732407419,T_south_deep,M0_Ratio,May-Oct
2023-10-30,2023,0.6774242317752773,1.0068819184602513,T_south_deep,M0_Ratio,May-Oct
2023-11-09,2023,2.100449453781295,2.08279715352436,T_south_deep,M0_Ratio,Nov-Jan
2023-11-14,2023,1.3185783613765412,1.4231714169968082,T_south_deep,M0_Ratio,Nov-Jan
2023-11-19,2023,1.0555850177450137,1.73645392110455,T_south_deep,M0_Ratio,Nov-Jan
2023-11-24,2023,0.2978475613330433,0.4320353311770339,T_south_deep,M0_Ratio,Nov-Jan
2023-12-09,2023,2.1352931412494907,2.305758151579451,T_south_deep,M0_Ratio,Nov-Jan
2023-12-14,2023,1.8135775692475002,1.9226414869144888,T_south_deep,M0_Ratio,Nov-Jan
2023-12-19,2023,1.2580443720405459,1.3730785343381444,T_south_deep,M0_Ratio,Nov-Jan
2023-12-24,2023,1.3762541882539139,1.3564802564443084,T_south_deep,M0_Ratio,Nov-Jan
2023-12-29,2023,1.9752986418145597,2.036005270034406,T_south_deep,M0_Ratio,Nov-Jan
2024-01-03,2023,0.6248513161908251,0.671662256605841,T_south_deep,M0_Ratio,Nov-Jan
2024-01-08,2023,1.9155945946982411,1.6764489044871587,T_south_deep,M0_Ratio,Nov-Jan
2024-01-13,2023,2.0499075276508587,2.145390863961392,T_south_deep,M0_Ratio,Nov-Jan
2024-01-18,2023,2.246840864881954,2.2703292728871465,T_south_deep,M0_Ratio,Nov-Jan
2024-01-23,2023,1.4178099647548876,1.606083369998211,T_south_deep,M0_Ratio,Nov-Jan
2024-01-28,2023,2.062699560805302,2.124369991187706,T_south_deep,M0_Ratio,Nov-Jan
2024-02-02,2023,2.6644606597028364,2.5602175992091656,T_south_deep,M0_Ratio,Feb-Apr
2024-02-07,2023,4.6867175051137675,4.4971877747323825,T_south_deep,M0_Ratio,Feb-Apr
2024-02-12,2023,4.063938853739204,3.937480657270571,T_south_deep,M0_Ratio,Feb-Apr
2024-02-17,2023,4.7862763249799265,4.772295261796631,T_south_deep,M0_Ratio,Feb-Apr
2024-02-22,2023,2.52632858531816,2.490818445916435,T_south_deep,M0_Ratio,Feb-Apr
2024-02-27,2023,2.785920900303117,2.6049655466629433,T_south_deep,M0_Ratio,Feb-Apr
2024-03-03,2023,2.5392712011944423,2.6355539737375797,T_south_deep,M0_Ratio,Feb-Apr
2024-03-08,2023,2.6059122596052844,2.5025804531685067,T_south_deep,M0_Ratio,Feb-Apr
2024-03-13,2023,2.3099869672316715,2.330060672233393,T_south_deep,M0_Ratio,Feb-Apr
2024-03-18,2023,2.2316337617538666,2.274139742079226,T_south_deep,M0_Ratio,Feb-Apr
2024-03-28,2023,2.5521316755884316,2.512577812160342,T_south_deep,M0_Ratio,Feb-Apr
2024-04-12,2023,2.7830297059391547,3.178320092661477,T_south_deep,M0_Ratio,Feb-Apr
2024-04-27,2023,2.646139891445267,2.4625940198497185,T_south_deep,M0_Ratio,Feb-Apr
2024-05-12,2024,2.0283454949602153,1.553066768832918,T_south_deep,M0_Ratio,May-Oct
2024-09-19,2024,0.8103852913144685,1.237283387147294,T_south_deep,M0_Ratio,May-Oct
2024-09-29,2024,2.019633899430622,1.7433791825596678,T_south_deep,M0_Ratio,May-Oct
2024-10-09,2024,1.1269880356340545,1.253138000640178,T_south_deep,M0_Ratio,May-Oct
2024-10-14,2024,2.1068995652265254,1.7274088679501562,T_south_deep,M0_Ratio,May-Oct
2024-10-19,2024,2.6765918120022074,2.385876053674568,T_south_deep,M0_Ratio,May-Oct
2024-10-29,2024,4.043420300289279,3.1702860362471594,T_south_deep,M0_Ratio,May-Oct
2017-01-09,2016,0.5340683508117549,0.5400572932631718,T_south_deep,M1_Ridge,Nov-Jan
2017-02-08,2016,1.9249406808096192,1.9869842377011424,T_south_deep,M1_Ridge,Feb-Apr
2017-02-18,2016,2.0020576739088596,1.8301776008943178,T_south_deep,M1_Ridge,Feb-Apr
2017-10-16,2017,-0.1748552662667789,-0.48995741083307465,T_south_deep,M1_Ridge,May-Oct
2017-11-10,2017,0.8440739009889868,1.1170879761623809,T_south_deep,M1_Ridge,Nov-Jan
2017-11-30,2017,0.24188820126378624,0.3828575781422088,T_south_deep,M1_Ridge,Nov-Jan
2017-12-15,2017,1.318578361376542,1.6240612818072464,T_south_deep,M1_Ridge,Nov-Jan
2017-12-20,2017,0.31587078588631823,0.16919789992042733,T_south_deep,M1_Ridge,Nov-Jan
2017-12-30,2017,0.935052499401806,0.8944942400890388,T_south_deep,M1_Ridge,Nov-Jan
2018-01-04,2017,2.0626995608053034,1.5747453355703485,T_south_deep,M1_Ridge,Nov-Jan
2018-01-09,2017,1.9249406808096101,2.2513901357278794,T_south_deep,M1_Ridge,Nov-Jan
2018-01-19,2017,0.7276213558834203,0.7367604765943985,T_south_deep,M1_Ridge,Nov-Jan
2018-01-29,2017,1.9108987709431906,2.3326712558312925,T_south_deep,M1_Ridge,Nov-Jan
2018-02-13,2017,1.7464773247696692,1.5567871786416019,T_south_deep,M1_Ridge,Feb-Apr
2018-02-23,2017,2.529572113879348,2.4381330662202085,T_south_deep,M1_Ridge,Feb-Apr
2018-03-05,2017,2.4434514165787635,2.5871653649098234,T_south_deep,M1_Ridge,Feb-Apr
2018-03-10,2017,2.331732534834705,2.1913779635288346,T_south_deep,M1_Ridge,Feb-Apr
2018-04-09,2017,1.9752986418145542,2.563278032916523,T_south_deep,M1_Ridge,Feb-Apr
2018-10-16,2018,1.6362923141628027,1.1984118128472,T_south_deep,M1_Ridge,May-Oct
2018-11-25,2018,1.2502604731257627,1.4165610229452708,T_south_deep,M1_Ridge,Nov-Jan
2018-11-30,2018,0.8550841276709916,0.6593872889304335,T_south_deep,M1_Ridge,Nov-Jan
2018-12-10,2018,0.540977196721278,0.6161276362007824,T_south_deep,M1_Ridge,Nov-Jan
2018-12-25,2018,1.9388477594480027,1.594740843827056,T_south_deep,M1_Ridge,Nov-Jan
2018-12-30,2018,1.559412459250924,1.6355669032850864,T_south_deep,M1_Ridge,Nov-Jan
2019-01-04,2018,0.908589566325373,1.0269559662155407,T_south_deep,M1_Ridge,Nov-Jan
2019-01-09,2018,1.863074268175885,1.7072655940632546,T_south_deep,M1_Ridge,Nov-Jan
2019-01-19,2018,2.381456216620186,2.532826307505153,T_south_deep,M1_Ridge,Nov-Jan
2019-01-24,2018,1.6501071218085435,1.5106932573177174,T_south_deep,M1_Ridge,Nov-Jan
2019-01-29,2018,4.176459459078153,4.266704892222004,T_south_deep,M1_Ridge,Nov-Jan
2019-02-03,2018,1.7411771307057022,1.7082457280743164,T_south_deep,M1_Ridge,Feb-Apr
2019-02-08,2018,0.7152824574703834,0.9490292853638311,T_south_deep,M1_Ridge,Feb-Apr
2019-02-13,2018,1.354941498377946,1.38530745210818,T_south_deep,M1_Ridge,Feb-Apr
2019-02-18,2018,4.753928180970496,4.647009873488359,T_south_deep,M1_Ridge,Feb-Apr
2019-02-23,2018,2.2506210318300526,2.3290581510853006,T_south_deep,M1_Ridge,Feb-Apr
2019-02-28,2018,2.0541834530721053,2.0612017012264965,T_south_deep,M1_Ridge,Feb-Apr
2019-03-05,2018,3.536731539746014,3.4831351721466186,T_south_deep,M1_Ridge,Feb-Apr
2019-03-10,2018,2.320893641264251,2.3298224552208353,T_south_deep,M1_Ridge,Feb-Apr
2019-03-15,2018,2.335330774860711,2.363827273421064,T_south_deep,M1_Ridge,Feb-Apr
2019-03-20,2018,2.5649116042403333,2.5126498743390053,T_south_deep,M1_Ridge,Feb-Apr
2019-03-25,2018,3.6817151392940746,2.808711118340976,T_south_deep,M1_Ridge,Feb-Apr
2019-03-30,2018,2.7244852678682148,2.9572380364125284,T_south_deep,M1_Ridge,Feb-Apr
2019-04-04,2018,3.1984514478033557,2.7968881165976924,T_south_deep,M1_Ridge,Feb-Apr
2019-04-09,2018,2.8677617037750145,2.685085606648823,T_south_deep,M1_Ridge,Feb-Apr
2019-09-26,2019,2.0879682799961796,2.0404636043948514,T_south_deep,M1_Ridge,May-Oct
2019-10-16,2019,-0.2951274215529467,-0.060266278958069464,T_south_deep,M1_Ridge,May-Oct
2019-10-21,2019,1.5348102219681041,1.2258871494337749,T_south_deep,M1_Ridge,May-Oct
2019-10-31,2019,1.901460929654385,2.244196458013918,T_south_deep,M1_Ridge,May-Oct
2019-11-05,2019,1.8967186546234622,1.671220343285051,T_south_deep,M1_Ridge,Nov-Jan
2019-11-15,2019,1.1695123589945906,1.8441354911697356,T_south_deep,M1_Ridge,Nov-Jan
2019-11-20,2019,1.1902741875010818,1.0865490636494544,T_south_deep,M1_Ridge,Nov-Jan
2019-11-25,2019,1.2186115714130106,1.313409181694122,T_south_deep,M1_Ridge,Nov-Jan
2019-11-30,2019,0.7518978340081234,0.6686431692876835,T_south_deep,M1_Ridge,Nov-Jan
2019-12-05,2019,0.7152824574703852,0.5503173481692643,T_south_deep,M1_Ridge,Nov-Jan
2019-12-10,2019,1.8823967448837031,1.7516377023715632,T_south_deep,M1_Ridge,Nov-Jan
2019-12-15,2019,2.21628642370905,1.79433623759255,T_south_deep,M1_Ridge,Nov-Jan
2019-12-20,2019,2.157417304528501,2.276225236220046,T_south_deep,M1_Ridge,Nov-Jan
2019-12-25,2019,1.5954593947706173,1.7806410116554319,T_south_deep,M1_Ridge,Nov-Jan
2019-12-30,2019,1.7197668284448102,1.7628785842845727,T_south_deep,M1_Ridge,Nov-Jan
2020-01-09,2019,1.471150774356868,1.4795290302872834,T_south_deep,M1_Ridge,Nov-Jan
2020-01-14,2019,1.3902613095226448,1.3604237911067276,T_south_deep,M1_Ridge,Nov-Jan
2020-01-19,2019,0.9189957070981932,1.2199124404440687,T_south_deep,M1_Ridge,Nov-Jan
2020-01-24,2019,5.2391744131335125,5.0533294826719715,T_south_deep,M1_Ridge,Nov-Jan
2020-01-29,2019,4.122792310979227,4.012145070065,T_south_deep,M1_Ridge,Nov-Jan
2020-02-03,2019,2.223977873110488,2.337397508938167,T_south_deep,M1_Ridge,Feb-Apr
2020-02-08,2019,2.096300187494258,2.1046199451674714,T_south_deep,M1_Ridge,Feb-Apr
2020-02-13,2019,3.7152075152790482,3.811823824606032,T_south_deep,M1_Ridge,Feb-Apr
2020-02-18,2019,2.6916652756393824,2.6961884574396446,T_south_deep,M1_Ridge,Feb-Apr
2020-02-23,2019,2.204681598678967,2.091790640775566,T_south_deep,M1_Ridge,Feb-Apr
2020-02-28,2019,2.2693960547439427,2.338169982422963,T_south_deep,M1_Ridge,Feb-Apr
2020-03-04,2019,2.3603153237181043,2.2042076919648546,T_south_deep,M1_Ridge,Feb-Apr
2020-03-09,2019,2.243052012318523,2.2444657465673683,T_south_deep,M1_Ridge,Feb-Apr
2020-03-14,2019,3.1214454915969534,2.6364408223222098,T_south_deep,M1_Ridge,Feb-Apr
2020-03-24,2019,2.7830297059391547,2.709832952794357,T_south_deep,M1_Ridge,Feb-Apr
2020-11-09,2020,0.9696542244231208,0.7684361024181101,T_south_deep,M1_Ridge,Nov-Jan
2020-11-14,2020,1.2580443720405519,0.8366796328838741,T_south_deep,M1_Ridge,Nov-Jan
2020-11-19,2020,4.619480083971721,4.548740620571678,T_south_deep,M1_Ridge,Nov-Jan
2020-11-24,2020,1.5775611313718334,1.688424014170961,T_south_deep,M1_Ridge,Nov-Jan
2020-11-29,2020,0.26086762583541434,0.9034540651843952,T_south_deep,M1_Ridge,Nov-Jan
2020-12-09,2020,4.917896101564394,4.69493054243842,T_south_deep,M1_Ridge,Nov-Jan
2020-12-14,2020,1.952623350527306,1.5943632047841587,T_south_deep,M1_Ridge,Nov-Jan
2020-12-19,2020,2.3814562166201867,2.3867628014790228,T_south_deep,M1_Ridge,Nov-Jan
2020-12-24,2020,1.8533133512772444,1.8071292319330219,T_south_deep,M1_Ridge,Nov-Jan
2021-01-03,2020,1.6305362612997805,1.511618214607188,T_south_deep,M1_Ridge,Nov-Jan
2021-01-08,2020,1.082873308305136,1.0267456894447036,T_south_deep,M1_Ridge,Nov-Jan
2021-01-13,2020,2.416153891351527,2.1709945068038143,T_south_deep,M1_Ridge,Nov-Jan
2021-01-18,2020,1.9249406808096177,1.8129605835974991,T_south_deep,M1_Ridge,Nov-Jan
2021-01-23,2020,2.7597795562684686,2.9277233221837617,T_south_deep,M1_Ridge,Nov-Jan
2021-01-28,2020,1.9388477594480025,2.0995323320617816,T_south_deep,M1_Ridge,Nov-Jan
2021-02-02,2020,2.0370071077376575,2.0021739668963345,T_south_deep,M1_Ridge,Feb-Apr
2021-02-07,2020,2.436664254409149,2.542791899009256,T_south_deep,M1_Ridge,Feb-Apr
2021-02-12,2020,2.2990113568034336,2.2448253099825757,T_south_deep,M1_Ridge,Feb-Apr
2021-02-17,2020,2.416153891351528,2.260987083753967,T_south_deep,M1_Ridge,Feb-Apr
2021-02-22,2020,1.9976311588877191,2.127843846854585,T_south_deep,M1_Ridge,Feb-Apr
2021-03-04,2020,2.7974527488635954,2.5925732492395137,T_south_deep,M1_Ridge,Feb-Apr
2021-03-09,2020,2.7155799253438215,3.2130002005259217,T_south_deep,M1_Ridge,Feb-Apr
2021-03-14,2020,4.673726942417692,4.413836340438643,T_south_deep,M1_Ridge,Feb-Apr
2021-03-24,2020,2.7859209003031205,3.1709563470307622,T_south_deep,M1_Ridge,Feb-Apr
2021-10-10,2021,2.3136300300817005,2.496980410741018,T_south_deep,M1_Ridge,May-Oct
2021-10-30,2021,1.4905853851864128,1.3254968202731285,T_south_deep,M1_Ridge,May-Oct
2021-11-09,2021,0.434246869365393,0.5091783625585271,T_south_deep,M1_Ridge,Nov-Jan
2021-11-19,2021,0.7276213558834276,0.40724519229694,T_south_deep,M1_Ridge,Nov-Jan
2021-11-24,2021,0.09865057591320966,0.18978799405614177,T_south_deep,M1_Ridge,Nov-Jan
2021-11-29,2021,1.2186115714130066,1.191688506808578,T_south_deep,M1_Ridge,Nov-Jan
2021-12-09,2021,0.9696542244231181,0.9962958901643642,T_south_deep,M1_Ridge,Nov-Jan
2021-12-14,2021,1.574489058775664,1.6992541400266483,T_south_deep,M1_Ridge,Nov-Jan
2021-12-19,2021,0.5409771967212759,0.7124093794605713,T_south_deep,M1_Ridge,Nov-Jan
2021-12-24,2021,1.823617741996515,2.013796782926964,T_south_deep,M1_Ridge,Nov-Jan
2021-12-29,2021,1.7932770477689097,1.8255560545028244,T_south_deep,M1_Ridge,Nov-Jan
2022-01-08,2021,0.07651725250413463,0.45516589441534605,T_south_deep,M1_Ridge,Nov-Jan
2022-01-13,2021,1.6814609110035803,1.7008789050805921,T_south_deep,M1_Ridge,Nov-Jan
2022-01-18,2021,0.9893088127310649,1.3556782368402747,T_south_deep,M1_Ridge,Nov-Jan
2022-01-23,2021,2.0456195688252725,1.9529218233315384,T_south_deep,M1_Ridge,Nov-Jan
2022-02-07,2021,2.3919346773774826,2.470121712413208,T_south_deep,M1_Ridge,Feb-Apr
2022-02-12,2021,4.5769411364833825,4.6649250758853,T_south_deep,M1_Ridge,Feb-Apr
2022-02-17,2021,2.320893641264254,2.4718506149515544,T_south_deep,M1_Ridge,Feb-Apr
2022-02-22,2021,2.192993892309863,2.3719237942692413,T_south_deep,M1_Ridge,Feb-Apr
2022-02-27,2021,1.3620867219978756,1.5209363761458807,T_south_deep,M1_Ridge,Feb-Apr
2022-03-04,2021,2.015259118982352,2.0929504146184112,T_south_deep,M1_Ridge,Feb-Apr
2022-03-09,2021,2.3709167191808795,2.3206008534344575,T_south_deep,M1_Ridge,Feb-Apr
2022-03-14,2021,2.377949829574917,2.467775181057025,T_south_deep,M1_Ridge,Feb-Apr
2022-03-19,2021,2.3954142397285447,2.4869382370169673,T_south_deep,M1_Ridge,Feb-Apr
2022-03-24,2021,2.3425051753805404,2.7206290370646076,T_south_deep,M1_Ridge,Feb-Apr
2022-08-01,2022,1.9295911916729482,2.8542862016925903,T_south_deep,M1_Ridge,May-Oct
2022-08-31,2022,0.7873541885218399,1.6810452186762244,T_south_deep,M1_Ridge,May-Oct
2022-10-05,2022,2.6916652756393837,2.487803442711312,T_south_deep,M1_Ridge,May-Oct
2022-10-10,2022,0.8329554767263883,0.1944792945841043,T_south_deep,M1_Ridge,May-Oct
2022-10-15,2022,2.0753856795352243,2.3509922414933184,T_south_deep,M1_Ridge,May-Oct
2022-10-20,2022,0.3850922490422181,0.34937624985723015,T_south_deep,M1_Ridge,May-Oct
2022-10-30,2022,1.6925175033948716,1.6999739025696592,T_south_deep,M1_Ridge,May-Oct
2022-11-09,2022,2.054183453072109,2.10086695269987,T_south_deep,M1_Ridge,Nov-Jan
2022-11-14,2022,1.4514123716218164,1.1959103749780677,T_south_deep,M1_Ridge,Nov-Jan
2022-11-24,2022,2.1890792637674648,2.061646853585859,T_south_deep,M1_Ridge,Nov-Jan
2022-12-04,2022,1.528585239192335,1.4590998161900282,T_south_deep,M1_Ridge,Nov-Jan
2022-12-09,2022,0.7518978340081234,0.5341018909191044,T_south_deep,M1_Ridge,Nov-Jan
2022-12-14,2022,2.621472933173149,2.594673307360784,T_south_deep,M1_Ridge,Nov-Jan
2022-12-24,2022,4.225276604129272,4.210263745834704,T_south_deep,M1_Ridge,Nov-Jan
2022-12-29,2022,3.329104024999915,3.1269837870228843,T_south_deep,M1_Ridge,Nov-Jan
2023-01-03,2022,1.6758981094993586,1.6363880269841689,T_south_deep,M1_Ridge,Nov-Jan
2023-01-08,2022,3.2217467530834294,3.78018531067395,T_south_deep,M1_Ridge,Nov-Jan
2023-01-13,2022,1.3405253551496454,1.4122271324521063,T_south_deep,M1_Ridge,Nov-Jan
2023-01-18,2022,5.104393713787223,5.00477345457429,T_south_deep,M1_Ridge,Nov-Jan
2023-01-23,2022,1.8286108750081569,2.015072693558961,T_south_deep,M1_Ridge,Nov-Jan
2023-01-28,2022,2.5295721138793468,2.362444675922133,T_south_deep,M1_Ridge,Nov-Jan
2023-02-02,2022,2.2046815986789667,2.0220548172394457,T_south_deep,M1_Ridge,Feb-Apr
2023-02-07,2022,2.3814562166201876,2.384674821512397,T_south_deep,M1_Ridge,Feb-Apr
2023-02-12,2022,2.349650616626285,2.2710133786707427,T_south_deep,M1_Ridge,Feb-Apr
2023-02-17,2022,2.6214729331731492,2.494231407665331,T_south_deep,M1_Ridge,Feb-Apr
2023-02-22,2022,3.560565553588306,3.6679474939722487,T_south_deep,M1_Ridge,Feb-Apr
2023-02-27,2022,1.929591191672953,1.8727464575665234,T_south_deep,M1_Ridge,Feb-Apr
2023-03-04,2022,2.137306440850014,2.290014472340599,T_south_deep,M1_Ridge,Feb-Apr
2023-03-09,2022,2.36738991282501,2.374536256178913,T_south_deep,M1_Ridge,Feb-Apr
2023-03-14,2022,2.3208936412642536,2.3411183090244037,T_south_deep,M1_Ridge,Feb-Apr
2023-03-29,2022,2.612150045961733,2.5797636359985634,T_south_deep,M1_Ridge,Feb-Apr
2023-09-15,2023,4.005814228473818,2.7908079723851236,T_south_deep,M1_Ridge,May-Oct
2023-09-25,2023,2.317265617452776,2.4573579055226467,T_south_deep,M1_Ridge,May-Oct
2023-10-10,2023,2.223977873110485,2.321301521244403,T_south_deep,M1_Ridge,May-Oct
2023-10-15,2023,2.2990113568034336,2.559910476261911,T_south_deep,M1_Ridge,May-Oct
2023-10-20,2023,0.29784756133303886,0.24850571798906818,T_south_deep,M1_Ridge,May-Oct
2023-10-30,2023,0.6774242317752773,0.8796200493636817,T_south_deep,M1_Ridge,May-Oct
2023-11-09,2023,2.100449453781295,2.1118230503240056,T_south_deep,M1_Ridge,Nov-Jan
2023-11-14,2023,1.3185783613765412,1.5580942014444272,T_south_deep,M1_Ridge,Nov-Jan
2023-11-19,2023,1.0555850177450137,1.529169815968931,T_south_deep,M1_Ridge,Nov-Jan
2023-11-24,2023,0.2978475613330433,0.5584384634226875,T_south_deep,M1_Ridge,Nov-Jan
2023-12-09,2023,2.1352931412494907,2.374740636299591,T_south_deep,M1_Ridge,Nov-Jan
2023-12-14,2023,1.8135775692475002,1.861439740579084,T_south_deep,M1_Ridge,Nov-Jan
2023-12-19,2023,1.2580443720405459,1.3751220225129748,T_south_deep,M1_Ridge,Nov-Jan
2023-12-24,2023,1.3762541882539139,1.3976576752933527,T_south_deep,M1_Ridge,Nov-Jan
2023-12-29,2023,1.9752986418145597,1.9150978029177774,T_south_deep,M1_Ridge,Nov-Jan
2024-01-03,2023,0.6248513161908251,0.5449402547717965,T_south_deep,M1_Ridge,Nov-Jan
2024-01-08,2023,1.9155945946982411,1.662115296942483,T_south_deep,M1_Ridge,Nov-Jan
2024-01-13,2023,2.0499075276508587,2.0634321452145667,T_south_deep,M1_Ridge,Nov-Jan
2024-01-18,2023,2.246840864881954,2.1110087907689428,T_south_deep,M1_Ridge,Nov-Jan
2024-01-23,2023,1.4178099647548876,1.5007175049500667,T_south_deep,M1_Ridge,Nov-Jan
2024-01-28,2023,2.062699560805302,1.9872238229735681,T_south_deep,M1_Ridge,Nov-Jan
2024-02-02,2023,2.6644606597028364,2.4401960558954308,T_south_deep,M1_Ridge,Feb-Apr
2024-02-07,2023,4.6867175051137675,4.3585528253548445,T_south_deep,M1_Ridge,Feb-Apr
2024-02-12,2023,4.063938853739204,3.7480017832151593,T_south_deep,M1_Ridge,Feb-Apr
2024-02-17,2023,4.7862763249799265,4.54435576609673,T_south_deep,M1_Ridge,Feb-Apr
2024-02-22,2023,2.52632858531816,2.451119484623154,T_south_deep,M1_Ridge,Feb-Apr
2024-02-27,2023,2.785920900303117,2.6125069579765823,T_south_deep,M1_Ridge,Feb-Apr
2024-03-03,2023,2.5392712011944423,2.600593956768149,T_south_deep,M1_Ridge,Feb-Apr
2024-03-08,2023,2.6059122596052844,2.594196826474894,T_south_deep,M1_Ridge,Feb-Apr
2024-03-13,2023,2.3099869672316715,2.516935963083646,T_south_deep,M1_Ridge,Feb-Apr
2024-03-18,2023,2.2316337617538666,2.26406801053961,T_south_deep,M1_Ridge,Feb-Apr
2024-03-28,2023,2.5521316755884316,2.6800688669071793,T_south_deep,M1_Ridge,Feb-Apr
2024-04-12,2023,2.7830297059391547,3.1597554167472515,T_south_deep,M1_Ridge,Feb-Apr
2024-04-27,2023,2.646139891445267,2.7607867768018757,T_south_deep,M1_Ridge,Feb-Apr
2024-05-12,2024,2.0283454949602153,1.220742685047712,T_south_deep,M1_Ridge,May-Oct
2024-09-19,2024,0.8103852913144685,1.0390413393992453,T_south_deep,M1_Ridge,May-Oct
2024-09-29,2024,2.019633899430622,1.7947637272654597,T_south_deep,M1_Ridge,May-Oct
2024-10-09,2024,1.1269880356340545,1.2984517946980438,T_south_deep,M1_Ridge,May-Oct
2024-10-14,2024,2.1068995652265254,2.178396758210887,T_south_deep,M1_Ridge,May-Oct
2024-10-19,2024,2.6765918120022074,2.9729954069686144,T_south_deep,M1_Ridge,May-Oct
2024-10-29,2024,4.043420300289279,3.3941178605270776,T_south_deep,M1_Ridge,May-Oct
2017-01-09,2016,0.5340683508117549,0.9948209281468222,T_south_deep,M2_RandomForest,Nov-Jan
2017-02-08,2016,1.9249406808096192,2.0955694055235927,T_south_deep,M2_RandomForest,Feb-Apr
2017-02-18,2016,2.0020576739088596,1.9975244639910292,T_south_deep,M2_RandomForest,Feb-Apr
2017-10-16,2017,-0.1748552662667789,0.6933113085924684,T_south_deep,M2_RandomForest,May-Oct
2017-11-10,2017,0.8440739009889868,1.0039649091148675,T_south_deep,M2_RandomForest,Nov-Jan
2017-11-30,2017,0.24188820126378624,0.6991140713976431,T_south_deep,M2_RandomForest,Nov-Jan
2017-12-15,2017,1.318578361376542,1.7219297102135505,T_south_deep,M2_RandomForest,Nov-Jan
2017-12-20,2017,0.31587078588631823,0.6131781588587358,T_south_deep,M2_RandomForest,Nov-Jan
2017-12-30,2017,0.935052499401806,0.7739812473940249,T_south_deep,M2_RandomForest,Nov-Jan
2018-01-04,2017,2.0626995608053034,2.1284266075081,T_south_deep,M2_RandomForest,Nov-Jan
2018-01-09,2017,1.9249406808096101,2.2560659337502362,T_south_deep,M2_RandomForest,Nov-Jan
2018-01-19,2017,0.7276213558834203,1.0374701858029345,T_south_deep,M2_RandomForest,Nov-Jan
2018-01-29,2017,1.9108987709431906,2.2553744347108204,T_south_deep,M2_RandomForest,Nov-Jan
2018-02-13,2017,1.7464773247696692,1.7275922297632642,T_south_deep,M2_RandomForest,Feb-Apr
2018-02-23,2017,2.529572113879348,2.5284349880721355,T_south_deep,M2_RandomForest,Feb-Apr
2018-03-05,2017,2.4434514165787635,2.5383945345199894,T_south_deep,M2_RandomForest,Feb-Apr
2018-03-10,2017,2.331732534834705,2.3254704122934418,T_south_deep,M2_RandomForest,Feb-Apr
2018-04-09,2017,1.9752986418145542,2.327677085499718,T_south_deep,M2_RandomForest,Feb-Apr
2018-10-16,2018,1.6362923141628027,1.9571634590453113,T_south_deep,M2_RandomForest,May-Oct
2018-11-25,2018,1.2502604731257627,1.2306232945930338,T_south_deep,M2_RandomForest,Nov-Jan
2018-11-30,2018,0.8550841276709916,0.7725334639833067,T_south_deep,M2_RandomForest,Nov-Jan
2018-12-10,2018,0.540977196721278,0.7730590987553134,T_south_deep,M2_RandomForest,Nov-Jan
2018-12-25,2018,1.9388477594480027,1.6565464459040213,T_south_deep,M2_RandomForest,Nov-Jan
2018-12-30,2018,1.559412459250924,1.7657890279899011,T_south_deep,M2_RandomForest,Nov-Jan
2019-01-04,2018,0.908589566325373,1.1907821459192978,T_south_deep,M2_RandomForest,Nov-Jan
2019-01-09,2018,1.863074268175885,1.7424720315458948,T_south_deep,M2_RandomForest,Nov-Jan
2019-01-19,2018,2.381456216620186,2.4291344041711866,T_south_deep,M2_RandomForest,Nov-Jan
2019-01-24,2018,1.6501071218085435,1.6764178096879652,T_south_deep,M2_RandomForest,Nov-Jan
2019-01-29,2018,4.176459459078153,3.987531711539178,T_south_deep,M2_RandomForest,Nov-Jan
2019-02-03,2018,1.7411771307057022,1.9162741663990865,T_south_deep,M2_RandomForest,Feb-Apr
2019-02-08,2018,0.7152824574703834,1.3710945982909946,T_south_deep,M2_RandomForest,Feb-Apr
2019-02-13,2018,1.354941498377946,1.7484240212942186,T_south_deep,M2_RandomForest,Feb-Apr
2019-02-18,2018,4.753928180970496,3.687326442049983,T_south_deep,M2_RandomForest,Feb-Apr
2019-02-23,2018,2.2506210318300526,2.3823959411264126,T_south_deep,M2_RandomForest,Feb-Apr
2019-02-28,2018,2.0541834530721053,2.148566308258778,T_south_deep,M2_RandomForest,Feb-Apr
2019-03-05,2018,3.536731539746014,3.211752730265724,T_south_deep,M2_RandomForest,Feb-Apr
2019-03-10,2018,2.320893641264251,2.382381451501574,T_south_deep,M2_RandomForest,Feb-Apr
2019-03-15,2018,2.335330774860711,2.451029568727945,T_south_deep,M2_RandomForest,Feb-Apr
2019-03-20,2018,2.5649116042403333,2.415010901318379,T_south_deep,M2_RandomForest,Feb-Apr
2019-03-25,2018,3.6817151392940746,2.905745514126465,T_south_deep,M2_RandomForest,Feb-Apr
2019-03-30,2018,2.7244852678682148,3.1158899612297124,T_south_deep,M2_RandomForest,Feb-Apr
2019-04-04,2018,3.1984514478033557,2.551011715382537,T_south_deep,M2_RandomForest,Feb-Apr
2019-04-09,2018,2.8677617037750145,2.71444830756407,T_south_deep,M2_RandomForest,Feb-Apr
2019-09-26,2019,2.0879682799961796,2.0344761439274994,T_south_deep,M2_RandomForest,May-Oct
2019-10-16,2019,-0.2951274215529467,0.704019038074025,T_south_deep,M2_RandomForest,May-Oct
2019-10-21,2019,1.5348102219681041,1.129868166740554,T_south_deep,M2_RandomForest,May-Oct
2019-10-31,2019,1.901460929654385,2.0350246336066284,T_south_deep,M2_RandomForest,May-Oct
2019-11-05,2019,1.8967186546234622,1.7510463441547686,T_south_deep,M2_RandomForest,Nov-Jan
2019-11-15,2019,1.1695123589945906,1.7888376757025903,T_south_deep,M2_RandomForest,Nov-Jan
2019-11-20,2019,1.1902741875010818,0.8309746400014246,T_south_deep,M2_RandomForest,Nov-Jan
2019-11-25,2019,1.2186115714130106,1.2141549496563002,T_south_deep,M2_RandomForest,Nov-Jan
2019-11-30,2019,0.7518978340081234,0.7826403474121179,T_south_deep,M2_RandomForest,Nov-Jan
2019-12-05,2019,0.7152824574703852,0.7150862156033848,T_south_deep,M2_RandomForest,Nov-Jan
2019-12-10,2019,1.8823967448837031,1.7024711469388465,T_south_deep,M2_RandomForest,Nov-Jan
2019-12-15,2019,2.21628642370905,1.7921827282803549,T_south_deep,M2_RandomForest,Nov-Jan
2019-12-20,2019,2.157417304528501,2.481544302594032,T_south_deep,M2_RandomForest,Nov-Jan
2019-12-25,2019,1.5954593947706173,1.7773801614543248,T_south_deep,M2_RandomForest,Nov-Jan
2019-12-30,2019,1.7197668284448102,1.7754444461147425,T_south_deep,M2_RandomForest,Nov-Jan
2020-01-09,2019,1.471150774356868,1.625111650944333,T_south_deep,M2_RandomForest,Nov-Jan
2020-01-14,2019,1.3902613095226448,1.3680835758871293,T_south_deep,M2_RandomForest,Nov-Jan
2020-01-19,2019,0.9189957070981932,1.3277851395994995,T_south_deep,M2_RandomForest,Nov-Jan
2020-01-24,2019,5.2391744131335125,3.9881389596974297,T_south_deep,M2_RandomForest,Nov-Jan
2020-01-29,2019,4.122792310979227,4.091774892439441,T_south_deep,M2_RandomForest,Nov-Jan
2020-02-03,2019,2.223977873110488,2.634297345567311,T_south_deep,M2_RandomForest,Feb-Apr
2020-02-08,2019,2.096300187494258,2.3370595460471852,T_south_deep,M2_RandomForest,Feb-Apr
2020-02-13,2019,3.7152075152790482,4.124035053001312,T_south_deep,M2_RandomForest,Feb-Apr
2020-02-18,2019,2.6916652756393824,2.804154687079912,T_south_deep,M2_RandomForest,Feb-Apr
2020-02-23,2019,2.204681598678967,2.2855361270111483,T_south_deep,M2_RandomForest,Feb-Apr
2020-02-28,2019,2.2693960547439427,2.490418787803403,T_south_deep,M2_RandomForest,Feb-Apr
2020-03-04,2019,2.3603153237181043,2.369988681744015,T_south_deep,M2_RandomForest,Feb-Apr
2020-03-09,2019,2.243052012318523,2.2044656990362097,T_south_deep,M2_RandomForest,Feb-Apr
2020-03-14,2019,3.1214454915969534,2.762449555212584,T_south_deep,M2_RandomForest,Feb-Apr
2020-03-24,2019,2.7830297059391547,2.889811916773276,T_south_deep,M2_RandomForest,Feb-Apr
2020-11-09,2020,0.9696542244231208,0.8217457047950094,T_south_deep,M2_RandomForest,Nov-Jan
2020-11-14,2020,1.2580443720405519,0.5996911491692277,T_south_deep,M2_RandomForest,Nov-Jan
2020-11-19,2020,4.619480083971721,3.3460346821566986,T_south_deep,M2_RandomForest,Nov-Jan
2020-11-24,2020,1.5775611313718334,1.5098522832196999,T_south_deep,M2_RandomForest,Nov-Jan
2020-11-29,2020,0.26086762583541434,0.8269596381127813,T_south_deep,M2_RandomForest,Nov-Jan
2020-12-09,2020,4.917896101564394,3.397852586869871,T_south_deep,M2_RandomForest,Nov-Jan
2020-12-14,2020,1.952623350527306,1.6370368460368099,T_south_deep,M2_RandomForest,Nov-Jan
2020-12-19,2020,2.3814562166201867,2.307092310106046,T_south_deep,M2_RandomForest,Nov-Jan
2020-12-24,2020,1.8533133512772444,1.9005017576568068,T_south_deep,M2_RandomForest,Nov-Jan
2021-01-03,2020,1.6305362612997805,1.5071211703844434,T_south_deep,M2_RandomForest,Nov-Jan
2021-01-08,2020,1.082873308305136,0.9963709941888245,T_south_deep,M2_RandomForest,Nov-Jan
2021-01-13,2020,2.416153891351527,2.1257942160129106,T_south_deep,M2_RandomForest,Nov-Jan
2021-01-18,2020,1.9249406808096177,1.9293267521479969,T_south_deep,M2_RandomForest,Nov-Jan
2021-01-23,2020,2.7597795562684686,3.1657712836447933,T_south_deep,M2_RandomForest,Nov-Jan
2021-01-28,2020,1.9388477594480025,2.081880519203239,T_south_deep,M2_RandomForest,Nov-Jan
2021-02-02,2020,2.0370071077376575,2.211765716301183,T_south_deep,M2_RandomForest,Feb-Apr
2021-02-07,2020,2.436664254409149,2.625362626461166,T_south_deep,M2_RandomForest,Feb-Apr
2021-02-12,2020,2.2990113568034336,2.2591611313737867,T_south_deep,M2_RandomForest,Feb-Apr
2021-02-17,2020,2.416153891351528,2.3104331249296255,T_south_deep,M2_RandomForest,Feb-Apr
2021-02-22,2020,1.9976311588877191,2.098069674984374,T_south_deep,M2_RandomForest,Feb-Apr
2021-03-04,2020,2.7974527488635954,2.3843556955444645,T_south_deep,M2_RandomForest,Feb-Apr
2021-03-09,2020,2.7155799253438215,3.140244838835804,T_south_deep,M2_RandomForest,Feb-Apr
2021-03-14,2020,4.673726942417692,3.762270404641514,T_south_deep,M2_RandomForest,Feb-Apr
2021-03-24,2020,2.7859209003031205,3.027787559024073,T_south_deep,M2_RandomForest,Feb-Apr
2021-10-10,2021,2.3136300300817005,2.0891380279772345,T_south_deep,M2_RandomForest,May-Oct
2021-10-30,2021,1.4905853851864128,1.2732451332584462,T_south_deep,M2_RandomForest,May-Oct
2021-11-09,2021,0.434246869365393,0.7504077227830426,T_south_deep,M2_RandomForest,Nov-Jan
2021-11-19,2021,0.7276213558834276,0.6565500587919607,T_south_deep,M2_RandomForest,Nov-Jan
2021-11-24,2021,0.09865057591320966,0.5696860777515025,T_south_deep,M2_RandomForest,Nov-Jan
2021-11-29,2021,1.2186115714130066,1.2979934847501222,T_south_deep,M2_RandomForest,Nov-Jan
2021-12-09,2021,0.9696542244231181,0.8824580664526948,T_south_deep,M2_RandomForest,Nov-Jan
2021-12-14,2021,1.574489058775664,1.725073276510492,T_south_deep,M2_RandomForest,Nov-Jan
2021-12-19,2021,0.5409771967212759,0.7743005478890757,T_south_deep,M2_RandomForest,Nov-Jan
2021-12-24,2021,1.823617741996515,1.8742827949849665,T_south_deep,M2_RandomForest,Nov-Jan
2021-12-29,2021,1.7932770477689097,1.701062437733067,T_south_deep,M2_RandomForest,Nov-Jan
2022-01-08,2021,0.07651725250413463,0.8767061866477398,T_south_deep,M2_RandomForest,Nov-Jan
2022-01-13,2021,1.6814609110035803,1.7367110796224403,T_south_deep,M2_RandomForest,Nov-Jan
2022-01-18,2021,0.9893088127310649,1.3478301445040808,T_south_deep,M2_RandomForest,Nov-Jan
2022-01-23,2021,2.0456195688252725,1.9131682083951587,T_south_deep,M2_RandomForest,Nov-Jan
2022-02-07,2021,2.3919346773774826,2.555466954864055,T_south_deep,M2_RandomForest,Feb-Apr
2022-02-12,2021,4.5769411364833825,4.291865875391515,T_south_deep,M2_RandomForest,Feb-Apr
2022-02-17,2021,2.320893641264254,2.472023616571839,T_south_deep,M2_RandomForest,Feb-Apr
2022-02-22,2021,2.192993892309863,2.1354392328203584,T_south_deep,M2_RandomForest,Feb-Apr
2022-02-27,2021,1.3620867219978756,1.7851084758953417,T_south_deep,M2_RandomForest,Feb-Apr
2022-03-04,2021,2.015259118982352,2.1219674822034107,T_south_deep,M2_RandomForest,Feb-Apr
2022-03-09,2021,2.3709167191808795,2.3569884689401595,T_south_deep,M2_RandomForest,Feb-Apr
2022-03-14,2021,2.377949829574917,2.522028194562384,T_south_deep,M2_RandomForest,Feb-Apr
2022-03-19,2021,2.3954142397285447,2.5167798251629456,T_south_deep,M2_RandomForest,Feb-Apr
2022-03-24,2021,2.3425051753805404,2.4535294971192774,T_south_deep,M2_RandomForest,Feb-Apr
2022-08-01,2022,1.9295911916729482,2.2796966125669638,T_south_deep,M2_RandomForest,May-Oct
2022-08-31,2022,0.7873541885218399,0.9872179158607449,T_south_deep,M2_RandomForest,May-Oct
2022-10-05,2022,2.6916652756393837,2.362639573108957,T_south_deep,M2_RandomForest,May-Oct
2022-10-10,2022,0.8329554767263883,0.5471342580842191,T_south_deep,M2_RandomForest,May-Oct
2022-10-15,2022,2.0753856795352243,2.0541294004092063,T_south_deep,M2_RandomForest,May-Oct
2022-10-20,2022,0.3850922490422181,0.4735648604021629,T_south_deep,M2_RandomForest,May-Oct
2022-10-30,2022,1.6925175033948716,1.7889486808553767,T_south_deep,M2_RandomForest,May-Oct
2022-11-09,2022,2.054183453072109,1.9192433357949565,T_south_deep,M2_RandomForest,Nov-Jan
2022-11-14,2022,1.4514123716218164,1.1530410370035171,T_south_deep,M2_RandomForest,Nov-Jan
2022-11-24,2022,2.1890792637674648,2.0339045589802214,T_south_deep,M2_RandomForest,Nov-Jan
2022-12-04,2022,1.528585239192335,1.632706771233114,T_south_deep,M2_RandomForest,Nov-Jan
2022-12-09,2022,0.7518978340081234,0.6874388593993495,T_south_deep,M2_RandomForest,Nov-Jan
2022-12-14,2022,2.621472933173149,2.8302303830133484,T_south_deep,M2_RandomForest,Nov-Jan
2022-12-24,2022,4.225276604129272,3.4607906690926136,T_south_deep,M2_RandomForest,Nov-Jan
2022-12-29,2022,3.329104024999915,2.7564061433565143,T_south_deep,M2_RandomForest,Nov-Jan
2023-01-03,2022,1.6758981094993586,1.8019078764302672,T_south_deep,M2_RandomForest,Nov-Jan
2023-01-08,2022,3.2217467530834294,3.377196013343332,T_south_deep,M2_RandomForest,Nov-Jan
2023-01-13,2022,1.3405253551496454,1.4450184523694793,T_south_deep,M2_RandomForest,Nov-Jan
2023-01-18,2022,5.104393713787223,3.6445897772555753,T_south_deep,M2_RandomForest,Nov-Jan
2023-01-23,2022,1.8286108750081569,2.0203781893918613,T_south_deep,M2_RandomForest,Nov-Jan
2023-01-28,2022,2.5295721138793468,2.3355359751060236,T_south_deep,M2_RandomForest,Nov-Jan
2023-02-02,2022,2.2046815986789667,2.067641238257403,T_south_deep,M2_RandomForest,Feb-Apr
2023-02-07,2022,2.3814562166201876,2.420828983842924,T_south_deep,M2_RandomForest,Feb-Apr
2023-02-12,2022,2.349650616626285,2.3541695978775685,T_south_deep,M2_RandomForest,Feb-Apr
2023-02-17,2022,2.6214729331731492,2.5124653381668156,T_south_deep,M2_RandomForest,Feb-Apr
2023-02-22,2022,3.560565553588306,3.353219062980483,T_south_deep,M2_RandomForest,Feb-Apr
2023-02-27,2022,1.929591191672953,2.033904330133878,T_south_deep,M2_RandomForest,Feb-Apr
2023-03-04,2022,2.137306440850014,2.4050856690687743,T_south_deep,M2_RandomForest,Feb-Apr
2023-03-09,2022,2.36738991282501,2.4833283195491966,T_south_deep,M2_RandomForest,Feb-Apr
2023-03-14,2022,2.3208936412642536,2.338276450632556,T_south_deep,M2_RandomForest,Feb-Apr
2023-03-29,2022,2.612150045961733,2.7422946490570683,T_south_deep,M2_RandomForest,Feb-Apr
2023-09-15,2023,4.005814228473818,2.6796688085573543,T_south_deep,M2_RandomForest,May-Oct
2023-09-25,2023,2.317265617452776,2.0702247197000885,T_south_deep,M2_RandomForest,May-Oct
2023-10-10,2023,2.223977873110485,1.958789704491462,T_south_deep,M2_RandomForest,May-Oct
2023-10-15,2023,2.2990113568034336,2.35819180449221,T_south_deep,M2_RandomForest,May-Oct
2023-10-20,2023,0.29784756133303886,0.5944222216335071,T_south_deep,M2_RandomForest,May-Oct
2023-10-30,2023,0.6774242317752773,0.8525967366131163,T_south_deep,M2_RandomForest,May-Oct
2023-11-09,2023,2.100449453781295,2.0100457176742403,T_south_deep,M2_RandomForest,Nov-Jan
2023-11-14,2023,1.3185783613765412,1.265692565411195,T_south_deep,M2_RandomForest,Nov-Jan
2023-11-19,2023,1.0555850177450137,1.7046842237469226,T_south_deep,M2_RandomForest,Nov-Jan
2023-11-24,2023,0.2978475613330433,0.5641805519562073,T_south_deep,M2_RandomForest,Nov-Jan
2023-12-09,2023,2.1352931412494907,2.2746276812657213,T_south_deep,M2_RandomForest,Nov-Jan
2023-12-14,2023,1.8135775692475002,1.800748848164273,T_south_deep,M2_RandomForest,Nov-Jan
2023-12-19,2023,1.2580443720405459,1.2915186171715962,T_south_deep,M2_RandomForest,Nov-Jan
2023-12-24,2023,1.3762541882539139,1.1790837371028382,T_south_deep,M2_RandomForest,Nov-Jan
2023-12-29,2023,1.9752986418145597,1.884703582520388,T_south_deep,M2_RandomForest,Nov-Jan
2024-01-03,2023,0.6248513161908251,0.7949631770398291,T_south_deep,M2_RandomForest,Nov-Jan
2024-01-08,2023,1.9155945946982411,1.8041807687423423,T_south_deep,M2_RandomForest,Nov-Jan
2024-01-13,2023,2.0499075276508587,2.0724558544237857,T_south_deep,M2_RandomForest,Nov-Jan
2024-01-18,2023,2.246840864881954,2.1608758839848807,T_south_deep,M2_RandomForest,Nov-Jan
2024-01-23,2023,1.4178099647548876,1.816527764102227,T_south_deep,M2_RandomForest,Nov-Jan
2024-01-28,2023,2.062699560805302,2.1397537809211027,T_south_deep,M2_RandomForest,Nov-Jan
2024-02-02,2023,2.6644606597028364,2.484206836488836,T_south_deep,M2_RandomForest,Feb-Apr
2024-02-07,2023,4.6867175051137675,3.992333524075424,T_south_deep,M2_RandomForest,Feb-Apr
2024-02-12,2023,4.063938853739204,3.6944790568957147,T_south_deep,M2_RandomForest,Feb-Apr
2024-02-17,2023,4.7862763249799265,4.06522002408586,T_south_deep,M2_RandomForest,Feb-Apr
2024-02-22,2023,2.52632858531816,2.4390781208429186,T_south_deep,M2_RandomForest,Feb-Apr
2024-02-27,2023,2.785920900303117,2.7580351803167984,T_south_deep,M2_RandomForest,Feb-Apr
2024-03-03,2023,2.5392712011944423,2.7101662727317724,T_south_deep,M2_RandomForest,Feb-Apr
2024-03-08,2023,2.6059122596052844,2.5084281342515395,T_south_deep,M2_RandomForest,Feb-Apr
2024-03-13,2023,2.3099869672316715,2.4229379301003013,T_south_deep,M2_RandomForest,Feb-Apr
2024-03-18,2023,2.2316337617538666,2.4178114441068033,T_south_deep,M2_RandomForest,Feb-Apr
2024-03-28,2023,2.5521316755884316,2.6735026482383173,T_south_deep,M2_RandomForest,Feb-Apr
2024-04-12,2023,2.7830297059391547,3.2205499622945912,T_south_deep,M2_RandomForest,Feb-Apr
2024-04-27,2023,2.646139891445267,2.5790632797965487,T_south_deep,M2_RandomForest,Feb-Apr
2024-05-12,2024,2.0283454949602153,1.768694638148969,T_south_deep,M2_RandomForest,May-Oct
2024-09-19,2024,0.8103852913144685,1.3584589551272421,T_south_deep,M2_RandomForest,May-Oct
2024-09-29,2024,2.019633899430622,1.7517879518704966,T_south_deep,M2_RandomForest,May-Oct
2024-10-09,2024,1.1269880356340545,1.4879128138177702,T_south_deep,M2_RandomForest,May-Oct
2024-10-14,2024,2.1068995652265254,1.6115013362552695,T_south_deep,M2_RandomForest,May-Oct
2024-10-19,2024,2.6765918120022074,2.334553352437278,T_south_deep,M2_RandomForest,May-Oct
2024-10-29,2024,4.043420300289279,2.823734133325333,T_south_deep,M2_RandomForest,May-Oct
2017-01-09,2016,0.5340683508117549,0.6680259704589844,T_south_deep,M3_XGBoost,Nov-Jan
2017-02-08,2016,1.9249406808096192,2.0413565635681152,T_south_deep,M3_XGBoost,Feb-Apr
2017-02-18,2016,2.0020576739088596,2.0867984294891357,T_south_deep,M3_XGBoost,Feb-Apr
2017-10-16,2017,-0.1748552662667789,0.7776004672050476,T_south_deep,M3_XGBoost,May-Oct
2017-11-10,2017,0.8440739009889868,0.9627995491027832,T_south_deep,M3_XGBoost,Nov-Jan
2017-11-30,2017,0.24188820126378624,0.3114081919193268,T_south_deep,M3_XGBoost,Nov-Jan
2017-12-15,2017,1.318578361376542,1.635072112083435,T_south_deep,M3_XGBoost,Nov-Jan
2017-12-20,2017,0.31587078588631823,0.36187729239463806,T_south_deep,M3_XGBoost,Nov-Jan
2017-12-30,2017,0.935052499401806,0.5661037564277649,T_south_deep,M3_XGBoost,Nov-Jan
2018-01-04,2017,2.0626995608053034,2.0112478733062744,T_south_deep,M3_XGBoost,Nov-Jan
2018-01-09,2017,1.9249406808096101,2.1586177349090576,T_south_deep,M3_XGBoost,Nov-Jan
2018-01-19,2017,0.7276213558834203,0.827705442905426,T_south_deep,M3_XGBoost,Nov-Jan
2018-01-29,2017,1.9108987709431906,2.173865795135498,T_south_deep,M3_XGBoost,Nov-Jan
2018-02-13,2017,1.7464773247696692,1.7402456998825073,T_south_deep,M3_XGBoost,Feb-Apr
2018-02-23,2017,2.529572113879348,2.5400850772857666,T_south_deep,M3_XGBoost,Feb-Apr
2018-03-05,2017,2.4434514165787635,2.4342541694641113,T_south_deep,M3_XGBoost,Feb-Apr
2018-03-10,2017,2.331732534834705,2.2499165534973145,T_south_deep,M3_XGBoost,Feb-Apr
2018-04-09,2017,1.9752986418145542,2.3351705074310303,T_south_deep,M3_XGBoost,Feb-Apr
2018-10-16,2018,1.6362923141628027,1.811643123626709,T_south_deep,M3_XGBoost,May-Oct
2018-11-25,2018,1.2502604731257627,1.2140576839447021,T_south_deep,M3_XGBoost,Nov-Jan
2018-11-30,2018,0.8550841276709916,0.8434927463531494,T_south_deep,M3_XGBoost,Nov-Jan
2018-12-10,2018,0.540977196721278,0.6482943296432495,T_south_deep,M3_XGBoost,Nov-Jan
2018-12-25,2018,1.9388477594480027,1.565572738647461,T_south_deep,M3_XGBoost,Nov-Jan
2018-12-30,2018,1.559412459250924,1.712259292602539,T_south_deep,M3_XGBoost,Nov-Jan
2019-01-04,2018,0.908589566325373,0.9474943280220032,T_south_deep,M3_XGBoost,Nov-Jan
2019-01-09,2018,1.863074268175885,1.6211217641830444,T_south_deep,M3_XGBoost,Nov-Jan
2019-01-19,2018,2.381456216620186,2.4925079345703125,T_south_deep,M3_XGBoost,Nov-Jan
2019-01-24,2018,1.6501071218085435,1.5302470922470093,T_south_deep,M3_XGBoost,Nov-Jan
2019-01-29,2018,4.176459459078153,4.55001974105835,T_south_deep,M3_XGBoost,Nov-Jan
2019-02-03,2018,1.7411771307057022,1.8529367446899414,T_south_deep,M3_XGBoost,Feb-Apr
2019-02-08,2018,0.7152824574703834,1.0118001699447632,T_south_deep,M3_XGBoost,Feb-Apr
2019-02-13,2018,1.354941498377946,1.4602313041687012,T_south_deep,M3_XGBoost,Feb-Apr
2019-02-18,2018,4.753928180970496,4.347944259643555,T_south_deep,M3_XGBoost,Feb-Apr
2019-02-23,2018,2.2506210318300526,2.3136892318725586,T_south_deep,M3_XGBoost,Feb-Apr
2019-02-28,2018,2.0541834530721053,2.158740520477295,T_south_deep,M3_XGBoost,Feb-Apr
2019-03-05,2018,3.536731539746014,3.5270328521728516,T_south_deep,M3_XGBoost,Feb-Apr
2019-03-10,2018,2.320893641264251,2.287712812423706,T_south_deep,M3_XGBoost,Feb-Apr
2019-03-15,2018,2.335330774860711,2.3896241188049316,T_south_deep,M3_XGBoost,Feb-Apr
2019-03-20,2018,2.5649116042403333,2.435845136642456,T_south_deep,M3_XGBoost,Feb-Apr
2019-03-25,2018,3.6817151392940746,2.957651376724243,T_south_deep,M3_XGBoost,Feb-Apr
2019-03-30,2018,2.7244852678682148,2.806889533996582,T_south_deep,M3_XGBoost,Feb-Apr
2019-04-04,2018,3.1984514478033557,2.5620124340057373,T_south_deep,M3_XGBoost,Feb-Apr
2019-04-09,2018,2.8677617037750145,2.9401657581329346,T_south_deep,M3_XGBoost,Feb-Apr
2019-09-26,2019,2.0879682799961796,2.032625198364258,T_south_deep,M3_XGBoost,May-Oct
2019-10-16,2019,-0.2951274215529467,0.3905460238456726,T_south_deep,M3_XGBoost,May-Oct
2019-10-21,2019,1.5348102219681041,1.098015546798706,T_south_deep,M3_XGBoost,May-Oct
2019-10-31,2019,1.901460929654385,2.203702688217163,T_south_deep,M3_XGBoost,May-Oct
2019-11-05,2019,1.8967186546234622,1.858527421951294,T_south_deep,M3_XGBoost,Nov-Jan
2019-11-15,2019,1.1695123589945906,1.80104660987854,T_south_deep,M3_XGBoost,Nov-Jan
2019-11-20,2019,1.1902741875010818,0.9624429941177368,T_south_deep,M3_XGBoost,Nov-Jan
2019-11-25,2019,1.2186115714130106,1.3580200672149658,T_south_deep,M3_XGBoost,Nov-Jan
2019-11-30,2019,0.7518978340081234,0.7300273180007935,T_south_deep,M3_XGBoost,Nov-Jan
2019-12-05,2019,0.7152824574703852,0.525420606136322,T_south_deep,M3_XGBoost,Nov-Jan
2019-12-10,2019,1.8823967448837031,1.8055305480957031,T_south_deep,M3_XGBoost,Nov-Jan
2019-12-15,2019,2.21628642370905,1.9416840076446533,T_south_deep,M3_XGBoost,Nov-Jan
2019-12-20,2019,2.157417304528501,2.524667501449585,T_south_deep,M3_XGBoost,Nov-Jan
2019-12-25,2019,1.5954593947706173,1.7859090566635132,T_south_deep,M3_XGBoost,Nov-Jan
2019-12-30,2019,1.7197668284448102,1.8887050151824951,T_south_deep,M3_XGBoost,Nov-Jan
2020-01-09,2019,1.471150774356868,1.4173916578292847,T_south_deep,M3_XGBoost,Nov-Jan
2020-01-14,2019,1.3902613095226448,1.3017058372497559,T_south_deep,M3_XGBoost,Nov-Jan
2020-01-19,2019,0.9189957070981932,1.1636708974838257,T_south_deep,M3_XGBoost,Nov-Jan
2020-01-24,2019,5.2391744131335125,4.479598522186279,T_south_deep,M3_XGBoost,Nov-Jan
2020-01-29,2019,4.122792310979227,3.985187292098999,T_south_deep,M3_XGBoost,Nov-Jan
2020-02-03,2019,2.223977873110488,2.300837278366089,T_south_deep,M3_XGBoost,Feb-Apr
2020-02-08,2019,2.096300187494258,2.2850959300994873,T_south_deep,M3_XGBoost,Feb-Apr
2020-02-13,2019,3.7152075152790482,3.865689992904663,T_south_deep,M3_XGBoost,Feb-Apr
2020-02-18,2019,2.6916652756393824,2.8803043365478516,T_south_deep,M3_XGBoost,Feb-Apr
2020-02-23,2019,2.204681598678967,2.159851551055908,T_south_deep,M3_XGBoost,Feb-Apr
2020-02-28,2019,2.2693960547439427,2.3402984142303467,T_south_deep,M3_XGBoost,Feb-Apr
2020-03-04,2019,2.3603153237181043,2.2597129344940186,T_south_deep,M3_XGBoost,Feb-Apr
2020-03-09,2019,2.243052012318523,2.1733758449554443,T_south_deep,M3_XGBoost,Feb-Apr
2020-03-14,2019,3.1214454915969534,2.7856998443603516,T_south_deep,M3_XGBoost,Feb-Apr
2020-03-24,2019,2.7830297059391547,3.3196208477020264,T_south_deep,M3_XGBoost,Feb-Apr
2020-11-09,2020,0.9696542244231208,0.7595465183258057,T_south_deep,M3_XGBoost,Nov-Jan
2020-11-14,2020,1.2580443720405519,0.7312204837799072,T_south_deep,M3_XGBoost,Nov-Jan
2020-11-19,2020,4.619480083971721,4.241384029388428,T_south_deep,M3_XGBoost,Nov-Jan
2020-11-24,2020,1.5775611313718334,1.4550580978393555,T_south_deep,M3_XGBoost,Nov-Jan
2020-11-29,2020,0.26086762583541434,0.7693867087364197,T_south_deep,M3_XGBoost,Nov-Jan
2020-12-09,2020,4.917896101564394,4.249475955963135,T_south_deep,M3_XGBoost,Nov-Jan
2020-12-14,2020,1.952623350527306,1.5591237545013428,T_south_deep,M3_XGBoost,Nov-Jan
2020-12-19,2020,2.3814562166201867,2.1105916500091553,T_south_deep,M3_XGBoost,Nov-Jan
2020-12-24,2020,1.8533133512772444,1.9306213855743408,T_south_deep,M3_XGBoost,Nov-Jan
2021-01-03,2020,1.6305362612997805,1.343115210533142,T_south_deep,M3_XGBoost,Nov-Jan
2021-01-08,2020,1.082873308305136,0.9666229486465454,T_south_deep,M3_XGBoost,Nov-Jan
2021-01-13,2020,2.416153891351527,2.1579599380493164,T_south_deep,M3_XGBoost,Nov-Jan
2021-01-18,2020,1.9249406808096177,1.9056191444396973,T_south_deep,M3_XGBoost,Nov-Jan
2021-01-23,2020,2.7597795562684686,3.2012603282928467,T_south_deep,M3_XGBoost,Nov-Jan
2021-01-28,2020,1.9388477594480025,2.044954776763916,T_south_deep,M3_XGBoost,Nov-Jan
2021-02-02,2020,2.0370071077376575,2.270705223083496,T_south_deep,M3_XGBoost,Feb-Apr
2021-02-07,2020,2.436664254409149,2.6256353855133057,T_south_deep,M3_XGBoost,Feb-Apr
2021-02-12,2020,2.2990113568034336,2.1395504474639893,T_south_deep,M3_XGBoost,Feb-Apr
2021-02-17,2020,2.416153891351528,2.2666471004486084,T_south_deep,M3_XGBoost,Feb-Apr
2021-02-22,2020,1.9976311588877191,2.000164747238159,T_south_deep,M3_XGBoost,Feb-Apr
2021-03-04,2020,2.7974527488635954,2.4877512454986572,T_south_deep,M3_XGBoost,Feb-Apr
2021-03-09,2020,2.7155799253438215,3.509660005569458,T_south_deep,M3_XGBoost,Feb-Apr
2021-03-14,2020,4.673726942417692,3.7798709869384766,T_south_deep,M3_XGBoost,Feb-Apr
2021-03-24,2020,2.7859209003031205,3.1527047157287598,T_south_deep,M3_XGBoost,Feb-Apr
2021-10-10,2021,2.3136300300817005,2.1050145626068115,T_south_deep,M3_XGBoost,May-Oct
2021-10-30,2021,1.4905853851864128,1.2077757120132446,T_south_deep,M3_XGBoost,May-Oct
2021-11-09,2021,0.434246869365393,0.5538643002510071,T_south_deep,M3_XGBoost,Nov-Jan
2021-11-19,2021,0.7276213558834276,0.5759938359260559,T_south_deep,M3_XGBoost,Nov-Jan
2021-11-24,2021,0.09865057591320966,0.3591264486312866,T_south_deep,M3_XGBoost,Nov-Jan
2021-11-29,2021,1.2186115714130066,1.2500361204147339,T_south_deep,M3_XGBoost,Nov-Jan
2021-12-09,2021,0.9696542244231181,0.7618642449378967,T_south_deep,M3_XGBoost,Nov-Jan
2021-12-14,2021,1.574489058775664,1.6337720155715942,T_south_deep,M3_XGBoost,Nov-Jan
2021-12-19,2021,0.5409771967212759,0.5297119617462158,T_south_deep,M3_XGBoost,Nov-Jan
2021-12-24,2021,1.823617741996515,1.9132895469665527,T_south_deep,M3_XGBoost,Nov-Jan
2021-12-29,2021,1.7932770477689097,1.9780319929122925,T_south_deep,M3_XGBoost,Nov-Jan
2022-01-08,2021,0.07651725250413463,0.6196213960647583,T_south_deep,M3_XGBoost,Nov-Jan
2022-01-13,2021,1.6814609110035803,1.7392642498016357,T_south_deep,M3_XGBoost,Nov-Jan
2022-01-18,2021,0.9893088127310649,1.2300903797149658,T_south_deep,M3_XGBoost,Nov-Jan
2022-01-23,2021,2.0456195688252725,1.9596788883209229,T_south_deep,M3_XGBoost,Nov-Jan
2022-02-07,2021,2.3919346773774826,2.5938189029693604,T_south_deep,M3_XGBoost,Feb-Apr
2022-02-12,2021,4.5769411364833825,4.527913570404053,T_south_deep,M3_XGBoost,Feb-Apr
2022-02-17,2021,2.320893641264254,2.3330910205841064,T_south_deep,M3_XGBoost,Feb-Apr
2022-02-22,2021,2.192993892309863,2.267442226409912,T_south_deep,M3_XGBoost,Feb-Apr
2022-02-27,2021,1.3620867219978756,1.6254098415374756,T_south_deep,M3_XGBoost,Feb-Apr
2022-03-04,2021,2.015259118982352,1.9940450191497803,T_south_deep,M3_XGBoost,Feb-Apr
2022-03-09,2021,2.3709167191808795,2.354456663131714,T_south_deep,M3_XGBoost,Feb-Apr
2022-03-14,2021,2.377949829574917,2.499887704849243,T_south_deep,M3_XGBoost,Feb-Apr
2022-03-19,2021,2.3954142397285447,2.433591842651367,T_south_deep,M3_XGBoost,Feb-Apr
2022-03-24,2021,2.3425051753805404,2.5086543560028076,T_south_deep,M3_XGBoost,Feb-Apr
2022-08-01,2022,1.9295911916729482,2.385420560836792,T_south_deep,M3_XGBoost,May-Oct
2022-08-31,2022,0.7873541885218399,1.0320771932601929,T_south_deep,M3_XGBoost,May-Oct
2022-10-05,2022,2.6916652756393837,2.2650797367095947,T_south_deep,M3_XGBoost,May-Oct
2022-10-10,2022,0.8329554767263883,0.42912620306015015,T_south_deep,M3_XGBoost,May-Oct
2022-10-15,2022,2.0753856795352243,2.1249732971191406,T_south_deep,M3_XGBoost,May-Oct
2022-10-20,2022,0.3850922490422181,0.21219445765018463,T_south_deep,M3_XGBoost,May-Oct
2022-10-30,2022,1.6925175033948716,1.7064074277877808,T_south_deep,M3_XGBoost,May-Oct
2022-11-09,2022,2.054183453072109,1.9462236166000366,T_south_deep,M3_XGBoost,Nov-Jan
2022-11-14,2022,1.4514123716218164,0.9551527500152588,T_south_deep,M3_XGBoost,Nov-Jan
2022-11-24,2022,2.1890792637674648,1.9468106031417847,T_south_deep,M3_XGBoost,Nov-Jan
2022-12-04,2022,1.528585239192335,1.4833707809448242,T_south_deep,M3_XGBoost,Nov-Jan
2022-12-09,2022,0.7518978340081234,0.5478756427764893,T_south_deep,M3_XGBoost,Nov-Jan
2022-12-14,2022,2.621472933173149,2.899365186691284,T_south_deep,M3_XGBoost,Nov-Jan
2022-12-24,2022,4.225276604129272,4.003049850463867,T_south_deep,M3_XGBoost,Nov-Jan
2022-12-29,2022,3.329104024999915,2.7895774841308594,T_south_deep,M3_XGBoost,Nov-Jan
2023-01-03,2022,1.6758981094993586,1.7116316556930542,T_south_deep,M3_XGBoost,Nov-Jan
2023-01-08,2022,3.2217467530834294,3.63671612739563,T_south_deep,M3_XGBoost,Nov-Jan
2023-01-13,2022,1.3405253551496454,1.244284987449646,T_south_deep,M3_XGBoost,Nov-Jan
2023-01-18,2022,5.104393713787223,4.409366130828857,T_south_deep,M3_XGBoost,Nov-Jan
2023-01-23,2022,1.8286108750081569,1.8476356267929077,T_south_deep,M3_XGBoost,Nov-Jan
2023-01-28,2022,2.5295721138793468,2.294525384902954,T_south_deep,M3_XGBoost,Nov-Jan
2023-02-02,2022,2.2046815986789667,2.0668983459472656,T_south_deep,M3_XGBoost,Feb-Apr
2023-02-07,2022,2.3814562166201876,2.3599648475646973,T_south_deep,M3_XGBoost,Feb-Apr
2023-02-12,2022,2.349650616626285,2.3797905445098877,T_south_deep,M3_XGBoost,Feb-Apr
2023-02-17,2022,2.6214729331731492,2.4123899936676025,T_south_deep,M3_XGBoost,Feb-Apr
2023-02-22,2022,3.560565553588306,3.253546714782715,T_south_deep,M3_XGBoost,Feb-Apr
2023-02-27,2022,1.929591191672953,1.9349251985549927,T_south_deep,M3_XGBoost,Feb-Apr
2023-03-04,2022,2.137306440850014,2.259805679321289,T_south_deep,M3_XGBoost,Feb-Apr
2023-03-09,2022,2.36738991282501,2.543661594390869,T_south_deep,M3_XGBoost,Feb-Apr
2023-03-14,2022,2.3208936412642536,2.3686513900756836,T_south_deep,M3_XGBoost,Feb-Apr
2023-03-29,2022,2.612150045961733,2.6852452754974365,T_south_deep,M3_XGBoost,Feb-Apr
2023-09-15,2023,4.005814228473818,2.76779842376709,T_south_deep,M3_XGBoost,May-Oct
2023-09-25,2023,2.317265617452776,2.265536069869995,T_south_deep,M3_XGBoost,May-Oct
2023-10-10,2023,2.223977873110485,1.9920117855072021,T_south_deep,M3_XGBoost,May-Oct
2023-10-15,2023,2.2990113568034336,2.2822277545928955,T_south_deep,M3_XGBoost,May-Oct
2023-10-20,2023,0.29784756133303886,0.44148415327072144,T_south_deep,M3_XGBoost,May-Oct
2023-10-30,2023,0.6774242317752773,0.6084344387054443,T_south_deep,M3_XGBoost,May-Oct
2023-11-09,2023,2.100449453781295,2.0920987129211426,T_south_deep,M3_XGBoost,Nov-Jan
2023-11-14,2023,1.3185783613765412,1.5133986473083496,T_south_deep,M3_XGBoost,Nov-Jan
2023-11-19,2023,1.0555850177450137,1.8030122518539429,T_south_deep,M3_XGBoost,Nov-Jan
2023-11-24,2023,0.2978475613330433,0.07281950861215591,T_south_deep,M3_XGBoost,Nov-Jan
2023-12-09,2023,2.1352931412494907,2.1507468223571777,T_south_deep,M3_XGBoost,Nov-Jan
2023-12-14,2023,1.8135775692475002,1.7929573059082031,T_south_deep,M3_XGBoost,Nov-Jan
2023-12-19,2023,1.2580443720405459,1.2195731401443481,T_south_deep,M3_XGBoost,Nov-Jan
2023-12-24,2023,1.3762541882539139,1.2242004871368408,T_south_deep,M3_XGBoost,Nov-Jan
2023-12-29,2023,1.9752986418145597,1.8744442462921143,T_south_deep,M3_XGBoost,Nov-Jan
2024-01-03,2023,0.6248513161908251,0.6919689774513245,T_south_deep,M3_XGBoost,Nov-Jan
2024-01-08,2023,1.9155945946982411,1.8079661130905151,T_south_deep,M3_XGBoost,Nov-Jan
2024-01-13,2023,2.0499075276508587,1.95754075050354,T_south_deep,M3_XGBoost,Nov-Jan
2024-01-18,2023,2.246840864881954,2.135615587234497,T_south_deep,M3_XGBoost,Nov-Jan
2024-01-23,2023,1.4178099647548876,1.7097840309143066,T_south_deep,M3_XGBoost,Nov-Jan
2024-01-28,2023,2.062699560805302,2.050966262817383,T_south_deep,M3_XGBoost,Nov-Jan
2024-02-02,2023,2.6644606597028364,2.4933292865753174,T_south_deep,M3_XGBoost,Feb-Apr
2024-02-07,2023,4.6867175051137675,4.260046005249023,T_south_deep,M3_XGBoost,Feb-Apr
2024-02-12,2023,4.063938853739204,3.4529550075531006,T_south_deep,M3_XGBoost,Feb-Apr
2024-02-17,2023,4.7862763249799265,4.502138614654541,T_south_deep,M3_XGBoost,Feb-Apr
2024-02-22,2023,2.52632858531816,2.471956729888916,T_south_deep,M3_XGBoost,Feb-Apr
2024-02-27,2023,2.785920900303117,2.8562960624694824,T_south_deep,M3_XGBoost,Feb-Apr
2024-03-03,2023,2.5392712011944423,2.660031318664551,T_south_deep,M3_XGBoost,Feb-Apr
2024-03-08,2023,2.6059122596052844,2.3035199642181396,T_south_deep,M3_XGBoost,Feb-Apr
2024-03-13,2023,2.3099869672316715,2.3530397415161133,T_south_deep,M3_XGBoost,Feb-Apr
2024-03-18,2023,2.2316337617538666,2.4571778774261475,T_south_deep,M3_XGBoost,Feb-Apr
2024-03-28,2023,2.5521316755884316,2.4911017417907715,T_south_deep,M3_XGBoost,Feb-Apr
2024-04-12,2023,2.7830297059391547,3.546161651611328,T_south_deep,M3_XGBoost,Feb-Apr
2024-04-27,2023,2.646139891445267,2.7597837448120117,T_south_deep,M3_XGBoost,Feb-Apr
2024-05-12,2024,2.0283454949602153,1.6114001274108887,T_south_deep,M3_XGBoost,May-Oct
2024-09-19,2024,0.8103852913144685,1.4138977527618408,T_south_deep,M3_XGBoost,May-Oct
2024-09-29,2024,2.019633899430622,1.8793333768844604,T_south_deep,M3_XGBoost,May-Oct
2024-10-09,2024,1.1269880356340545,1.5108637809753418,T_south_deep,M3_XGBoost,May-Oct
2024-10-14,2024,2.1068995652265254,1.7769253253936768,T_south_deep,M3_XGBoost,May-Oct
2024-10-19,2024,2.6765918120022074,2.4295241832733154,T_south_deep,M3_XGBoost,May-Oct
2024-10-29,2024,4.043420300289279,3.084594488143921,T_south_deep,M3_XGBoost,May-Oct
