date,time_utc,u10_24h,v10_24h,ws10_24h,ws10_72h,swh_24h,sst_24h,tp_local_24h,tp_catch_24h,tp_catch_72h,tp_catch_168h,chirps_catch_1d,chirps_catch_3d,chirps_catch_7d,chirps_catch_30d
2017-01-09,04:32,0.9270322322845459,-4.3105244636535645,4.720635255421533,4.98945518705256,0.9302161931991577,299.1131591796875,-9.313225746154785E-10,-9.313225746154785E-10,-4.6566128730773926E-9,2.209967625082526E-4,0.0,0.0,0.0,3.4251058976989968
2017-02-08,04:32,2.561767578125,-3.0787272453308105,4.56570698060616,3.2398427476324727,0.5476457476615906,297.5260009765625,-1.862645149230957E-9,-1.862645149230957E-9,2.7939677238464355E-9,-9.313225746154785E-10,0.0,0.0,0.0,0.0
2017-02-18,04:32,1.2922565937042236,-1.7328938245773315,2.7817121963387934,3.624473679966831,0.5054762363433838,298.2400817871094,1.862645149230957E-9,1.862645149230957E-9,-1.862645149230957E-9,-1.862645149230957E-9,0.0,0.7356708569275064,1.1039763769081223,2.5084553814347585
2017-10-16,04:32,0.22876250743865967,-0.45863965153694153,1.366600701264739,1.444902434730122,0.9273558855056763,303.6615295410156,0.003003829257453189,6.731787087168259E-4,0.0024043533769792895,0.015564333489858861,1.293865779125049,1.293865779125049,16.111819838529453,376.0917509248783
2017-11-05,04:32,0.6147128343582153,-2.017127275466919,2.5611398999511934,2.2527603004796606,0.6406922340393066,302.2031555175781,1.862645149230957E-9,9.09864140855723E-5,0.00462311035885975,0.023124780048911248,0.0,0.0,0.7285729674942907,418.33013112410697
2017-11-10,04:32,0.6594514846801758,-3.079796552658081,3.391553556722068,3.0648731612319393,0.7479027509689331,302.43011474609375,9.313225746154785E-10,9.313225746154785E-10,7.583384689398681E-6,5.040715147758494E-4,0.0,0.0,0.0,364.60844226205575
2017-11-30,04:32,0.355513334274292,-4.066636085510254,4.258255118534755,4.64212120411519,0.8686885237693787,301.24261474609375,3.725290298461914E-9,3.725290298461914E-9,2.7939677238464355E-9,0.0017220975617120355,0.0,0.0,0.0,32.48049433611803
2017-12-15,04:32,1.3893108367919922,-5.946745872497559,6.190321786067801,5.457600892798193,1.095628261566162,300.58306884765625,-2.7939677238464355E-9,-2.7939677238464355E-9,7.259324540077529E-5,0.024060719171211158,0.0,0.0,24.088138187633554,69.75504332036652
2017-12-20,04:32,0.5042251348495483,-2.329155921936035,2.723596424592488,3.2071456934659395,0.6125998497009277,299.8955078125,3.725290298461914E-9,3.725290298461914E-9,8.09423633182024E-6,8.098892944693318E-6,0.0,0.0,0.0,46.24262601786537
2017-12-30,04:32,0.7781662940979004,-3.2260212898254395,3.5194499771292307,3.3962143916577276,0.8816357851028442,299.59893798828125,9.313225746154785E-9,9.313225746154785E-9,1.6763806343078613E-8,1.8940555938282368E-6,0.0,0.0,0.0,37.79379016793324
2018-01-04,04:32,0.8818042278289795,-5.913712501525879,6.12644672784223,4.769966184529829,1.1604818105697632,299.0128479003906,1.3022539297155304E-4,1.6424776581318483E-4,0.06829442876954148,0.11350314526174674,0.0,5.3856067534402206,5.426496165794829,42.964725795309974
2018-01-09,04:32,1.3884334564208984,-6.810420513153076,6.993216688730989,6.5914015092051095,1.411961555480957,299.0731201171875,-4.6566128730773926E-9,-4.6566128730773926E-9,-3.725290298461914E-9,0.0022892560954466,0.0,0.0,2.00160359100757,5.514836633488013
2018-01-19,04:32,0.9556715488433838,-3.7003555297851562,4.09879779186463,4.08002288476062,0.6748617887496948,297.1876525878906,1.862645149230957E-9,1.862645149230957E-9,1.862645149230957E-9,1.95155463973928E-7,0.0,0.0,0.0,5.426496165794829
2018-01-29,04:32,2.0798442363739014,-6.80813455581665,7.237268749320233,6.717755243772765,1.4068440198898315,297.83514404296875,-5.587935447692871E-9,-5.587935447692871E-9,-1.210719347000122E-8,-1.1175870895385742E-8,0.0,0.0,0.0,5.426496165794829
2018-02-13,04:32,1.2084075212478638,-3.0874950885772705,3.714593123262142,4.35329164672596,0.7468093633651733,298.3523254394531,-3.725290298461914E-9,-3.725290298461914E-9,-8.381903171539307E-9,5.997096498807271E-6,0.0,1.520947977878474,4.96232288173653,4.96232288173653
2018-02-23,04:32,2.274691104888916,-2.023491144180298,3.4085742541437853,4.559041843688684,0.635068416595459,298.0086669921875,-4.6566128730773926E-9,-4.6566128730773926E-9,-1.5832483768463135E-8,-1.4901161193847656E-8,0.0,0.0,0.15651189504215493,6.6613656245960176
2018-03-05,04:32,0.7402569651603699,0.6812438368797302,1.9436497255203935,2.717219135754185,0.6297181248664856,299.385009765625,1.862645149230957E-9,4.1710910836608753E-7,8.199842141528554E-7,1.1037916087740204E-4,0.0,0.0,0.0,7.170748938026398
2018-03-10,04:32,2.2302331924438477,-3.3814988136291504,4.345275818608709,4.930439856192754,0.7310990691184998,299.5044250488281,-4.6566128730773926E-9,-4.6566128730773926E-9,-3.725290298461914E-9,2.8310820853673152E-5,0.0,0.0,0.0,5.672855439673508
2018-04-09,04:32,-1.008970022201538,2.8858721256256104,3.7832911927866455,3.41834000359936,0.9650285840034485,301.3123474121094,7.822046275524531E-4,0.0021278128851259103,0.0033166839762380656,0.006067383877246584,4.431583312771437,4.431583312771437,10.434406111807412,17.470824947011977
2018-04-14,04:32,3.4209609031677246,-1.6993505954742432,4.102046648061748,4.027197547100882,0.760687530040741,301.8437194824219,1.0415035135605756E-6,2.1482237439224687E-6,4.759898831524094E-4,0.0034902929116279566,0.0,0.0,4.431583312771437,17.470824947011977
2018-05-29,04:32,-5.573943138122559,1.4358084201812744,6.410073326008675,4.216206505933119,1.834223747253418,303.5301513671875,0.01589413191027501,0.01592544028361947,0.022920218849743622,0.04121485862236925,13.161652375385827,13.471957403441149,19.29117303364987,74.59165037446047
2018-10-16,04:32,1.3598706722259521,-4.01249885559082,4.388862762874539,3.5511557081725766,1.1464512348175049,302.26702880859375,3.779810761996344E-4,6.691756471220257E-4,0.018461023938435267,0.16451574690393164,0.0,67.26075677621311,290.43350616341297,454.25633735907115
2018-11-25,04:32,0.5711414813995361,-2.9754583835601807,3.598870244671754,3.297555846906898,0.776476263999939,300.23004150390625,2.7939677238464355E-9,2.7939677238464355E-9,9.313225746154785E-10,-2.7939677238464355E-9,0.0,0.2539181040040151,0.2539181040040151,32.392705700733565
2018-11-30,04:32,0.3043096959590912,-2.44950532913208,2.935375982814304,2.690183557558422,0.5773807168006897,300.2166442871094,9.313225746154785E-10,9.313225746154785E-10,1.862645149230957E-9,9.498140518216118E-8,0.0,0.4419829781615183,0.5277862593071999,24.96331428590551
2018-12-10,04:32,0.9696573615074158,-3.381157875061035,3.7214645221296685,4.775653332375938,0.6462717652320862,299.55364990234375,4.6566128730773926E-9,4.6566128730773926E-9,2.7939677238464355E-9,-1.5832483768463135E-8,0.0,0.0,1.008313932146553,30.507272436726375
2018-12-15,04:32,0.7380480766296387,-4.0843353271484375,4.33272943975446,3.7781551812695193,0.9269953966140747,299.62652587890625,1.060458886272767E-4,2.647925546203834E-7,3.96431606903086E-5,7.028004788942095E-4,0.0,0.0,3.308701031031184,9.54856026401758
2018-12-25,04:32,1.282529354095459,-2.75819730758667,3.4013121802263413,3.904527579588013,0.7673276662826538,298.71307373046875,3.725290298461914E-9,3.725290298461914E-9,4.6905589060506963E-7,0.014006106424922468,0.0,0.0,0.7088444034086329,10.003486563422197
2018-12-30,04:32,1.3478566408157349,-5.91021728515625,6.223298430008779,6.363067116717897,1.253495693206787,298.3486328125,-1.862645149230957E-9,-1.862645149230957E-9,0.0,4.6439927773199224E-7,0.661454382351154,0.7235421061242322,1.2890840745780527,10.85058765983873
2019-01-04,04:32,1.3982597589492798,-4.307679653167725,4.791306939708235,3.5116565433455786,0.7341303825378418,298.4336853027344,1.862645149230957E-9,1.862645149230957E-9,4.0978193283081055E-8,2.9856119281756947E-7,0.1454841880326729,0.1454841880326729,4.4561326847616085,9.740391888327967
2019-01-09,04:32,1.1925793886184692,-3.2250680923461914,3.921651673163007,2.897593827934024,0.9287620186805725,298.0420227050781,6.136940974815218E-7,-9.313225746154785E-10,0.003626233239621541,0.0036262667672342275,0.0,1.8514471088475546,2.335539527806037,11.229275427428611
2019-01-14,04:32,1.263890027999878,-3.877214193344116,4.35241356041613,4.078777299944197,0.7484024167060852,297.3804016113281,3.725290298461914E-9,3.725290298461914E-9,6.51925802230835E-9,0.003625333994650137,0.0,0.0,1.8514471088475546,7.920574396397426
2019-01-19,04:32,1.683349609375,-3.223921298980713,4.085958664516883,3.667645974772496,0.6791861057281494,297.72113037109375,9.313225746154785E-10,9.313225746154785E-10,-2.7939677238464355E-9,-9.313225746154785E-10,0.0,0.0,0.4744828531822925,7.686212846171086
2019-01-24,04:32,0.6906573176383972,-2.2616324424743652,3.030898515808713,3.4054868520711277,0.7722106575965881,297.9833984375,-2.7939677238464355E-9,1.0257081647343765E-7,9.884552617497574E-8,8.953230042882094E-8,0.0,0.0,0.0,7.686212846171086
2019-01-29,04:32,1.8777154684066772,-2.9259536266326904,3.6627955536248646,3.0753123025603895,0.6434291005134583,297.88055419921875,2.7939677238464355E-9,2.7939677238464355E-9,2.948609691722546E-8,1.2646897794297022E-7,0.0,0.0,0.0,6.3971287715930325
2019-02-03,04:32,1.840943694114685,-3.271836042404175,4.1129932067777935,3.3948624870124164,0.5430697202682495,297.58135986328125,-2.7939677238464355E-9,-2.7939677238464355E-9,-4.6566128730773926E-9,3.9359276022908604E-5,0.12362874183246378,0.12362874183246378,3.4536232901628354,6.118161483118492
2019-02-08,04:32,1.2606666088104248,-2.9209413528442383,3.7384724400411624,4.844559412753099,0.7016971111297607,297.7134094238281,7.450580596923828E-9,7.450580596923828E-9,1.862645149230957E-9,-9.313225746154785E-9,0.0,1.1097503021180917,1.2333790439505556,5.03785644546322
2019-02-13,04:32,2.1411263942718506,-4.6418890953063965,5.359096003768896,5.859911353765416,0.8870837688446045,297.5057067871094,0.0,0.0,-1.862645149230957E-9,6.006162914430133E-8,0.0,0.8022001782212363,1.911950480339328,5.840056623684457
2019-02-18,04:32,0.7282353043556213,-0.9973999857902527,1.859417653311571,3.5143774745851295,0.8278732299804688,297.2687072753906,1.997109867778479E-6,1.0821970245235949E-5,6.010692940704818E-5,6.008923427813047E-5,0.0,0.22226425667304997,0.5715388360267811,5.587838027175213
2019-02-23,04:32,2.021345376968384,-1.829388976097107,3.1204569248639795,4.290822594377719,0.561352550983429,297.888671875,-1.862645149230957E-9,-1.862645149230957E-9,-1.862645149230957E-9,6.135394931703374E-4,0.0,0.0,0.22226425667304997,5.587838027175213
2019-02-28,04:32,1.4550849199295044,-0.4987058639526367,2.181366930996299,3.5913277926725278,0.6012203693389893,298.2610778808594,3.716342297254824E-7,1.4001988530097294E-5,3.3146057154512796E-4,3.3253850511759213E-4,0.0,2.557864883716028,2.557864883716028,8.145702910891242
2019-03-05,04:32,3.268455982208252,-2.2393252849578857,4.049288393764567,5.808404850400678,0.7957936525344849,297.98370361328125,-9.313225746154785E-10,-9.313225746154785E-10,-1.30385160446167E-8,2.6397583003524177E-4,0.0,0.0,0.0,4.692079620728406
2019-03-10,04:32,1.845433235168457,-1.8972513675689697,3.112093188179141,2.9359472542344762,0.7692278027534485,297.6404724121094,-9.313225746154785E-10,-9.313225746154785E-10,0.0033679563777741068,0.03838847973528579,0.0,0.0,3.9453456599342243,7.527674978544538
2019-03-15,04:32,2.617889404296875,-4.086919784545898,5.282865740764184,4.724758815390384,0.7130436897277832,298.8814697265625,0.0,0.0,2.559287932471953E-6,3.6485719939936763E-4,0.0,0.0,0.0,6.725474800323302
2019-03-20,04:32,2.3847572803497314,-1.7250272035598755,3.5600256052854746,4.883784993569618,0.7704824209213257,299.3601989746094,1.862645149230957E-9,4.062340373084658E-8,1.4524950547525602E-4,1.4530722048002495E-4,0.0,1.9925953269339076,1.9925953269339076,8.495805870584158
2019-03-25,04:32,3.335829257965088,-4.0204644203186035,5.604255710246439,4.537704711652749,0.9280282258987427,300.1763000488281,2.7939677238464355E-9,2.7939677238464355E-9,9.45103969849168E-5,4.343881453030722E-4,0.0,0.0,2.3099441095119277,8.813154653162178
2019-03-30,04:32,2.898383855819702,-1.939802885055542,3.7818695834837555,4.421752164575983,0.682237982749939,300.36834716796875,-8.381903171539307E-9,-8.381903171539307E-9,3.667774284354895E-5,1.096374954928029E-4,0.0,8.838028976791461,9.759709860480562,16.014999629926713
2019-04-04,04:32,1.756313681602478,0.925135612487793,3.172057829754372,3.0984797785003777,0.9862425327301025,300.8814697265625,5.552172660827636E-6,4.47030208125618E-6,0.0019198184857997218,0.002276123033770925,0.0,0.0,0.38918595670164763,16.404185586628362
2019-04-09,04:32,2.148761510848999,-0.046002909541130066,2.797513535733067,3.3917429789870197,0.942501425743103,301.4204406738281,-9.313225746154785E-10,4.8081071634717117E-4,0.0024379772109058583,0.004173051272798522,0.0,6.098981862939683,19.17099387416601,31.629833800860148
2019-04-14,04:32,3.308656692504883,-1.1807551383972168,3.9084571692317507,4.0628534149944455,0.8473555445671082,301.42218017578125,4.555650201498293E-6,1.282992591506823E-4,2.860097912589462E-4,0.003914171593614678,0.0,0.17273888975693316,4.850882316942333,31.802572690617083
2019-04-19,04:32,3.678138017654419,-4.029545783996582,5.757724840890423,4.434285239897294,1.1355741024017334,302.0397644042969,-1.862645149230957E-9,1.6658912040678857E-7,6.410301572355918E-5,4.426357635213969E-4,0.0,0.5416054298766497,0.5416054298766497,30.35158279355982
2019-04-24,04:33,3.5292434692382812,-2.446315288543701,4.56264148179341,5.016945556498235,0.9038573503494263,301.5794372558594,2.1408706830412734E-4,1.8184567950126055E-4,1.8490086585344978E-4,2.228403984574798E-4,0.14994041969847258,0.21469273822964433,1.8322071896068652,31.86644120058867
2019-04-29,04:32,1.3751660585403442,2.863152027130127,3.3975086847636433,3.420000743754474,1.1827359199523926,302.1151123046875,7.242879592904857E-5,4.8438496849119795E-5,2.721017727909868E-4,5.479803401398363E-4,0.0,0.0,4.547149158735959,26.503940079145586
2019-05-04,04:33,-1.3511210680007935,7.283872604370117,7.604787563521492,5.813300849146803,3.6609387397766113,302.8344421386719,0.009714349943633172,0.007891320833631678,0.011876054219014586,0.012810614722632414,1.6709172326844468,1.6709172326844468,4.627558913739578,30.742313036183525
2019-05-09,04:32,2.9764387607574463,1.914041519165039,3.8716803980646475,3.4834014138294283,1.4977962970733643,303.29547119140625,3.0212966615662855E-4,1.3256282304600653E-4,0.0010303047121219013,0.02155428001074811,0.0,0.0,1.6709172326844468,11.571319162017511
2019-05-14,04:33,2.8085384368896484,1.3925056457519531,3.2420136754611675,3.511664823501677,1.4248591661453247,303.4844665527344,2.5705332119090884E-5,4.885476236819728E-4,0.001177361302509688,0.0024874340839236664,0.0,0.0,0.0,11.39858027226058
2019-05-19,04:32,2.9402167797088623,1.7541104555130005,3.4504537380718276,3.7730029628876616,1.1824007034301758,303.509033203125,3.973782573844872E-4,2.835170716803143E-4,0.002624060581659987,0.008269524818776063,0.0,0.0,2.5508278275459904,13.407802669929922
2019-05-24,04:33,3.3461153507232666,2.030104875564575,3.9984805330778865,3.9773095909627116,1.187803864479065,304.009765625,0.001821643844539044,0.004272375006120706,0.005316146322589669,0.006684480510713768,0.20431772884045085,0.20431772884045085,0.24127010377791044,11.816865584100965
2019-05-29,04:32,3.4404783248901367,-1.3151026964187622,3.825036543201907,3.0475877470199793,1.2779185771942139,303.32098388671875,3.296483088942135E-5,5.1382419076703844E-5,0.002194870003994639,0.013612692252063727,0.0,0.0,37.2748860686159,44.49022518483892
2019-06-03,04:33,-1.1582218408584595,2.96323299407959,4.025313559288455,3.5650904328408077,1.190616488456726,304.2763977050781,0.002645400086162137,0.0019362272625291568,0.0035216659895582103,0.004926036072482294,0.0,0.0,0.0,39.862666271099336
2019-06-08,04:32,-2.28263783454895,4.362819671630859,5.189800647475263,4.776411320815939,1.598626732826233,303.2152404785156,0.01337649473080448,0.014005489264639947,0.040333159083758896,0.05384125667826637,35.13566115498694,94.38015635566019,156.03652831550886,195.8991945866082
2019-06-13,04:33,0.9541823863983154,1.3413715362548828,2.5832228547870453,3.0736403911458687,2.1026811599731445,303.5080261230469,0.005347087723659534,0.002026456993412589,0.027933783921765983,0.07830766688282245,4.380035457773959,17.357760978492575,181.96785366151698,285.3208521836271
2019-06-18,04:32,0.08107125014066696,3.258477210998535,3.417058619056119,3.459596853110833,1.917484164237976,302.90966796875,0.009233560866000605,0.0022041927030074797,0.022791100508778302,0.12334997836099341,29.708925080913197,101.04493446933533,155.26141085730438,431.5611960373026
2019-06-23,04:33,-1.326878309249878,3.5514917373657227,4.063424350421963,6.210008417097662,1.4675877094268799,303.0368957519531,0.0043656549507788585,0.0025366850777704644,0.01348615257555376,0.0783046934740159,0.0,5.7393647972795385,89.66909367838228,491.2800945309938
2019-06-28,04:32,-0.26765549182891846,3.706726312637329,3.988890885187196,3.573075198153942,1.6274434328079224,303.5545654296875,0.004039737213329941,0.0026394042791895124,0.011475699199807078,0.021161749433556393,2.5397525948770725,8.360427753712003,31.978746715480497,486.1000796029982
2019-07-03,04:33,0.6251217126846313,7.577972888946533,7.7030160931570215,8.229089483874938,3.085986852645874,303.2454528808594,0.06146503755384508,0.04809441336085461,0.1305118999800666,0.14672015083946027,20.914512463330674,51.03921597257365,62.582382391084366,540.3220342403706
2019-07-08,04:32,5.336946964263916,6.887304782867432,8.743700512619641,9.450613877370198,3.3057055473327637,302.3860778808594,0.06391815680133946,0.055040166344046286,0.20299940435437577,0.35399304076549104,54.61276352780526,260.0422444143497,416.806652257347,756.9400588042631
2019-07-13,04:33,2.964801073074341,4.264586925506592,5.24894229991182,6.134423518288897,2.002894639968872,301.8551025390625,0.029172437922919497,0.02574118643933541,0.10063006851424926,0.3115396080374733,32.52422528345914,187.75756723737948,363.40838120523955,925.7019131285359
2019-07-23,04:33,-2.671668767929077,3.9108006954193115,4.810098284958962,3.308346282223106,1.464900255203247,302.5528259277344,0.01144360788896972,0.006888058638165456,0.01976750238931605,0.04076501007498422,17.173498315492697,132.8359503677722,217.74019178496982,1039.734591562469
2019-07-28,04:32,-3.0092239379882812,7.98097038269043,8.715758301694338,8.128794736235013,2.5129799842834473,301.9073791503906,0.034374596226010835,0.022001825247006203,0.11531981441537477,0.17527423638900586,1.5476260072201025,90.06984820768231,253.36493464296578,1128.3730224258827
2019-08-02,04:33,0.8531481027603149,4.131874084472656,4.302682052524196,4.0496826343648245,1.713194489479065,301.7278137207031,0.017879117510336287,0.013306966239459211,0.052071017109524796,0.1473377532326649,12.52205589599765,12.52205589599765,200.9960913151282,1191.2912316282698
2019-08-07,04:32,-3.1457107067108154,8.549493789672852,9.35060511003939,5.989020761954931,3.594806671142578,301.8749694824219,0.04817132219380023,0.031858565550929946,0.04258502227028612,0.15054224456484983,18.97473106627375,113.33283637399549,135.52437760651853,941.6390004593893
2019-08-12,04:33,-1.1427308320999146,1.8693653345108032,3.292500024384665,2.5795924075161554,1.6082267761230469,301.8406066894531,0.0224592774540332,0.0231630461595135,0.032504581126594614,0.12145740163751624,156.85479048612982,385.08608397970744,555.7569968222355,1150.566548441552
2019-08-17,04:32,0.7514744997024536,1.3822722434997559,1.8457441279352345,2.4986596432520827,1.463509202003479,301.68798828125,0.012192311021042804,0.010921347496826703,0.027920611532439726,0.10594510857891254,156.10504716206594,203.48158961735356,626.4790969045434,1287.9739833831786
2019-08-22,04:32,0.177347332239151,1.5188727378845215,2.0034675837245466,2.020252326430205,1.2491629123687744,301.96038818359375,0.0273893574764039,0.018728022432768443,0.02451977924314592,0.06053520485423274,48.924548959549725,90.69860785107754,280.697248887882,1245.8366408664838
2019-08-27,04:32,1.0903809070587158,2.786508560180664,3.5364479956423285,5.1554328257981235,2.2803690433502197,302.6075744628906,0.021736755510609523,0.0163999433782507,0.03819064612936144,0.09543826337421689,0.0,42.518989064734164,194.59748840322302,1229.2065371434358
2019-09-01,04:32,-0.22377929091453552,1.8565847873687744,2.5077353070770685,2.430984703730685,1.3497185707092285,302.41156005859375,0.026908051620657535,0.0519630877141056,0.057490703798290604,0.11233379467637286,137.4082618376931,178.1884070777358,178.1884070777358,1290.2547803814118
2019-09-06,04:32,-2.2649335861206055,6.662219047546387,7.144619004340967,7.5165046208260975,2.5932023525238037,302.40948486328125,0.02268294270935596,0.009324111238191402,0.02564797509610113,0.09074677226584844,0.0,4.209672205781801,208.91432498812273,1197.9783765812779
2019-09-11,04:32,3.3484668731689453,5.10926628112793,6.264018177483737,6.04924607723608,1.9306801557540894,302.0147399902344,0.043876880292287646,0.028648459966203844,0.08761555781418276,0.16651398542637919,32.42179142307512,151.3637051692946,186.93461495121613,917.8019316290398
2019-09-16,04:32,0.4442518949508667,0.7138626575469971,2.1907285672607464,2.3170882010635045,1.1922518014907837,301.96319580078125,0.0018332061522147234,0.0042698436973936564,0.010844200498599937,0.13393047790951243,25.63762538933249,33.15010539625421,172.83762409828643,678.4683717580828
2019-09-21,04:32,-0.391069620847702,-1.0266246795654297,2.377279912812024,1.9918006816658098,1.2597088813781738,303.3335876464844,0.008207830878011151,0.007171056629110352,0.022360879739391663,0.034202493792284065,15.530874484867091,38.65547689362019,72.93552134472769,635.0676598624004
2019-09-26,04:32,-1.3451282978057861,-0.17263822257518768,2.163992820726252,3.7321437105972635,1.123009204864502,303.21636962890625,0.003931426691512267,0.012992307857087741,0.02269306261570619,0.06322987528188119,15.340793627900124,30.132142612200553,105.11860708199741,610.0405581119865
2019-10-01,04:32,0.7248154282569885,1.138290286064148,1.6599643602824823,2.0095070354548104,1.1381120681762695,303.0282897949219,0.008408680799252846,0.011732963973359356,0.029192030166640234,0.061130159217806436,2.2133465060949504,18.54289399100115,64.15267212131391,466.1073339889889
2019-10-06,04:32,0.2224777638912201,0.4593122899532318,1.7309340052426458,1.704359894419197,0.9363187551498413,303.23834228515625,0.01775505269932396,0.011390726237247385,0.025746798843692978,0.07343013222593482,18.744259627947777,24.517155938387948,51.533458388681275,480.6895806810182
2019-10-11,04:32,0.13792964816093445,2.0715582370758057,2.4015620589335684,2.3237836113404473,0.9564982056617737,303.099365234375,0.013077584657745034,0.01429964010131316,0.04172926568753986,0.0806593932871809,57.92655099173025,88.74056794679258,114.86863230594162,386.28564649363597
2019-10-16,04:32,-1.1281640529632568,-0.12660223245620728,1.9160795791360197,2.179794588539337,0.8833286762237549,303.43963623046875,0.002297933403329522,0.008508954456993852,0.023467520868895465,0.07266836929883169,2.9492658310996425,7.534625955129987,124.46245040378186,334.1982605615441
2019-10-21,04:32,0.8583397269248962,-2.048140525817871,2.415588406248746,1.8497024977021606,0.7082683444023132,303.9214172363281,0.0022399489530453495,0.001362978027628322,0.006689135757454248,0.0302405531005259,0.0,0.14538316887129393,7.68000912400128,287.0457477750201
2019-10-26,04:32,-0.5471952557563782,2.08327579498291,2.51171596705461,2.4593165027921113,1.7306101322174072,303.3431701660156,3.9679644738926606E-5,5.316436888484234E-5,6.599087908277848E-4,0.006307331741041278,8.609221896935626,8.914788060573603,9.060171229444897,217.08875703386218
2019-10-31,04:32,1.4670429229736328,-2.3927624225616455,3.0983674718464136,3.107624709527422,1.3015862703323364,303.36077880859375,6.375176941647249E-7,1.1930231575701795E-5,7.120186972044269E-5,7.138280901772513E-4,0.0,0.0,8.609221896935626,182.8335740791241
2019-11-05,04:32,0.9425436854362488,-2.4266533851623535,2.979965179236911,2.9500932139961664,0.7267169952392578,302.9893798828125,9.313225746154785E-10,4.425514817207002E-5,2.181182873838313E-4,2.75344267780613E-4,0.0,0.0,0.0,137.52540947670778
2019-11-10,04:32,-4.8254475593566895,6.529098987579346,8.200410719389469,6.741875971030753,2.655777931213379,302.5137939453125,0.017206084187708647,0.010570482683501074,0.023056427535541185,0.023274674481378706,14.303889710958469,111.35604371307393,111.35604371307393,156.35077242594784
2019-11-15,04:32,1.02663254737854,-2.717972755432129,3.2322959462419845,3.258077828516965,0.8266631960868835,301.8550109863281,-3.725290298461914E-9,2.2839673835298292E-5,1.1506384454559588E-4,0.0404192123178385,0.0,0.007061430895322395,57.59650725524249,123.2650585081779
2019-11-20,04:32,0.42046892642974854,-3.4958813190460205,3.7010852811527446,3.8030858875665,0.8714436292648315,302.0153503417969,1.862645149230957E-9,1.862645149230957E-9,1.862645149230957E-9,2.898812924529084E-4,0.0,0.0,0.0017912375042689788,123.11967533930661
2019-11-25,04:32,0.36792314052581787,-2.480145215988159,3.085511152911014,3.252756558251126,0.7804220914840698,301.245849609375,-1.862645149230957E-9,2.0480998184369956E-7,2.038786592690841E-7,2.0201601411985312E-7,0.0,0.0,0.0,114.20488727873301
2019-11-30,04:32,0.8056902885437012,-2.1054599285125732,2.5272661632910114,2.5972473576432273,0.36327993869781494,301.25042724609375,-1.862645149230957E-9,-1.862645149230957E-9,-2.7939677238464355E-9,2.0760394956754597E-7,0.0,0.0,0.0,114.20488727873301
2019-12-05,04:32,0.09545529633760452,-3.093729019165039,3.914722097645381,5.149845518452902,0.8258448839187622,300.55810546875,-1.862645149230957E-9,-1.862645149230957E-9,1.862645149230957E-9,-5.587935447692871E-9,0.0,0.0,0.06902786587198077,114.27391514460498
2019-12-10,04:32,0.5555456280708313,-1.5578374862670898,2.450207815960773,2.098569831599904,0.5981931090354919,299.899658203125,2.5631969465928917E-6,1.721216392689857E-5,2.2065326355505676E-5,2.2053219162035678E-5,1.3466253779598742,1.40851192298119,1.40851192298119,4.326383354512243
2019-12-15,04:32,0.46089789271354675,-2.4640121459960938,2.993202356048368,2.8202704107610446,0.795604944229126,299.559326171875,9.313225746154785E-10,9.313225746154785E-10,0.0,2.2069051645804137E-5,0.0,0.0,1.40851192298119,1.4775397888531707
2019-12-20,04:32,1.9382301568984985,-5.170393943786621,5.643502083829346,6.29833366705466,0.9927037954330444,299.12725830078125,-4.6566128730773926E-9,-4.6566128730773926E-9,-9.313225746154785E-10,-1.0244548320770264E-8,0.0,0.0,0.15123916723702044,1.6287789560901913
2019-12-25,04:32,1.8860867023468018,-6.354724884033203,6.694750245711599,5.611714087132528,1.2819916009902954,298.5614013671875,2.7939677238464355E-9,2.7939677238464355E-9,3.725290298461914E-9,1.862645149230957E-9,0.0,0.0,0.272104422121731,1.900883378211922
2019-12-30,04:32,0.5381054282188416,-1.2249267101287842,2.444435756334918,3.4429743265611714,0.6516927480697632,297.576171875,9.313225746154785E-10,3.6097976222911974E-6,0.0023088076655168716,0.0053639979097861055,0.0,1.8182150565693638,1.8182150565693638,3.7190984347812854
2020-01-04,04:32,0.5187398791313171,-4.01126766204834,4.54165607382344,3.0184628221496537,0.8411839008331299,297.5943298339844,0.00537035769107295,0.009052949864995776,0.011470537067739985,0.012137215535347322,9.288233056653072,14.004108265422904,14.004108265422904,17.65417883433221
2020-01-09,04:32,0.8416789174079895,-3.1093807220458984,3.393411388478818,5.150536733845184,0.7255593538284302,297.4582214355469,4.6566128730773926E-9,4.6566128730773926E-9,5.587935447692871E-9,0.01560107655591846,0.0,0.05500453583841082,15.997971055460862,18.35238783699257
2020-01-14,04:32,1.2459629774093628,-2.5016541481018066,3.1499040086296426,4.635782407527824,0.6549021005630493,296.8815612792969,3.9573174481298406E-7,2.1377227444579636E-7,2.1377227444579636E-7,1.2679214494815771E-6,0.0,0.0,0.0,18.35238783699257
2020-01-19,04:32,1.2373900413513184,-3.1015751361846924,3.6167605659095394,3.1044190857697784,0.7568497657775879,296.85009765625,-3.725290298461914E-9,-3.725290298461914E-9,-2.7939677238464355E-9,2.0073375840117966E-7,0.0,0.0,0.0,18.20114866975555
2020-01-24,04:32,2.0546367168426514,-4.7806267738342285,5.382053176218406,5.964611341114921,0.9095911979675293,297.04339599609375,4.6566128730773926E-9,4.6566128730773926E-9,7.450580596923828E-9,1.862645149230957E-9,0.0,0.0,0.0,17.92904424763382
2020-01-29,04:32,2.7450175285339355,-4.508997440338135,5.422489146160259,5.359984775003849,0.8205825686454773,296.0830993652344,-6.51925802230835E-9,-6.51925802230835E-9,-1.30385160446167E-8,-4.6566128730773926E-9,0.0,0.0,0.0,16.110829191064457
2020-02-03,04:32,1.549802303314209,-5.982108116149902,6.330381307284991,5.48350303712838,1.0648170709609985,295.93994140625,-1.862645149230957E-9,-1.862645149230957E-9,1.8034820631917712E-5,1.8755323205366887E-4,0.0,0.0,0.5177197082231701,2.624440633864722
2020-02-08,04:32,0.806102454662323,-5.13734245300293,5.288004408202601,5.635330990309913,0.7906067371368408,295.67095947265625,1.862645149230957E-9,1.862645149230957E-9,2.7939677238464355E-9,3.725290298461914E-9,0.0,1.905937790378392,2.1691031229669204,2.6868228311900904
2020-02-13,04:32,3.0813405513763428,-4.855641841888428,5.946262129780851,6.019850919168827,0.962283194065094,295.83282470703125,0.0,0.0,1.862645149230957E-9,1.862645149230957E-9,0.21658813464164486,1.895615002442281,4.43660854249167,5.217493583303368
2020-02-18,04:32,2.338670492172241,-3.7934842109680176,4.8315390654625645,3.9178149366536315,0.8098583817481995,295.9912109375,-2.7939677238464355E-9,-2.7939677238464355E-9,2.831648688138642E-6,2.8279233978401806E-6,0.0,0.5998112063124688,2.49542620875475,5.817304789615838
2020-02-23,04:32,1.362253189086914,-1.2173397541046143,2.1390076589864044,2.451848369611036,0.718974232673645,296.97296142578125,-1.862645149230957E-9,-1.862645149230957E-9,-7.450580596923828E-9,-3.725290298461914E-9,0.0,1.6180481293479183,2.217859335660387,7.435352918963757
2020-02-28,04:32,2.6196420192718506,-3.7902307510375977,4.901861069873363,4.121623535156862,0.7790221571922302,296.99822998046875,-4.6566128730773926E-9,-4.6566128730773926E-9,2.5218563235324365E-4,2.5218097574037057E-4,0.0,1.688765635455168,3.342101884514222,9.159406674130057
2020-03-04,04:32,2.8376166820526123,-2.214712619781494,3.927569784065545,3.1192268424394616,0.520352303981781,297.61505126953125,9.313225746154785E-10,7.132542132560017E-5,7.159207459716569E-5,3.237767756278347E-4,0.0,0.0,0.0,8.641686965906887
2020-03-09,04:32,3.0429632663726807,-3.012984275817871,4.769847448995801,4.647723969258425,0.7358040809631348,297.8140869140625,6.385834193697163E-6,4.807985570921908E-6,4.810779538645754E-6,1.4124692111096767E-4,0.0,0.0,0.0,6.47258384293997
2020-03-14,04:32,2.74478816986084,-4.096769332885742,5.341441108731853,5.609322115969825,1.0497840642929077,298.4795227050781,6.51925802230835E-9,6.51925802230835E-9,4.6566128730773926E-9,4.8135735063696005E-6,0.0,0.0,0.0,3.941913090826691
2020-03-19,04:32,3.800717830657959,-3.7585296630859375,5.613827685778205,5.497161040349955,0.8767547607421875,298.4712219238281,-9.313225746154785E-10,-9.313225746154785E-10,1.628424270429473E-6,1.6312182381533191E-6,0.0,0.0,0.024699031896442892,3.3668009164106647
2020-03-24,04:32,2.948331594467163,-2.59153413772583,4.434932764089183,4.557346615602157,0.7331790328025818,298.5890197753906,1.862645149230957E-9,4.963235887187855E-7,7.678000950572654E-4,8.702860560892903E-4,0.0,2.1354083302918663,2.1354083302918663,3.8841611173546124
2020-03-29,04:32,3.308670997619629,-2.199599027633667,4.340132944035038,4.3380418865585195,0.6555473804473877,300.034423828125,6.51925802230835E-9,6.51925802230835E-9,1.3984242303771264E-6,7.353190932322609E-4,0.39057683616519545,3.96876954360182,6.104177873893686,6.128876905790129
2020-04-03,04:32,1.4430480003356934,0.6977471709251404,3.100442510170477,4.171142720161374,0.8118664026260376,300.4059143066406,3.943033881631552E-5,9.82394048608608E-5,9.823009163511466E-5,9.82394048608608E-5,0.0,0.3565027528899438,0.7793869308449314,6.517687000469865
2020-04-08,04:32,3.1635940074920654,-1.9130301475524902,3.9958953578213765,4.013738164126182,0.9385675191879272,301.536376953125,3.0088293201783123E-7,6.259818162236895E-7,1.0016933565585265E-4,3.0905284531275673E-4,0.0,0.0,1.9303077522236989,8.447994752693566
2020-04-13,04:32,3.3311381340026855,-1.9631965160369873,4.277023896411015,4.010700418022537,1.1620357036590576,301.244140625,-4.6566128730773926E-9,4.3301696563235976E-5,9.144956485115717E-5,6.003278687472917E-4,0.0,0.0,0.0,8.447994752693566
2020-04-18,04:32,0.7232137322425842,2.935102939605713,3.420344283321162,3.2669249035892514,1.1276977062225342,302.2757568359375,3.089090334434135E-5,3.189606665330891E-5,0.0012516319823083055,0.0016275180096874942,0.0,0.0,0.0,8.423295720797123
2020-04-23,04:32,2.7579824924468994,-2.5229568481445312,3.905237351731465,4.013142550445752,0.747054398059845,302.2926330566406,8.494801088875415E-4,8.258107340052015E-4,0.002094243715785243,0.0034832645797673962,0.0,0.529676829106401,3.1808712747551,9.468758665260353
2020-04-28,04:32,0.7254673838615417,1.3098986148834229,2.0944305742408855,2.0711516928796403,0.9999931454658508,302.15545654296875,0.0011163837148570547,6.801278627329114E-4,0.010555583836152134,0.01612978202423879,0.0,53.12053222986862,116.5966259459224,121.5669382384745
2020-05-03,04:32,1.6611689329147339,1.8500888347625732,2.899330799626228,2.30394769602203,0.8422926068305969,302.70233154296875,0.003453733490816518,0.003071541345522085,0.007696767050317849,0.03241502574797311,0.0,0.0,52.70194278612995,121.17812814379481
2020-05-08,04:32,3.6208295822143555,-3.914424180984497,5.492105282370022,4.508567380446136,1.360829472541809,302.42645263671875,8.381903171539307E-9,8.381903171539307E-9,5.00128568799908E-4,0.014412872577143937,0.0,0.044635275569218556,3.210103991017668,122.45792438258876
2020-05-13,04:32,2.9319167137145996,-1.0496054887771606,3.44229555011229,3.9874001739458658,0.8738409280776978,302.56683349609375,8.515608223045573E-6,1.9971509107367345E-4,2.743724712380835E-4,3.263869710405421E-4,0.0,0.0,0.044635275569218556,122.45792438258876
2020-05-18,04:32,1.04412841796875,0.7520006895065308,2.5788152358896705,2.784748173601153,1.082085371017456,303.3673095703125,8.311049610960717E-8,2.4306169454602227E-5,8.290025210837153E-5,4.5182639694392804E-4,6.353612941787645,6.353612941787645,6.353612941787645,128.8115373243764
2020-05-23,04:32,0.1586054265499115,3.0781164169311523,3.2683674749099647,6.950283764356722,1.7091684341430664,303.01068115234375,0.004964981980475724,0.003589716982906279,0.029933672911231068,0.04074920060143924,0.30310809372898384,35.60209311579385,49.10432644785969,168.38137955569331
2020-05-28,04:32,0.018145505338907242,3.6397910118103027,4.259639912082128,4.90818796441518,1.6478705406188965,302.83123779296875,0.011101057957492623,0.015553010964098989,0.01812955422334635,0.03508193708481904,20.79671036493951,20.79968095670745,21.766138826543706,73.1976082561739
2020-06-02,04:32,1.7905986309051514,0.7035791277885437,2.137603946438744,2.439281235846232,1.2977283000946045,303.09649658203125,0.001499447423745604,0.001612750885672636,0.014205678884811529,0.054343066657420946,10.041038338566143,14.979184472971106,56.39546372175155,108.7963616129859
2020-06-07,04:32,-0.14025625586509705,2.886662721633911,3.235602312932875,2.6011431688033104,1.1600096225738525,303.58172607421875,0.015736687088421745,0.00743585584615791,0.018800989848100743,0.04891606499527737,7.936669482839614,39.184465632242954,96.04894860005334,191.01491152160037
2020-06-12,04:32,-4.641323089599609,6.66084098815918,8.203154530169892,6.879632848365642,2.211686849594116,303.492431640625,0.02123172524951252,0.01376239639199792,0.04548237745517067,0.10742893719835513,4.695457880646786,45.9850400264291,147.4226892863294,320.2119434590392
2020-06-17,04:32,3.8483176231384277,7.236264705657959,8.599696967868274,6.110579641395076,2.433173894882202,302.8885192871094,0.13382125606614292,0.13069031465949016,0.1901546690370078,0.23889466288536168,56.86705029789294,68.76860028809955,84.65427712896268,391.32981900218556
2020-06-22,04:32,-3.0842292308807373,6.324691295623779,7.253793688907464,6.4618745642022075,1.9644038677215576,302.1173095703125,0.014354884213603595,0.00995161286198513,0.06605942775331453,0.3284196435979049,0.15410405581258188,10.088615298362338,411.63746080321675,695.4597319912841
2020-06-27,04:32,-0.07388043403625488,3.100346565246582,3.191952074318976,2.604163054396561,1.2664631605148315,302.703857421875,0.013669112397759569,0.009113937042707548,0.017066958751317352,0.061600942471726,44.35992542337829,67.21098175109601,67.79417077941369,742.2166208975888
2020-07-02,04:32,0.5784555077552795,2.508213996887207,3.0906238900253977,3.0880897131094733,1.294860601425171,302.914306640625,0.01920518170969159,0.02104782816176891,0.041474946092440144,0.08255074329734019,53.77230527334725,71.31316368264444,136.85683053121437,794.3276665680555
2020-07-07,04:32,-2.688722610473633,6.867201805114746,7.554133572457077,7.5398128461887985,2.42907977104187,302.7691345214844,0.014450149066454055,0.012404321625396824,0.125748322766629,0.1818759828515729,15.837971534408112,182.8951426934624,309.2107815029972,947.6814313766314
2020-07-12,04:32,1.1120563745498657,4.198824882507324,4.4502923773093,4.6147747426763885,1.8096976280212402,302.3981018066406,0.01418888287290054,0.01852731542337848,0.053054921145360014,0.16905082248808823,112.23345195683721,118.45774518124098,282.01784663048437,982.3350538369434
2020-07-17,04:32,-0.2705589830875397,3.3047564029693604,3.569954422686422,4.725152378613274,1.6766821146011353,302.8143310546875,0.01556384566367841,0.01667575189490912,0.041070109471875414,0.1293387114418397,12.75781832655382,12.75781832655382,159.955336990935,946.3611571617039
2020-07-22,04:32,1.2685940265655518,2.9168546199798584,3.3073814716937355,3.6832698821709737,1.633019208908081,302.39825439453125,0.021137720886983125,0.02292041712986232,0.07207441557291318,0.1324214718731672,26.147808972469797,124.27580865981047,180.76421750459076,767.4869298445699
2020-07-27,04:32,2.2624385356903076,-1.4198391437530518,2.7701430419455124,2.902364372856788,1.1754179000854492,302.5972900390625,5.296150514600323E-4,5.941340684366276E-4,0.0025187265609948285,0.11800718211952604,38.83719882308721,46.36891045484073,260.8585035109684,886.4743577975262
2020-08-01,04:32,0.023200826719403267,1.8618074655532837,2.4477072662654353,3.7844108623823547,1.8112818002700806,303.02032470703125,0.0054704258583632166,0.003786660975720695,0.02347564467953954,0.041224509450138454,29.243236782706997,58.247797964107235,149.98826792549482,902.3839162409014
2020-08-06,04:32,-2.8157238960266113,7.360157012939453,7.984316888671,6.864603772823798,3.1988637447357178,302.3388977050781,0.03592422784251326,0.01666120810079433,0.0704866673673964,0.10100681762216811,11.602680780788539,110.17677811645225,285.10589243081523,898.3829374495797
2020-08-11,04:32,-1.2170356512069702,5.749922752380371,6.008806294190184,6.285565659112455,2.148974657058716,302.3772888183594,0.016811438438062574,0.010036988747855708,0.024882158463122805,0.11466663437712298,31.473866745284887,44.31810335119919,128.11777275026134,815.5565462234097
2020-08-16,04:32,-0.572388231754303,9.344051361083984,9.443310823469284,8.649215223243859,3.5529096126556396,302.28656005859375,0.04488772361301908,0.03488945922820094,0.060914770623873425,0.10493166759749008,12.266887354407112,20.99368886274249,122.83125563856596,852.8609892740742
2020-08-21,04:32,-2.943146228790283,5.66916036605835,6.795059858886191,7.827870643493408,2.4103503227233887,301.967041015625,0.039089015863981905,0.03132977609100364,0.14590080522721938,0.27781041208211155,134.42760961154815,373.66979413524797,397.470521587223,1068.7262077498306
2020-08-26,04:32,-1.1909021139144897,7.929020404815674,8.575544620113051,6.960645456670884,2.478114128112793,301.7229309082031,0.041721514146775,0.035709641637149465,0.10849907225929202,0.2300830334882921,2.886592332118936,31.145836982950698,490.51212911117193,1079.2480414976183
2020-08-31,04:32,2.0844614505767822,-0.5714340209960938,2.387770042413101,2.4466665276849136,1.1630823612213135,301.9364929199219,0.008556491719084042,0.00968156758393113,0.016241340861823526,0.10414611971715378,32.265598057327054,32.265598057327054,44.57487788281816,1011.6217376407055
2020-09-05,04:32,1.9432274103164673,-1.7103500366210938,2.668580968192963,2.510081378122413,1.1418100595474243,303.0281066894531,0.002341573345748817,0.002046005930520178,0.003308888133345307,0.044100459609624186,7.213637354663825,7.213637354663825,147.09794370294867,891.6726433694406
2020-09-10,04:32,1.0735372304916382,2.6501309871673584,3.177607618436895,2.187033269891759,1.2837060689926147,302.84625244140625,0.02801276484833044,0.02903558796620687,0.0377913486712861,0.044118617999215085,13.209126334198874,45.90020447594153,64.52589920961883,867.9606420528148
2020-09-15,04:32,-2.713010311126709,3.708956718444824,4.751592688345823,4.371159941710709,1.643720030784607,302.79266357421875,0.012267472752022977,0.00808623616099666,0.02485253602675091,0.08024003918381026,11.87390593767713,52.058693860132045,101.75579320507451,846.5204510628736
2020-09-20,04:32,0.49655669927597046,-0.3819752335548401,2.7585958953021983,2.0283112189852166,1.4691617488861084,302.99169921875,0.012062452247768056,0.012733607870135187,0.017904283743984145,0.057962411999177975,7.984140709009882,28.539903120626263,103.84111418218414,529.4884502276819
2020-09-25,04:32,-0.47396159172058105,3.442589282989502,3.5062127434051873,4.145210581081726,1.4917078018188477,303.008544921875,0.007068103803869556,0.006781002581813691,0.03801544893515638,0.09853084039427032,0.6887351355745935,63.658475564786,176.47915594713308,495.2618154941089
2020-09-30,04:32,-2.0606889724731445,2.4190633296966553,3.3672888896864213,3.8685156135677223,1.318929672241211,303.076171875,0.005674780854115298,0.007654726350059112,0.02102710283168555,0.06424415820204955,30.06346357449141,30.06346357449141,76.1489292737935,505.8583685230606
2020-10-05,04:32,-2.802532196044922,3.7242631912231445,4.801530201892187,4.8315288882144465,1.1790004968643188,303.260009765625,0.017403429352185307,0.00851709557519782,0.028994538506982737,0.06288922475033881,13.863881840974493,23.727952698934384,79.88084719675157,440.84340649969926
2020-10-10,04:32,-0.7093921303749084,-0.0428936667740345,1.3363038370530995,2.1339036242249225,0.8549723029136658,303.7759094238281,0.004085877205373025,0.004256905628730761,0.010198600883798105,0.05408051743280088,8.809848370188629E-4,12.295708531650266,37.07259129617337,396.8757832419833
2020-10-15,04:32,-2.7162227630615234,2.5194482803344727,3.9496352261449617,3.3621272076596367,1.7418382167816162,304.10052490234375,0.0013345757134112658,0.0011084763647498674,0.003481513589204098,0.017356737952112504,3.1074469603782333,8.215520468069341,29.14178669086196,356.36001753077767
2020-10-20,04:32,-1.4210829734802246,1.183007836341858,3.147691628451609,2.451459417250745,0.9558541178703308,303.7062072753906,0.01672261383603601,0.009693916669639896,0.03442701087940646,0.04398271647681083,27.20113971981502,52.66625187008653,75.61617675533773,361.92225605490364
2020-10-25,04:32,-2.4026412963867188,2.940394401550293,3.9811402248544976,7.527810063374692,1.4055877923965454,303.2123718261719,0.006036403198160377,0.005141307132253057,0.05563052837287633,0.13885018629731524,37.97040442292433,220.1893077651973,307.99440428043175,468.5077334074592
2020-10-30,04:32,1.27138090133667,-3.034782648086548,3.441173313730769,2.3076121222919834,0.812645435333252,303.0749816894531,8.489361982427391E-4,0.0031983411049481872,0.014076993466156302,0.05038460785056432,1.3559406647960535,17.11543506805975,159.42867224957908,445.03612623284613
2020-11-04,04:32,0.08956340700387955,0.7305901646614075,1.5373577490216892,3.1762041190026964,1.0479810237884521,301.3656311035156,0.0034222026592960544,0.004240102313003863,0.03329456950331542,0.0802199481514053,5.043474892940321,57.81264233104191,134.52916831713748,516.711391066186
2020-11-09,04:32,0.3679474890232086,-2.1010797023773193,2.525059050025224,3.5491611466067843,0.7729175090789795,302.1275939941406,1.2691155733431084E-4,5.526715179993993E-4,5.591646160768426E-4,0.01926936060922918,0.0,0.0,50.04460307842549,529.8297926604671
2020-11-14,04:32,0.38096803426742554,-2.1136314868927,2.60869057994033,2.4994968533066255,0.721876323223114,302.4992980957031,1.5504146907843796E-6,1.9201326259174702E-6,7.077913218434307E-5,9.934529074030014E-4,0.0,0.0,0.0,512.9837145012553
2020-11-19,04:32,0.8035809993743896,-5.121784210205078,5.215870226032265,4.246835595833435,0.9801987409591675,301.7781677246094,-2.7939677238464355E-9,-2.7939677238464355E-9,3.7734086314837134E-7,8.183268263288166E-6,0.0,0.0,0.0,440.5818591585275
2020-11-24,04:32,0.6996261477470398,-4.065993785858154,4.292302015892112,4.363521445971255,0.9810489416122437,301.2746887207031,9.313225746154785E-10,9.313225746154785E-10,4.467969725591055E-5,4.468062857848517E-5,0.0,0.0,0.0,171.07368811519962
2020-11-29,04:32,0.5747882723808289,-2.7696001529693604,3.1169821461690863,2.8334636430749596,0.9297167658805847,301.2342529296875,1.475014084694432E-6,1.2347322366129046E-6,1.239388849485982E-6,3.798114517645807E-5,0.0,0.0,0.0,147.9556886471202
2020-12-04,04:32,1.0050705671310425,-3.0478086471557617,3.4203318271297967,2.9477838895482265,0.6822687983512878,300.9519348144531,-4.6566128730773926E-9,3.69392805896684E-7,9.414774614461461E-7,2.1771410206336662E-6,0.0,0.0,0.0,26.463040191520086
2020-12-09,04:32,0.6220800280570984,-3.9830703735351562,4.225534122564651,4.277361306112612,0.7004635334014893,300.0215759277344,3.725290298461914E-9,3.725290298461914E-9,3.725290298461914E-9,3.721867736205304E-7,0.0,0.0,1.8705737604403294,1.8705737604403294
2020-12-14,04:32,0.7315617799758911,-3.945777416229248,4.189580924546044,3.6365301892970985,0.7705808877944946,299.9333801269531,-3.725290298461914E-9,-3.725290298461914E-9,-6.51925802230835E-9,3.6430909581806353E-7,0.4261249959575196,0.4261249959575196,0.4261249959575196,2.2966987563978485
2020-12-19,04:32,1.2880005836486816,-6.509787082672119,6.696616270442001,6.400557176684045,1.3716281652450562,299.2375183105469,2.7939677238464355E-9,2.7939677238464355E-9,5.587935447692871E-9,1.862645149230957E-9,0.0,0.0,0.4261249959575196,2.2966987563978485
2020-12-24,04:32,0.8378617763519287,-1.4144452810287476,2.158451951372944,2.2831567827941033,0.4338834583759308,298.1849060058594,-9.313225746154785E-10,4.671219019045741E-7,3.182075678623488E-6,3.183938323772719E-6,0.0,0.15724206633206805,0.15724206633206805,2.453940822729917
2021-01-03,04:32,0.9627729058265686,-2.0707931518554688,2.7147779658235387,2.8023465904616094,0.7352327704429626,298.5220947265625,5.587935447692871E-9,5.587935447692871E-9,1.108188058710493E-6,1.108188058710493E-6,0.0,0.0,0.7901835522844933,3.24412437501441
2021-01-08,04:32,1.1972074508666992,-3.085047960281372,3.6015873698638097,3.3966737856459215,0.627138078212738,298.962890625,-9.313225746154785E-10,-9.313225746154785E-10,-5.587935447692871E-9,6.115733111743848E-7,0.0,0.0,0.0,1.3735506145740808
2021-01-13,04:32,1.3847568035125732,-4.594560146331787,5.062026443975216,4.939007158502916,0.9455902576446533,298.9844970703125,4.6566128730773926E-9,4.6566128730773926E-9,8.381903171539307E-9,-2.7939677238464355E-9,0.0,0.0,0.0,0.9474256186165614
2021-01-18,04:32,0.5400508046150208,-3.419189691543579,3.9483846274302974,3.9792659237636263,0.775997519493103,298.1630554199219,-1.862645149230957E-9,-1.862645149230957E-9,1.1175870895385742E-8,5.587935447692871E-9,0.0,0.0,0.0,0.9474256186165614
2021-01-23,04:32,1.5479577779769897,-4.384438991546631,5.055952751311757,3.0795612204810787,0.8481582999229431,297.6790466308594,-4.6566128730773926E-9,-4.6566128730773926E-9,5.498334503198509E-5,5.498427635455971E-5,0.0,0.0,0.0,0.7901835522844933
2021-01-28,04:32,1.721030592918396,-5.792712688446045,6.159619433502844,6.109989486979112,1.2666301727294922,298.16717529296875,-9.313225746154785E-10,-9.313225746154785E-10,-9.313225746154785E-9,5.3380058758253885E-5,0.0,0.0,0.0,0.7901835522844933
2021-02-02,04:32,2.3043277263641357,-5.602177143096924,6.267637654157849,6.096220263650064,1.1507296562194824,297.3785400390625,0.0,0.0,-1.862645149230957E-9,-3.725290298461914E-9,0.0,0.0,0.0,0.0
2021-02-07,04:32,1.8797016143798828,-3.858955144882202,4.672170360127718,3.524629497288673,0.8480622172355652,297.1655578613281,4.6566128730773926E-9,4.6566128730773926E-9,7.450580596923828E-9,1.6763806343078613E-8,0.12886308833649046,0.3838231119549216,1.2024846226592283,1.2024846226592283
2021-02-12,04:32,1.9649394750595093,-3.6980042457580566,4.4783915681186945,3.980551676769753,0.6170863509178162,297.8032531738281,-1.862645149230957E-9,-1.862645149230957E-9,5.587935447692871E-9,9.313225746154785E-9,0.0,0.24060666150898458,1.7211217895807307,2.608025715079442
2021-02-17,04:32,2.2219436168670654,-4.521538257598877,5.502518708803848,5.325769040353304,0.907402753829956,298.2410583496094,1.862645149230957E-9,1.862645149230957E-9,-6.51925802230835E-9,-3.725290298461914E-9,0.07654760250351181,0.07654760250351181,0.07654760250351181,2.684573317582954
2021-02-22,04:32,1.8751189708709717,-3.996458053588867,4.741135110984702,4.0121985594924565,1.0356088876724243,298.27154541015625,-2.7939677238464355E-9,-2.7939677238464355E-9,6.416966795427705E-7,6.435593246920016E-7,0.0,0.5592098870570337,0.6742754014146712,3.2823011164941134
2021-02-27,04:32,1.7638275623321533,-0.08369163423776627,2.3640134049890844,3.2801311657489465,0.9354168176651001,298.7499084472656,2.3580996283129147E-5,8.617602982876463E-6,1.6928174172375762E-5,1.736616765922148E-5,0.0,0.21445175375587136,0.773661640812905,3.496752870249985
2021-03-04,04:32,1.517529845237732,-0.658535361289978,2.6113520039511853,2.995186043456322,0.9604973793029785,299.4261779785156,4.7477181343471296E-6,4.371880759980614E-6,1.4722039710969414E-5,5.8615831831782506E-5,0.0,1.140383808785423,1.3548355625412942,4.637136679035407
2021-03-09,04:32,2.5189738273620605,-1.6874566078186035,3.4167071741382515,2.82999786481914,0.8446003198623657,300.0510559082031,8.521601557731627E-7,6.231266280200418E-6,8.259627073386194E-6,3.060246827408641E-5,0.0,0.0,0.0,3.434652056376179
2021-03-14,04:32,3.143810510635376,-3.851583242416382,5.44670546260048,5.091500798614388,1.1939079761505127,300.28875732421875,2.7939677238464355E-9,2.7939677238464355E-9,4.6566128730773926E-9,8.052717277290411E-6,0.0,0.0,0.0,2.0291109639559655
2021-03-19,04:32,3.5819852352142334,-4.157496929168701,5.701015113115421,5.596656272743037,0.9132956266403198,299.8564147949219,-1.862645149230957E-9,-1.862645149230957E-9,-1.862645149230957E-9,3.725290298461914E-9,0.0,0.0,0.0,1.9525633614524536
2021-03-24,04:32,0.7297877669334412,-0.017326336354017258,2.612089919831654,4.369913054002171,0.8855738639831543,300.4707336425781,8.79457403047412E-6,2.72837889768322E-6,2.7293102202578356E-6,2.72651625253399E-6,0.0,0.0,0.04932191057105529,1.4041574731123496
2021-03-29,04:32,3.5590713024139404,-2.018345832824707,4.406514317721244,4.975689199880075,0.8340203762054443,301.4862976074219,-6.51925802230835E-9,-6.51925802230835E-9,-1.1175870895385742E-8,8.462875113508222E-5,0.0,0.0,0.0,1.1897057193564784
2021-04-03,04:32,1.8201491832733154,-0.5177906155586243,2.77971562756458,4.518310974569851,0.9828015565872192,301.2384948730469,1.6733890801083807E-5,1.2068245675623047E-5,0.0015929300881783416,0.002101090210287467,0.0,0.184672999862138,3.7853097969252563,3.8346317074963117
2021-04-08,04:32,1.57651686668396,0.8450160622596741,2.4514198310905937,2.6095442288107984,0.9620115756988525,301.5983581542969,5.703423537460028E-4,3.0249764267393765E-4,0.003248198383042346,0.004486788744897452,0.0,0.0,9.26751578010347,13.102147487599781
2021-04-13,04:32,2.9339423179626465,-0.2849138677120209,3.1032293662221577,3.542105169830312,0.7767725586891174,301.91949462890625,1.4185982153696171E-5,1.4760216127302086E-4,3.988863495380982E-4,0.0017922279583078118,0.0,0.9653212119692476,4.254705208125175,17.356852695724957
2021-04-18,04:32,1.4851930141448975,-0.8883556723594666,2.4637093076930423,2.6066581290957958,0.938156008720398,301.97869873046875,0.005719777879615624,0.0028904443336785707,0.0031118664531881762,0.0037115063705321543,0.0,4.098804370876237,7.681185816697492,24.072717300453203
2021-04-23,04:32,4.143579483032227,-2.6179134845733643,5.208096177187634,4.424245086440147,1.0977203845977783,302.5707702636719,3.265702695238824E-6,6.37834197523431E-6,3.2959771043703915E-5,0.0038693946473855783,1.546917877785563,5.48016362461301,9.578967995489247,29.503559014495156
2021-04-28,04:32,2.909065008163452,0.17261196672916412,2.9966295332799233,3.607975602593808,1.0905812978744507,302.4039611816406,5.251112120116457E-4,5.025937574805681E-4,8.525416827673866E-4,9.151215551278359E-4,7.129921952626122,7.4596214588096235,12.939785083422633,36.96318047330479
2021-05-03,04:32,2.5249171257019043,-0.5704625248908997,2.92930412705453,2.859959747366724,1.284706711769104,303.01043701171875,7.516658846654144E-4,9.804248923578494E-4,0.0037781653171848686,0.005250390077214186,0.0,0.0,7.129921952626122,33.17787067637953
2021-05-08,04:32,2.174025535583496,-1.094011902809143,3.196481930872975,3.6903833520563247,0.848382830619812,303.0754699707031,7.901296896093031E-5,1.1427673621114737E-4,7.747669914432688E-4,0.004779516708676552,0.0,0.0,0.29823636706009704,24.20859126333615
2021-05-13,04:32,0.3455584943294525,1.2295750379562378,2.070159213699672,2.530207218023883,1.1259106397628784,303.05377197265625,0.0023783254345842437,0.003890791191578713,0.005302131847973998,0.006100207194107475,0.06012333360157114,21.43743383635862,21.43743383635862,41.39131989156959
2021-05-18,04:32,4.422652244567871,-1.8474525213241577,4.843181285350123,4.162774687218661,1.3053299188613892,304.03765869140625,5.857803511853312E-6,5.436156380836762E-5,3.586314940597577E-4,0.012299513326684018,0.0,0.0,8.40534313795307,34.67545528684134
2021-05-23,04:32,0.3515132963657379,1.5066113471984863,2.9946868596004204,2.8803489243186853,1.0485128164291382,304.45904541015625,0.008519114689061453,0.008751663275248145,0.009986983809820677,0.01051766320091227,28.80061314709479,28.80061314709479,28.80061314709479,57.99590480932313
2021-05-28,04:32,-4.0388312339782715,5.476512432098389,6.89761436852044,9.640907158598385,2.3684332370758057,302.9939880371094,0.002577202434779382,9.678839725166499E-4,0.015662508480651902,0.03976668311209721,0.0,1.2493038340366038,53.52767078548921,75.26334098890791
2021-06-02,04:32,0.6379250288009644,2.000304937362671,2.1913948778850276,3.138246301411181,1.445901870727539,303.3785400390625,0.006349129481788944,0.008388497997325986,0.014352815186674273,0.020956325636382212,24.774542745934916,25.66489829382603,28.256356428570804,102.2703935834421
2021-06-07,04:32,0.7701464891433716,-0.059999994933605194,1.612292058190385,2.3757210828602506,1.3146038055419922,303.3634033203125,0.012567428492155728,0.012148219559873854,0.035461398367490425,0.05965667434507214,49.143026927001856,104.29948903916896,135.2253485847364,212.42296305518352
2021-06-12,04:32,-2.1157121658325195,8.314627647399902,8.859019306220846,5.942280805706502,2.3350560665130615,303.56390380859375,0.05638641210674655,0.037371148002443844,0.10084250828301378,0.1533696447893414,114.27203679411747,235.06564427370205,406.41031094876104,511.6937117849111
2021-06-17,04:32,2.6649787425994873,5.610788822174072,6.903702955857828,7.536114717784492,2.462320327758789,303.0542907714844,0.06715219219525655,0.06305093266451674,0.16194280432479352,0.26016091302858657,0.8250739743993379,149.16674565167682,327.8377260870815,719.574675833726
2021-06-22,04:32,-1.229407787322998,3.107915163040161,3.9229833400296705,4.874552518207732,1.561240315437317,302.31573486328125,0.013180137308789234,0.008762846871493212,0.12136355163500591,0.38474619019618467,4.000294911688211,102.40769186221668,408.6159839138095,1015.4760206425763
2021-06-27,04:32,-2.5429861545562744,3.9017515182495117,4.730888191001073,4.483017131263943,1.4027512073516846,301.9399108886719,0.009992194635903133,0.006585253928990469,0.01878225737719895,0.10149820064393106,0.0,1.8781802177186098,31.090958362144683,997.3794475931978
2021-07-02,04:32,3.700862169265747,4.040152072906494,5.601987446277504,4.801233161666176,1.9710732698440552,301.8798522949219,0.06341960520720949,0.0469727234858981,0.11361433341366471,0.1484521850827873,181.04336652286557,212.2671831656073,238.4861506038376,1208.1402325715508
2021-07-07,04:32,0.48754745721817017,3.15927791595459,3.351584448756409,3.5949568842414306,1.1180508136749268,301.774169921875,0.01916463388970085,0.018366771856203334,0.02719009501568387,0.15312709626992377,38.741984636091374,52.2091208975989,377.08965369843713,1264.1403020071123
2021-07-12,04:32,-3.304781436920166,3.9464609622955322,5.32289012408489,4.817299634242972,1.6238785982131958,302.8771057128906,0.006335873722884,0.006779358192977513,0.02657385072265954,0.08449953781656813,55.48056234320359,158.21778087299936,196.95976550909074,1101.6499003140257
2021-07-17,04:32,-0.8112930655479431,1.9076107740402222,2.4037350364399406,2.8666220681917123,1.5833898782730103,302.94677734375,0.012729497118761725,0.008552586879604352,0.018023359502027464,0.03569773835608231,33.55710005700633,55.0403858124526,175.18575562130206,971.4651413969806
2021-07-22,04:32,-5.9398932456970215,5.048605918884277,7.850094253563248,5.260178941170987,1.9760241508483887,303.01422119140625,0.027004355677933082,0.01569681757613708,0.05185016007962835,0.08794899270522713,25.63034845547137,107.1711015496605,224.19411954609913,817.0706901558558
2021-07-27,04:32,7.176618576049805,4.496655464172363,8.919486161745324,6.713005096999464,2.844104766845703,302.32196044921875,0.09330319621435859,0.09973914935552435,0.15675346040905422,0.25413004211709295,8.310563483713477,29.000433355103386,253.25045368122613,1014.7810212019841
2021-08-01,04:32,0.8786389231681824,4.785396575927734,4.981955502709772,6.3691972628964635,1.9316025972366333,301.8177490234375,0.03470256617110149,0.023455680084779214,0.07476555564542982,0.3858350981725862,14.684991916235445,94.95053152254033,314.1305836017538,1076.5151507407522
2021-08-06,04:32,4.251964569091797,2.0781943798065186,5.052517035553844,5.077982331993296,1.835960030555725,301.6019287109375,0.024489551501385137,0.020995960156307947,0.06563613821721519,0.1623151327206659,11.117925552321488,11.117925552321488,224.6152828200508,1101.6709294142418
2021-08-11,04:32,1.1528321504592896,2.1554014682769775,2.9322899682976526,2.514275339022331,1.2514028549194336,302.5386047363281,0.0043847672933456944,0.005043511719521962,0.012560532725267652,0.0646610989266193,1.8510317271259584,3.694664070310259,215.4115435433758,1147.7467665322965
2021-08-16,04:32,-2.9339616298675537,4.170272350311279,5.246348126218246,4.410118663256154,1.6608877182006836,302.3208923339844,0.013946970307505599,0.007578151330436671,0.019561902523006065,0.04087243576661355,56.78808668118606,86.59291951949882,167.3288823404149,1233.6847796706313
2021-08-21,04:32,-1.75978684425354,2.4238202571868896,3.0928156200399077,4.498925617779426,1.2878844738006592,302.38641357421875,0.0073833767069028874,0.008066987003706873,0.051292569759276783,0.12688621573630282,15.37753368711216,34.828191676979735,232.6827755965233,1212.5249606349107
2021-08-26,04:32,0.3260982632637024,2.86354660987854,3.4668765076635215,2.607243850160005,1.2466377019882202,302.2518005371094,0.018059161509953292,0.013639789371602776,0.032235177780461054,0.05791016187669235,29.24125110588297,29.24125110588297,53.68097081073777,1046.487582123392
2021-08-31,04:32,-2.211724042892456,3.3683037757873535,4.304418330547497,5.893722191509146,1.392435908317566,302.9566650390625,0.002632560584621102,0.00327026874104642,0.005691955982481842,0.05388153894702224,0.24467622434609765,86.44970577258464,212.071340243913,929.8157041497658
2021-09-05,04:32,-3.3052151203155518,2.9268271923065186,4.657118934424846,3.4024729915849914,1.4509773254394531,303.5912780761719,0.011598145738974504,0.007480811596198265,0.02974525933138502,0.06095433064811628,19.972111168413356,50.242839981553615,178.799801721021,874.4438339352029
2021-09-10,04:32,1.0794644355773926,-1.2031933069229126,2.334820127408656,2.763073420118902,1.2908982038497925,302.8746032714844,0.002989157376920476,0.004457998562866424,0.025491720360489734,0.06281536825263476,23.59736840143332,28.894601302252656,73.91509202708707,703.6011321652946
2021-09-15,04:32,-2.01708722114563,2.9723901748657227,3.7724250741774554,6.387505086832509,2.049564838409424,302.6144714355469,0.009821157234118265,0.007772898158795099,0.05817226233832369,0.09487045129257839,0.11248190561606206,14.677301786847181,58.04140268608284,571.748085318212
2021-09-20,04:32,-0.4315023124217987,2.349834680557251,2.5982432949188214,3.978089825011673,1.3309388160705566,302.3829040527344,0.019847949818872352,0.015910100350908427,0.04181019080933917,0.10802888451770766,5.048159867392915,59.723354485993355,130.02755967083553,539.1661723488908
2021-09-25,04:32,-3.1730797290802,1.5621403455734253,3.6278339009427616,2.7252564399370556,1.2584089040756226,302.845947265625,0.004194572823596935,0.009748714386946359,0.014098435768560654,0.05050534910597602,25.816325014208207,43.2849840618535,63.79849282820673,547.7798876413057
2021-09-30,04:32,-0.7780890464782715,0.014943361282348633,1.6563492538595581,5.320851702632874,1.2213329076766968,303.2479553222656,2.230238717268495E-4,0.0013930401359887226,0.025452348314935255,0.05892101280906046,14.268148478469827,30.925256833633888,104.32130326006809,426.0896832626328
2021-10-05,04:32,1.1760993003845215,0.6654634475708008,1.9656502540319847,2.1967558778143643,1.2551722526550293,303.37164306640625,0.0036495762238023324,9.661983972411471E-4,0.009418989976146886,0.021059070130536338,1.3386049154428932,22.323566821543434,42.09871391116007,312.43079321924705
2021-10-10,04:32,0.6472166776657104,-0.37006422877311707,1.7610992084084112,2.2759376120452126,1.0491125583648682,303.71453857421875,0.002277435731215804,0.0018725651701985554,0.006355556482969789,0.011341061577100622,0.0,6.50255642521907,9.42669959783007,286.851791762078
2021-10-15,04:32,0.08038505911827087,-0.6464711427688599,1.4931170303233536,1.8060550764299867,1.023512601852417,304.0026550292969,0.0024313345295833605,0.0024935090586573937,0.02543523903033748,0.045401363969080566,1.9270901549448927,22.265357372562033,50.96848687701403,302.1929706269734
2021-10-20,04:32,-1.5630625486373901,4.213216304779053,4.805114389059643,6.525039849987368,1.3950459957122803,303.4385986328125,0.01250114178321525,0.008332814143943613,0.027126538011922233,0.07723521060931186,0.2595556207132254,65.07244306239063,89.07883317358116,268.9488194651972
2021-10-25,04:32,-0.024653000757098198,-1.0318026542663574,1.6581720006232363,1.7969722793746752,1.0387998819351196,302.9749755859375,1.6834202277309754E-4,1.2821941318349068E-4,7.00791989208255E-4,0.03203810916203181,0.0,0.0,84.07649417646739,304.19411510460964
2021-10-30,04:32,1.1646392345428467,-2.8812992572784424,3.3481320034432334,2.676276394775026,0.8000469207763672,303.27496337890625,2.5863193121610903E-6,1.6420997108485143E-4,0.0033895100995234946,0.01082277893306645,0.0,8.231487018187494,22.999134818297573,266.0533651635502
2021-11-04,04:32,0.9080448746681213,-4.33057165145874,4.558450757993678,4.3610670774730655,0.8886260986328125,302.9288330078125,1.8177590533798814E-7,7.169980943341802E-4,0.0011880183370695228,0.0036517684569671045,0.0,0.3000233404921416,0.3000233404921416,243.77749481413875
2021-11-09,04:32,0.5388546586036682,-2.011817455291748,2.68439488104158,3.640706979001012,0.5663055181503296,302.5961608886719,3.3996707084132173E-6,1.9074295209740012E-5,1.9349111533313066E-5,8.859768342111052E-4,0.0,0.0,3.259626344354548,239.1652063945164
2021-11-14,04:32,0.19875450432300568,-2.7984232902526855,3.532225327662376,2.748337229906328,0.9122006893157959,303.5137023925781,0.001101051884538987,8.711363391383835E-4,0.0010891294831845825,0.001312865919045965,0.0,0.0,0.6270420455276251,192.66989815212648
2021-11-19,04:32,0.678953230381012,-2.0573418140411377,2.894413138471,3.0834359189633793,0.5848463177680969,303.03814697265625,7.251770619083853E-6,1.4919268958440232E-5,8.415163149498017E-5,0.0011913892282770782,0.0,3.645990928945996,3.645990928945996,112.99426553307094
2021-11-24,04:32,0.03102191537618637,-2.3908939361572266,2.755786954536507,4.0856393045223225,0.665589451789856,302.2676696777344,-9.313225746154785E-10,-9.313225746154785E-10,-9.313225746154785E-10,6.279683292035484E-5,0.0,1.2027452047339755,1.2027452047339755,32.034562682351854
2021-11-29,04:32,0.9820700883865356,-2.859441041946411,3.3210366095166624,4.071837563429893,0.7854697704315186,301.7656555175781,2.7939677238464355E-9,2.4573364551516548E-5,2.8822461131566803E-5,2.8828980389589104E-5,3.612093726913448,3.8615749101203645,5.216191647875044,14.251619511929329
2021-12-04,04:32,-0.7498093247413635,0.041359804570674896,2.3754137677234324,2.5157339977414828,0.7439170479774475,301.532470703125,9.73219048304885E-4,7.615319027046735E-5,7.614667101244502E-5,1.049672694988626E-4,13.586796440495963,13.586796440495963,17.448371350616323,27.53839261193315
2021-12-09,04:32,-0.24111570417881012,-0.9821191430091858,2.497859749131577,4.236999992740312,0.8034195899963379,301.095703125,2.7939677238464355E-9,2.1156878065988885E-5,0.006844670257259229,0.015466507285154628,0.0,0.2900096441877152,27.902541176482114,38.594511003564755
2021-12-14,04:32,1.4614157676696777,-4.591939449310303,4.991632866593718,5.445499773089673,1.0432783365249634,300.8121337890625,-5.587935447692871E-9,-5.587935447692871E-9,5.197049914926721E-7,3.484785730331582E-4,0.0,0.0,0.03961720962534137,37.96746895803713
2021-12-19,04:32,1.1398378610610962,-3.5861668586730957,4.159771563763017,4.014646953304145,0.9168801307678223,300.7344055175781,3.725290298461914E-9,3.725290298461914E-9,-4.6566128730773926E-9,-8.381903171539307E-9,0.0,0.0,1.3117957993183333,35.63327382840947
2021-12-24,04:32,0.6573354601860046,-2.354060173034668,3.05892567195429,2.7588631267706196,0.796282172203064,299.5445556640625,-2.7939677238464355E-9,-2.7939677238464355E-9,4.664794243023756E-6,6.901038575369873E-6,0.2041354815570365,0.46699510583335446,1.7944514551546813,36.22498007883018
2021-12-29,04:32,0.2355860322713852,-1.9550914764404297,2.818935743651958,3.503171199776204,0.6122974157333374,298.78265380859375,3.725290298461914E-9,3.725290298461914E-9,0.0,4.430627353936742E-8,0.0,0.801976322987965,1.6422475782608819,32.18404090338265
2022-01-03,04:32,1.5178254842758179,-3.314566135406494,3.933257954168616,5.173263751246669,0.703216016292572,299.0624694824219,4.6566128730773926E-9,4.6566128730773926E-9,-1.862645149230957E-9,7.450580596923828E-9,1.138507932708666,2.1473854968294392,2.9493618198174043,20.74462995971613
2022-01-08,04:32,0.689339280128479,-2.285611629486084,2.9414418725270353,3.8909596186322233,0.5822663903236389,298.85858154296875,-2.7939677238464355E-9,-2.7939677238464355E-9,-1.862645149230957E-9,1.862645149230957E-9,0.0,0.0,1.7449472389323286,7.035324529953645
2022-01-13,04:32,0.38851362466812134,-1.144484281539917,2.45377443350011,2.7421591582098097,0.6382690072059631,298.8404541015625,1.33474960046656E-7,1.862645149230957E-9,3.322295644021676E-8,2.7635020992523888E-8,0.0,0.0,0.0,7.035324529953645
2022-01-18,04:32,1.1250871419906616,-2.9661481380462646,3.7214825835015106,4.096658373416226,0.7566446661949158,298.873779296875,-2.7939677238464355E-9,-2.7939677238464355E-9,0.0012248714761056514,0.0012268129452739072,0.0,0.026340605803603208,0.026340605803603208,5.7498693364389135
2022-01-23,04:32,0.8239034414291382,-1.7255587577819824,2.860595961122797,3.3201058936061667,0.6968326568603516,297.99981689453125,-1.862645149230957E-9,-1.862645149230957E-9,9.313225746154785E-10,6.0846249131373984E-5,0.0,0.0,0.0,3.955417881284232
2022-01-28,04:32,2.131572723388672,-5.02562952041626,5.700518335105577,4.0989939228519265,1.1905120611190796,297.673095703125,-2.7939677238464355E-9,8.691097445801425E-6,2.7669481084707114E-4,0.001334688272886364,0.0,2.5684483320288227,2.687852827979386,5.46801823683609
2022-02-02,04:32,2.2732014656066895,-0.32612186670303345,3.1981743699313383,4.767183162115649,0.912243664264679,298.0203552246094,7.77848685781161E-5,5.4164334560896794E-5,5.4159677948023716E-5,6.414011726252287E-5,0.0,0.0,2.5684483320288227,3.3206327400066518
2022-02-07,04:32,2.0501046180725098,-5.905102252960205,6.443249248795822,5.013041510036067,0.9876020550727844,297.5346374511719,1.862645149230957E-9,1.862645149230957E-9,0.0024198000531404536,0.002474053285622634,0.0,0.6107774812166951,0.6107774812166951,3.3249709149996836
2022-02-12,04:32,2.51131534576416,-5.99343729019165,6.708985611945468,6.00515945349968,1.0827816724777222,297.4598693847656,1.862645149230957E-9,1.862645149230957E-9,-2.7939677238464355E-9,0.0023931465786544313,0.0,0.0,3.118362690021029,5.832556123804018
2022-02-17,04:32,2.365662097930908,-4.8463215827941895,5.753750336061862,5.13229759379254,0.9984384775161743,297.36627197265625,1.862645149230957E-9,1.862645149230957E-9,1.862645149230957E-9,-2.7939677238464355E-9,0.0,0.0,0.0,5.806215518000415
2022-02-22,04:32,-0.16762346029281616,-0.20206370949745178,2.6162090074368742,4.281245713836302,1.1530474424362183,296.9970703125,1.864366817708109E-5,7.412826360876269E-7,0.01039955631239768,0.010399559106365402,5.246793916655109,10.633664577055304,10.633664577055304,16.439880095055717
2022-02-27,04:32,1.9190068244934082,-3.800569772720337,4.771592666691897,4.162215524268339,0.7746798992156982,297.9462585449219,-4.6566128730773926E-9,-4.6566128730773926E-9,-4.6566128730773926E-9,0.010399559106365402,0.0,0.0,10.633664577055304,13.752027267076333
2022-03-04,04:32,2.4382131099700928,-5.589076995849609,6.3587325586331325,6.398282813554783,1.055843710899353,298.36737060546875,-1.862645149230957E-9,-1.862645149230957E-9,9.313225746154785E-10,-3.725290298461914E-9,0.0,0.0,0.0,13.752027267076333
2022-03-09,04:32,1.9151408672332764,-1.4644869565963745,2.8408480367456295,4.3599325452046385,0.6674610376358032,298.6495056152344,3.725290298461914E-9,3.725290298461914E-9,9.313225746154785E-9,1.3969838619232178E-8,0.0,0.0,0.14484690517422616,13.286096691033864
2022-03-14,04:32,3.224715232849121,-4.278914928436279,5.560470091125192,5.927121171771635,0.9478067755699158,299.60430908203125,-2.7939677238464355E-9,-2.7939677238464355E-9,-3.725290298461914E-9,4.6566128730773926E-9,0.0,0.0,0.0,10.77851148222953
2022-03-19,04:32,3.1493985652923584,-2.496617078781128,4.350603037632514,3.8754792539395027,0.7735894322395325,300.15277099609375,1.862645149230957E-9,1.862645149230957E-9,7.450580596923828E-9,1.30385160446167E-8,0.0,0.6769935074188013,0.6769935074188013,11.455504989648329
2022-03-24,04:32,1.503116488456726,2.3920042514801025,3.960994277265526,3.4780264522451314,0.9285151362419128,300.41717529296875,0.0015718592403858316,0.0010360323054635007,0.0013680038298817645,0.0013680112804623618,0.0,2.432444949153732,3.1094384565725326,3.2542853617467586
2022-03-29,04:32,1.932241439819336,1.3635132312774658,3.034086555144875,2.423911181081232,0.973170816898346,300.8779296875,0.002392376203309087,7.922727485451517E-4,0.0036628132707229193,0.0058689256513001515,0.0,0.0,1.761433022222195,3.50010640619362
2022-04-03,04:32,2.2384018898010254,-0.029708947986364365,2.793833419927106,2.5205312293757913,0.9456807971000671,301.9276123046875,2.7280687993648003E-5,7.909613297037457E-5,3.4198443854601736E-4,0.004719907984785412,0.0,0.0,6.213852005943241,9.713958412136863
2022-04-08,04:32,2.857701539993286,-1.6815041303634644,3.533189096496064,2.932520807987492,1.2073532342910767,302.2968444824219,4.452247829998241E-6,1.2202295387938896E-5,1.965789403959214E-4,0.004862998249722687,0.0,0.0,3.953192968475493,13.522304475438125
2022-04-13,04:32,2.683441400527954,1.1661583185195923,3.0161871043343726,3.136170856288861,1.1413334608078003,302.5355224609375,2.254335319294649E-5,1.1308042151278837E-4,7.089062296933886E-4,8.353146996279682E-4,0.0,8.235183446151456,8.235183446151456,21.757487921589586
2022-04-18,04:32,1.7687406539916992,1.900597333908081,2.787587241842854,3.451660742032054,1.078238606452942,303.05413818359375,4.698173928202367E-4,4.310831620394567E-4,0.0011211654497214109,0.0017768151144155803,0.0,4.5204997192254455,6.222296913077931,25.600994133396224
2022-04-23,04:32,3.1366071701049805,-0.03795431926846504,3.2959054381057236,2.437232549920758,1.1395018100738525,303.04180908203125,7.844331765583916E-4,0.001236479859567762,0.004771166806944163,0.00777164520406575,10.430867654536408,29.128294725719527,31.128846752889725,52.29684390996202
2022-04-28,04:32,2.8560080528259277,-0.2796154022216797,3.017867627902176,3.0059396601552937,1.057088851928711,303.4339294433594,3.0142930792827227E-6,5.211875297699903E-5,3.1176499258842526E-4,0.004719838510628011,0.0,0.0708843122050071,24.458629536707733,52.12190717772017
2022-05-03,04:32,1.8800908327102661,0.1227530911564827,2.93025781017517,2.985646700031303,1.0703918933868408,303.3533020019531,2.6685130946776444E-7,4.558911928849191E-5,6.779067904744337E-5,3.7041718456469957E-4,0.0,6.154649776455822,6.2255340886608295,52.06270494823274
2022-05-08,04:32,0.5238365530967712,0.22143715620040894,2.939656047535338,2.3153317735326695,0.9585047364234924,304.0848388671875,3.412554953612533E-4,3.151502768753971E-4,0.007098614585279307,0.020056728351722404,0.0,0.0,0.09455914405605909,48.204071123813314
2022-05-13,04:32,-1.4141557216644287,3.2580363750457764,3.6209668300102034,4.132366008216924,1.6582168340682983,303.5287780761719,0.004169936978495588,0.0027470090841068494,0.038955404241926055,0.09484839124805591,3.3547305252246327,34.980926983702275,37.0891576506488,77.05804532831067
2022-05-18,04:32,-0.2800022065639496,3.1631953716278076,3.383211995424482,3.909864534245562,1.5727314949035645,303.68084716796875,0.004312862485062842,0.004165614784481178,0.011777733189418264,0.04489821226550093,0.06909307940043327,0.06909307940043327,20.55723400192542,72.71014426966391
2022-05-23,04:33,-1.3134454488754272,3.127521514892578,4.112131208898828,3.065647348420457,1.7859388589859009,304.322509765625,0.005948256328701973,0.005718946715288527,0.012074725796886978,0.03901816212608793,0.18096121847097765,30.499965164110172,30.569058243510607,74.08181470805454
2022-05-28,04:32,-1.1275209188461304,3.1878950595855713,3.7318634734893306,2.881138642301445,1.9295430183410645,303.4417419433594,0.0036181894989282476,0.003939587537075854,0.011425658435740086,0.030967069823510832,28.278456391930852,33.208516650670276,74.44662675446706,127.53609815243705
2022-06-02,04:33,-1.5852210521697998,5.049641132354736,5.377710133745595,4.525916299802475,1.6208882331848145,302.8580017089844,0.04274421162611129,0.03063595763939832,0.04043171374082921,0.06566808495562577,1.705370550085141,4.450241508892291,54.86263910862913,143.03557083394006
2022-06-07,04:32,-0.20948652923107147,3.0212740898132324,3.693921056374933,4.191355478947303,1.3537003993988037,302.5766906738281,0.001885794775158751,0.0017884855108493724,0.00833563083940905,0.05943244826443894,15.824499671774612,80.96525311495554,218.81656697205432,360.05220811185313
2022-06-12,04:33,-1.9500669240951538,3.7153420448303223,4.546671100311131,3.899756994942373,1.8404297828674316,302.74749755859375,0.003248797649261998,0.001811198515173503,0.07133719321787665,0.08790764366286204,0.0,35.97007778740463,110.47396217392864,417.6125129633584
2022-06-17,04:32,-1.125037431716919,4.219687461853027,4.645041506725139,4.90965404473687,1.58378267288208,302.3910827636719,0.019080914746896892,0.01898404782325585,0.035877982494816586,0.06274715595344549,50.05921845447035,105.89559045850456,124.21731672192179,541.6572310247013
2022-06-22,04:33,1.4349308013916016,3.301557779312134,3.8766040178827823,4.400131594160617,1.4443788528442383,301.9543151855469,0.02828920868170612,0.027125437604167017,0.15176011678111,0.21132674975095098,21.149124218340035,107.32866844018741,252.86845340942685,671.766946592338
2022-06-27,04:32,-1.5872381925582886,3.61100435256958,4.100240845321939,4.80889613292416,1.543372392654419,302.4275817871094,0.005563408360980889,0.006960346965566586,0.023834355837351204,0.15656894780348363,3.748515814869433,8.284422422044894,180.8848127964592,731.3026101325563
2022-07-02,04:33,-0.38937848806381226,3.4055545330047607,4.0536140783138475,3.4627284413880037,1.5922819375991821,302.68475341796875,0.0321749793146463,0.0474110123384204,0.07327498982402093,0.10606165657708841,50.86149648529759,69.49113138205172,80.31764194081092,786.217613800539
2022-07-07,04:32,-3.173973798751831,3.8878023624420166,5.247910020358501,5.79308715399463,2.058445930480957,302.33935546875,0.022713694047621066,0.01372307511605708,0.028118849677992042,0.12426597542345418,34.01987960916558,72.99368300815945,169.18750783077707,668.8027938272951
2022-07-12,04:33,-5.064568996429443,6.113638877868652,8.090139027134084,7.054438358907885,2.4951999187469482,302.5496520996094,0.009410342029935004,0.004765053038672384,0.02663155515845981,0.05577452038077341,0.0,41.74378417562289,90.17379457122233,617.2616873582406
2022-07-17,04:32,-4.979629039764404,6.559216499328613,8.308170526807315,7.890080297610832,2.3058013916015625,302.5145263671875,0.008084308933101449,0.0031364923593728933,0.0076374772504188004,0.03317647060865294,0.0,0.0,44.93137261290772,496.2319590736036
2022-07-22,04:33,0.07626210898160934,3.122626543045044,3.7557864594962855,3.4434473780174613,1.4254618883132935,302.02227783203125,0.009994761207524468,0.007840869337027241,0.028608642950438072,0.045717092805520845,110.00729501818076,110.01270684585744,110.01270684585744,445.63498518771416
2022-07-27,04:32,1.2908815145492554,-1.6269468069076538,2.350599235789217,2.3052068763463374,1.3334320783615112,303.06591796875,7.740384077324586E-4,0.0011080633964597809,0.01583253838387983,0.07940859483375637,9.450260817746315,26.07007688716331,271.50902436533784,494.07047141038896
2022-08-01,04:33,1.769913911819458,0.7957701086997986,2.0049948659308234,2.4234982934774196,1.3327479362487793,303.7637634277344,0.001026284088398896,0.001446062562057814,0.0029051982427467098,0.005349398231978373,31.167173722748725,42.56666691498339,56.45428075797697,462.94186656552245
2022-08-06,04:32,-4.187077045440674,4.461974620819092,6.300186363592633,6.174245176683334,2.2312159538269043,303.5411376953125,0.018087976739979257,0.008006415615729819,0.028558699089231632,0.06376332086057829,16.500379029944202,60.26831043962006,180.1465346690072,504.81208522134415
2022-08-11,04:33,-2.5772061347961426,6.673616886138916,7.274753079533018,7.839888481424911,3.0246779918670654,302.8773498535156,0.06139726857563444,0.043150049288647234,0.1209628032612003,0.16300230870875634,7.853550831845545,56.00760332180959,102.25087159589755,523.5762565811159
2022-08-16,04:32,1.2780811786651611,1.2223272323608398,3.36066715215208,6.57145032420324,1.6513036489486694,302.8410339355469,0.004470909072780142,0.004582624376306067,0.05642327543841694,0.18574146004287645,0.0,62.881408932997246,120.48623664884157,604.1193333159772
2022-08-21,04:33,-2.7580161094665527,4.3721537590026855,5.258835421158722,7.669542956030211,1.9384915828704834,302.35272216796875,0.0044585893113239135,0.002515395250032592,0.042227687634234595,0.06601276683792719,9.026258639185638,92.59261678627124,183.14889921319136,630.6438927780023
2022-08-26,04:32,2.7764830589294434,-0.9985391497612,3.3030635983713856,4.254880629533925,1.134354829788208,302.5508728027344,1.583041513667387E-4,2.731258468027564E-4,0.0190871833991375,0.0720549519014724,11.756137212149927,11.756137212149927,227.1010679310631,603.6560264033138
2022-08-31,04:33,0.539711594581604,-0.04352337494492531,1.2462513452804953,1.7228986637014871,1.031569242477417,303.28961181640625,9.711162278465196E-4,0.007936416592981135,0.011150547760243745,0.02197771518554839,22.11181132525411,29.232792520510916,66.88884248395613,613.348210394045
2022-09-05,04:32,0.7625677585601807,2.310826539993286,2.6450303810349225,2.475013518732977,1.144783854484558,303.9439392089844,0.012664545327425001,0.01055021954827612,0.028220213565003614,0.060313719180152284,3.0254197179253173,5.420112822914561,62.8466188175776,505.51190674937624
2022-09-10,04:33,-4.549811840057373,5.065402507781982,6.913586108235705,4.899589317471922,1.7833231687545776,303.2845153808594,0.021634992896853122,0.02277139447124263,0.03801582425236933,0.07923628655975729,43.98097589683874,86.5058177829852,110.87025007801702,551.4842097165966
2022-09-15,04:32,0.8562200665473938,0.9314368963241577,1.591157220934898,3.089250184742037,1.3626917600631714,302.86761474609375,0.014241502014007054,0.015572798536226585,0.06845147513946438,0.16353061014649461,2.3023890030253393,65.54332658105015,199.16819174059364,605.1114384198293
2022-09-20,04:33,-5.368094444274902,6.649496078491211,8.572775011373766,6.024680496085393,2.289641857147217,303.0283508300781,0.016481410182428127,0.008359411977208363,0.024242665340032575,0.09683511312906372,0.0,31.088639320453265,51.303798271459236,500.5440393262634
2022-09-25,04:32,-0.8611281514167786,0.5243059992790222,1.6183559686141171,1.7152648970857336,1.2787837982177734,302.8813781738281,0.003852713151889689,0.0035346139590670483,0.012446143897250295,0.03997628728369363,2.199636853084617,11.14669415736241,11.64196563609364,377.18228233883394
2022-09-30,04:33,1.6190162897109985,-1.4912101030349731,2.5051435574295007,2.1316963773794537,1.1115957498550415,303.4562683105469,0.0031803663966118115,0.003976257680867091,0.016851376755621986,0.037443298435775756,11.52256379240543,49.209603284251884,99.5593423930048,413.1101409900683
2022-10-05,04:32,-2.1372039318084717,2.124319553375244,3.372224991858168,5.249018158128468,1.513838768005371,303.2989807128906,0.0020000961737013326,0.003466815480434068,0.03288969930934317,0.0701501101672873,2.71714453287584,7.249422787076321,101.43077666785621,456.2394514659517
2022-10-10,04:32,0.09376128762960434,-0.2826641798019409,1.5623073248016428,1.9116947786781051,1.2235149145126343,303.5906677246094,0.002766221443958142,0.005667132616629265,0.00891133556412398,0.01719938586012886,10.229010419459051,17.373702327432664,23.715013951596447,369.39249052458075
2022-10-15,04:32,1.0337477922439575,-2.0032479763031006,2.7084922399409295,1.9828782198693728,0.842938244342804,303.7289123535156,1.59368959858137E-4,0.001092283409011722,0.007493373274602629,0.017382195122987342,0.0,1.5697007557277984,21.291706197054566,240.08392883588115
2022-10-20,04:32,-0.4179679751396179,-0.8506720066070557,1.5590284001306725,1.55463654846076,0.6898546814918518,303.7823181152344,0.007750621248109667,0.008928511188583406,0.02286632827581456,0.04516908109060818,0.0,5.906994536067039,66.2788418377962,274.39290345936075
2022-10-25,04:32,0.6442335247993469,7.363110065460205,10.126645712533774,6.0420583694123176,3.738987684249878,303.42156982421875,0.028939160061817543,0.020882423347205414,0.06371773673726659,0.07408755305888398,11.344564839756186,86.54938500137195,86.54938500137195,349.7955943033703
2022-10-30,04:32,0.12976105511188507,-1.7369800806045532,2.104559604979157,3.6764182572596136,0.8836143016815186,302.8506164550781,1.554141734160629E-4,3.8684143802424894E-4,3.9131746687164716E-4,0.06096775898628909,0.0,0.0,75.92909710155041,258.73503038032965
2022-11-04,04:32,1.0482286214828491,-3.5022788047790527,3.984646005240244,3.0587358101564766,1.05475652217865,302.95098876953125,4.1863095818781385E-6,1.2241317803815283E-4,0.0012218090628445396,0.002831935252045623,0.0,4.379148587687053,4.379148587687053,186.25457703225499
2022-11-09,04:32,0.5995509028434753,-3.060694694519043,3.4032207366436897,3.0011257363122756,0.7208593487739563,302.62060546875,1.862645149230957E-9,7.293422322712577E-7,5.989662018714485E-4,0.0017722199119504071,0.0,4.525762301210903,4.525762301210903,169.78246991474523
2022-11-14,04:32,0.3356517255306244,-4.225070476531982,4.417728734417953,3.9841498769478787,1.186976432800293,301.910888671875,-4.6566128730773926E-9,-4.6566128730773926E-9,-6.51925802230835E-9,2.5823909314985594E-4,0.0,0.0,0.0,161.73313772806605
2022-11-19,04:32,0.19181501865386963,-3.9060075283050537,4.051377165415252,4.145225784998896,0.9586859941482544,301.83966064453125,1.4803087448372559E-5,9.240090025600438E-5,9.240183157857901E-5,9.239344967540745E-5,0.0,0.0,0.8939999019191058,96.34829579218898
2022-11-24,04:32,1.6718627214431763,-5.267452716827393,5.699632414344028,5.438976844672344,1.1994179487228394,301.8370666503906,-5.587935447692871E-9,-5.587935447692871E-9,1.3998961249678773E-5,2.728785276335836E-4,1.0406734283499772,1.0406734283499772,1.4177023981470187,11.216613188964079
2022-11-29,04:32,-1.1383126974105835,0.46762293577194214,2.1382522507778545,2.200939436011856,0.6286271214485168,301.87127685546875,0.0032617952492015032,0.002115664724067748,0.0021711006995838128,0.0021711016309063874,2.8279687024305398,2.8279687024305398,4.423296226265173,14.599235986879274
2022-12-04,04:32,1.4957748651504517,-3.739424467086792,4.253863503461585,4.433311418455188,0.826042652130127,301.6501159667969,0.0,4.1882521000461303E-7,2.5052830815993974E-5,0.003087609436548089,0.0,5.013087599854246,7.841056302284784,15.23317499904647
2022-12-09,04:32,0.4968189299106598,-2.357135057449341,2.9564198547545573,3.3325913168342325,0.6898531913757324,301.191650390625,0.0,0.0,-1.862645149230957E-9,2.0750917833660946E-6,0.3004413601576051,0.3004413601576051,0.3004413601576051,11.007854057993171
2022-12-14,04:32,1.2219864130020142,-4.797493934631348,5.177443836688392,5.117953596965212,0.948017954826355,300.28790283203125,4.6566128730773926E-9,4.6566128730773926E-9,1.4901161193847656E-8,2.89710974185795E-4,0.0,0.0,0.3004413601576051,11.007854057993171
2022-12-19,04:32,1.0587223768234253,-2.2477338314056396,2.81504684045964,3.3712593750790036,0.5675886273384094,299.367919921875,1.3097484468245038E-4,3.7147662087534526E-4,3.7147475823019597E-4,3.714831401333675E-4,0.0,0.0,0.03785584266472008,10.151709998738783
2022-12-24,04:32,1.3986091613769531,-4.831742286682129,5.176355228360864,4.358557704587051,1.3122745752334595,299.1272888183594,1.862645149230957E-9,1.862645149230957E-9,-6.51925802230835E-9,8.266798864595022E-4,0.0,0.0,0.8623340475294863,9.59634164812125
2022-12-29,04:32,0.9765322804450989,-1.3966490030288696,2.4349373297457677,1.9934664511125315,0.7322008013725281,298.75897216796875,1.0337439530036027E-5,3.733658704204836E-6,3.7599536233560393E-6,3.7525030427591155E-6,4.563289099641518,4.563289099641518,4.563289099641518,10.777007949847574
2023-01-03,04:32,0.28999537229537964,-3.811432361602783,4.04013858180583,4.127566305610732,0.7682168483734131,297.9163818359375,1.862645149230957E-9,1.862645149230957E-9,1.862645149230957E-9,3.7674042039529635E-6,0.0,0.0,4.563289099641518,5.763920349993329
2023-01-08,04:32,1.8379980325698853,-3.3447000980377197,3.961746864031987,4.7140630203860985,0.7543495297431946,297.63067626953125,6.63357330303566E-8,5.704505025846864E-7,5.732444703085328E-7,5.741757928831483E-7,0.0,0.0,0.0,5.463478989835724
2023-01-13,04:32,1.7459415197372437,-3.989297866821289,4.687991923349034,4.489845708795629,0.9158064723014832,297.48785400390625,-1.862645149230957E-9,-1.862645149230957E-9,-4.6566128730773926E-9,6.768719426223209E-7,0.0,0.0,0.0,5.463478989835724
2023-01-18,04:32,1.2357772588729858,-5.349455833435059,5.773121903613373,5.08509174461801,0.8691918253898621,297.81964111328125,1.862645149230957E-9,1.862645149230957E-9,-9.313225746154785E-10,-4.6566128730773926E-9,0.0,0.0,0.0,5.425623147171003
2023-01-23,04:32,1.602440595626831,-5.486844539642334,5.811217921221033,5.479739180018913,0.9661633372306824,297.8768005371094,1.3969838619232178E-9,1.3969838619232178E-9,-8.847564458847046E-9,-6.05359673500061E-9,0.0,0.0,0.0,4.563289099641518
2023-01-28,04:32,1.772030234336853,-5.33503532409668,5.836171661527964,4.916958659044763,1.149352788925171,298.221923828125,4.6566128730773926E-9,4.6566128730773926E-9,-4.6566128730773926E-9,-7.916241884231567E-9,0.0,0.0,0.0,0.0
2023-02-02,04:32,2.2133448123931885,-4.814120769500732,5.58896244116286,4.313786093769786,0.9733685851097107,298.24700927734375,5.587935447692871E-9,5.587935447692871E-9,1.1175870895385742E-8,2.7939677238464355E-9,0.5675094102008166,0.5675094102008166,0.5675094102008166,0.5675094102008166
2023-02-07,04:32,1.612967848777771,-4.199198246002197,4.701313797930192,5.414830805177973,0.7965078353881836,297.5439147949219,2.7939677238464355E-9,2.7939677238464355E-9,3.725290298461914E-9,1.210719347000122E-8,0.0,0.0,0.6451700480045665,0.6451700480045665
2023-02-12,04:32,2.085178852081299,-3.1856303215026855,3.9854785015416194,4.41993341515508,0.614065408706665,298.2596740722656,5.587935447692871E-9,5.587935447692871E-9,-3.725290298461914E-9,-5.587935447692871E-9,0.0,0.5875150631922347,4.907299072244718,5.552469120249284
2023-02-17,04:32,1.4897433519363403,-2.478978157043457,3.4655891320958205,4.718863294534284,0.8282634615898132,298.24041748046875,1.862645149230957E-9,1.862645149230957E-9,1.862645149230957E-9,4.0023732259406806E-7,2.003553629274001,2.003553629274001,3.7725047747213067,9.324973894970592
2023-02-22,04:32,1.4196921586990356,-0.31385374069213867,2.104612337261869,2.9656801721829433,0.6266450881958008,298.38360595703125,6.925486320374059E-6,4.769617201872248E-6,4.780793072767632E-6,4.788243653364558E-6,0.0,0.0,2.4554681061300547,9.776888371826645
2023-02-27,04:32,1.6682621240615845,-3.4881887435913086,4.077925984003734,4.444837055918103,0.7074549198150635,299.3011474609375,-2.7939677238464355E-9,-2.7939677238464355E-9,3.725290298461914E-9,8.534641037878289E-6,0.0,0.0,0.0,9.776888371826645
2023-03-04,04:32,2.831772804260254,-3.768244743347168,5.14255727227982,5.302070975510448,0.707546055316925,299.49737548828125,-1.862645149230957E-9,-1.862645149230957E-9,-2.7939677238464355E-9,9.313225746154785E-10,0.0,0.060832512126478215,0.060832512126478215,9.270211473752308
2023-03-09,04:32,1.8001922369003296,-4.805871486663818,5.68458983039175,4.791915270801007,0.964381992816925,300.0260009765625,-9.313225746154785E-10,-9.313225746154785E-10,-8.381903171539307E-9,-7.450580596923828E-9,0.0,0.0,0.0,9.192550835948557
2023-03-14,04:32,0.7303854823112488,-0.7372159361839294,3.7124549939998306,5.035567821774669,0.6899718642234802,299.87091064453125,6.438718706953759E-6,3.4717526711045335E-6,3.4689587033806875E-6,3.4577828324853017E-6,0.0,0.3215334381219716,0.3215334381219716,4.606785201825811
2023-03-19,04:32,3.027280807495117,-2.5035359859466553,4.230370928438254,3.9177099147840693,0.938640832901001,300.1011962890625,2.449392980220271E-6,1.0640217245828291E-4,8.311953403317905E-4,0.0011846961850767055,0.0,3.450545859051212,3.450545859051212,4.284826286155715
2023-03-24,04:32,1.7032407522201538,-1.2862735986709595,2.6560820219263386,2.733103127087293,0.6504063606262207,300.29949951171875,1.9326023392233192E-4,4.332412678293313E-4,0.0038679359484595044,0.005913026144971019,0.0,0.0,21.223792629657634,21.606158579906083
2023-03-29,04:32,2.2804996967315674,-1.1271157264709473,2.971483688222673,3.877516669272099,0.7447541356086731,300.9783020019531,1.4899262391469055E-4,7.702700415815133E-4,8.419065101855042E-4,0.004190543038851541,0.05752421495047205,0.05752421495047205,0.05752421495047205,21.663682794856555
2023-04-03,04:32,1.6315267086029053,1.819724202156067,2.7365885403089423,3.2616732429410167,1.0515538454055786,300.97125244140625,0.002483333106718811,0.0024217110586123186,0.010247376875172892,0.011534134912792414,0.0,0.3063481932782774,0.36387240822874944,21.909198476008356
2023-04-08,04:32,2.783811092376709,-5.175868988037109,6.1512460192923415,4.831477571813361,0.9497230052947998,301.2665710449219,3.725290298461914E-9,3.725290298461914E-9,4.767365445138011E-5,0.009528661629293061,0.0,8.380954848519702,8.551346912913985,30.290153324528063
2023-04-13,04:32,3.5125949382781982,-2.4006543159484863,4.628719428336473,4.703014553629247,0.891987144947052,301.95709228515625,2.7939677238464355E-9,2.7939677238464355E-9,9.313225746154785E-10,1.3668036115342297E-6,1.7897279322466435,1.7897279322466435,10.170682780766345,31.758347818652734
2023-04-18,04:32,0.5537236332893372,2.249345302581787,2.965765118487836,3.3071580666547438,1.0074528455734253,302.690673828125,2.353231915656258E-5,2.0363568627192612E-5,5.413214897825604E-5,5.412656104280835E-5,0.0,3.1103977820109314,7.113766618981944,33.63184064633682
2023-04-23,04:32,2.2556114196777344,-0.5153905749320984,2.8254392276590727,3.826262682042486,1.1850005388259888,303.51715087890625,4.8576481640338896E-5,2.465922738315526E-4,0.004228025214943271,0.00463431857730692,5.899286717442324,24.871810220401862,26.175716926283954,41.46222827915266
2023-04-28,04:32,3.737194776535034,-1.6774903535842896,4.3186643066122805,4.822347224624683,0.9760564565658569,302.5322570800781,2.279356268106722E-4,3.299032989696563E-4,4.5919084466423065E-4,0.005940471249430075,1.5244096070201363,1.8595182113734974,26.562745955037176,48.39632628968623
2023-05-03,04:32,2.1391801834106445,-1.684741497039795,3.3106852310848347,4.296175500948128,0.7023845314979553,302.9406433105469,2.639333114904516E-5,3.616646603212594E-6,0.0013248715318322922,0.002600888672475674,0.0,0.867949998205546,2.727468209579043,48.9579280946135
2023-05-08,04:32,4.00062894821167,-2.835066080093384,5.141852324905918,4.874573776689911,0.9375800490379333,302.8778381347656,7.030561420263029E-6,7.583269961255431E-7,4.364302995042031E-4,0.0011651070921548776,0.0,0.0,0.0,40.57697324609379
2023-05-13,04:32,-4.3191094398498535,2.378455638885498,5.509795073372602,3.7456794551718318,2.3879737854003906,303.12567138671875,0.02287959791354689,0.014767297832815914,0.015303923296269731,0.015417329745278475,16.26710084073555,16.26710084073555,16.26710084073555,55.0543461545827
2023-05-18,04:32,-0.13230273127555847,3.905033826828003,3.965665296801626,4.264739649882619,1.4697498083114624,302.3447265625,0.0024782287212563496,0.0019264870832286637,0.01776664049266288,0.16435476101878993,0.0,0.0,115.5405118052035,149.00371843231537
2023-05-23,04:32,2.5241305828094482,0.7045747637748718,2.774785896474224,2.286962200398158,1.1788105964660645,302.7489929199219,2.830067941663312E-4,2.778388548249043E-4,6.727535348948608E-4,0.025533182007563354,0.0,0.2765429909302815,2.527029361039316,125.92711338993242
2023-05-28,04:32,0.8506314158439636,0.2720058560371399,1.6074009588828295,2.0699365391394595,1.1693615913391113,303.3830871582031,1.879864682753881E-4,5.020379295136865E-4,0.012844361315672256,0.028627391054254513,0.0,0.0,44.79600950917387,163.73150067362224
2023-06-02,04:32,0.9490944147109985,2.300686836242676,2.7930379039752666,2.8713076637824866,1.0133436918258667,303.57318115234375,0.0038735257534711965,4.517561061920957E-4,0.007640705681087808,0.008979272265102922,38.95692978926285,79.57225774098438,79.57225774098438,242.435808416401
2023-06-07,04:32,1.8070037364959717,-1.4329864978790283,2.648452610441949,2.1290268141307913,1.1372181177139282,303.4604187011719,0.03561484369942371,0.025781083274555562,0.04442184974871359,0.05608603949022266,21.668128897661823,62.85853672032449,140.16713176278043,319.49485996794755
2023-06-12,04:32,-3.0207414627075195,3.8033125400543213,5.349035079682909,5.410399694369737,1.860099196434021,303.38873291015625,0.01706090860945337,0.009759793933442416,0.09138223739903938,0.170922197716785,17.65658994366434,49.60568856910997,221.19515295976765,461.9610004818137
2023-06-17,04:32,-2.844266653060913,5.740740776062012,6.435656283014441,6.353817929942192,1.5588247776031494,302.82733154296875,0.006170219113575477,0.0066481399885909035,0.016119896423642373,0.05595739703918527,35.97836176949801,42.43330620717795,92.03721239355914,405.12089572452385
2023-06-22,04:32,-0.19467000663280487,4.915402889251709,5.044743783025398,4.643391309535695,1.551302433013916,302.64703369140625,0.03581275108507743,0.02903741646623605,0.050220098960604795,0.07625604419791628,3.6424687840882037,12.081000345372557,90.96718424185177,457.29470070103054
2023-06-27,04:32,-0.0338757187128067,7.03059720993042,7.227486980654041,6.3226196646881645,2.1508841514587402,302.4665832519531,0.06366150572019465,0.05657805802057618,0.09435786445399527,0.20399950161830793,63.62348428182141,83.18915214966427,114.65903126524319,523.3658205741707
2023-07-02,04:32,0.1205749586224556,2.690276622772217,2.932281220716138,2.4542863781180504,1.178934931755066,303.0622253417969,9.401809022414918E-4,0.0016994537432787954,0.0035815028768750087,0.10605078335469646,1.7947315206340524,1.7947315206340524,132.70091171925873,511.59877017364187
2023-07-07,04:32,-2.8943827152252197,6.221621990203857,6.910642269752581,7.703752476652117,2.2733094692230225,302.5259704589844,0.02961357606611415,0.01875654283108857,0.04236758526368357,0.055423287549451396,0.0,0.0,48.31101295185307,481.05600005331416
2023-07-12,04:32,-2.9221222400665283,4.18742561340332,5.241436796629734,4.2393320625299875,1.5252662897109985,302.4365539550781,0.009881113469600678,0.006396615446793922,0.0246557497788668,0.07896657396246744,0.0,41.63551103687699,41.63551103687699,363.95826973558957
2023-07-17,04:32,-2.392503023147583,4.585139274597168,5.421734477364844,5.592941791910151,1.8021728992462158,302.3363037109375,0.022453727125756297,0.016366076587234657,0.0650532271348588,0.11139609287859291,0.0,39.96457290775824,156.33461961748642,436.8463814426919
2023-07-22,04:32,-5.313411235809326,5.8053693771362305,7.903933673160043,7.100497633434546,2.416227340698242,302.2988586425781,0.018790834196204063,0.008162922380630922,0.018985019506516387,0.056399186266640186,12.13978454974911,19.538890125859062,19.538890125859062,401.68443723100495
2023-07-27,04:32,-2.8329131603240967,5.9430084228515625,6.6390631705528556,7.227984874502356,2.450765609741211,302.8979797363281,0.02572757611233814,0.018106649543966624,0.026303445075312726,0.04275744593573067,4.107890145085217,25.51540805662039,43.4366266618661,321.5553268544442
2023-08-01,04:32,-6.727656841278076,3.758547782897949,9.36573830862769,6.644043478038384,2.639033794403076,302.51348876953125,0.024451128597937376,0.01326097670063284,0.022969025609471037,0.07158876691682661,5.287821123996863,110.1092603031482,121.72933177311079,363.8593798171369
2023-08-06,04:32,3.970418691635132,5.241550922393799,6.672152316908755,6.168462121028542,2.127358913421631,302.2091064453125,0.03337191162521348,0.036404028877145445,0.08825621436163011,0.193063892900373,18.90724103899899,156.82736434625355,367.1004260518979,577.6859612857993
2023-08-11,04:32,-0.9355477094650269,2.451341152191162,2.7440299158643806,3.6847874340695594,1.5814000368118286,301.7069091796875,0.007958569151221537,0.009152119242688392,0.048566468031575626,0.22123282882057166,0.0,66.5448429624979,402.28604496234584,869.1666215502299
2023-08-16,04:32,0.7167879343032837,1.8369423151016235,2.4623566738840226,2.529177567591363,1.3020375967025757,302.0916442871094,0.021887450394969362,0.018382777860985904,0.045438208937833915,0.08696720613346012,3.8703030356028654,7.3584036532209245,81.76458906007912,835.6097926960285
2023-08-21,04:32,1.317447543144226,0.7663392424583435,1.71692918932117,4.173903323297909,1.6587222814559937,302.084228515625,0.0018540299771463169,0.00594571199148554,0.01123376641958551,0.05743537520928073,6.423500758532569,6.423500758532569,23.055172223507547,831.7676711404563
2023-08-26,04:32,4.022757053375244,4.521775722503662,6.0881283341789505,5.94992781775376,2.25066876411438,301.6875915527344,0.030834335852049144,0.030870553650787225,0.11067563938613265,0.1516794635110205,68.27140479397778,81.7926664147728,172.3357833089252,966.9419346850957
2023-08-31,04:32,-1.4841296672821045,1.8233156204223633,2.854780746805133,2.5284250123931264,1.0639795064926147,301.8700866699219,0.012138455317300907,0.01595545924648519,0.025162846733108316,0.15841792341163596,10.368046017748158,64.18985121112192,208.26053633110087,983.3005442982754
2023-09-05,04:32,-2.4164650440216064,2.8043041229248047,3.92084374064313,3.3701359402325677,1.5620025396347046,302.0122375488281,0.008564217151233962,0.012658835056104831,0.04331832052368525,0.10469245739420009,18.348101870429595,86.8100800231984,225.8106788200594,884.5785090073316
2023-09-10,04:32,1.503125786781311,0.6756327748298645,2.1082615495072243,3.743182075596375,1.5912582874298096,302.1394348144531,0.003113951738558563,0.0014130547295631089,0.036820116129898564,0.09883119850891871,18.303981377171095,27.426451121536154,91.4084074776421,599.5712703969324
2023-09-15,04:32,-2.6913065910339355,4.303811073303223,5.316601675772449,6.959740575186428,2.247483730316162,302.28863525390625,0.007222910181564443,0.00536677078874184,0.02666506912331743,0.07650531155556656,3.40030526033081,13.807871996927952,111.11844542870675,608.9500352919298
2023-09-20,04:32,-5.846451282501221,7.57811975479126,9.61100760633269,7.1985374000579885,2.507307767868042,302.53021240234375,0.01792980446023684,0.008402573951282858,0.129763519433838,0.1543575488628654,1.531699154105321,94.80650555588531,126.20770037065434,707.7033637722869
2023-09-25,04:32,1.6088886260986328,0.2153337597846985,1.9684588594462615,2.063000479455819,1.3034842014312744,302.96697998046875,0.002468566158238579,0.0018891183279578115,0.017860301840167268,0.06586664698161879,0.0,11.359243279830732,28.469346573338836,554.1505832991062
2023-09-30,04:32,-5.7310614585876465,5.97772741317749,8.400234397406068,4.988007864088911,1.6999092102050781,303.05950927734375,0.026645986217201923,0.019361654468127536,0.04790576967250703,0.07848719031575058,20.34152706748151,39.711242052817745,73.15708515070968,489.48055525365726
2023-10-05,04:32,-2.4244377613067627,5.0217390060424805,5.625761571903172,5.545083331174359,1.8549118041992188,302.7132568359375,0.00477419817710624,0.002787716779279413,0.03331914030480167,0.10171424377734696,0.0,41.74620509997271,86.91249037224085,376.06645669883653
2023-10-10,04:32,0.399495929479599,0.16479341685771942,1.2728235263459557,1.8211118617085091,0.9882792234420776,303.4212341308594,1.4610460721978951E-4,5.075294470441514E-4,0.0017891720749098447,0.021935490082455777,0.0,0.17145780966411336,57.22289751866263,343.43421642661787
2023-10-15,04:32,1.4045082330703735,-2.4841418266296387,3.094283661625562,2.223261715043261,0.8503630757331848,302.7893371582031,6.55880307450014E-5,5.337949379445603E-5,0.00580154464717021,0.02110296103227922,0.0,27.76299428986007,35.67104359854552,287.9619060700868
2023-10-20,04:32,0.5051785111427307,-2.4485528469085693,2.930284836080695,2.283243693357059,1.0383411645889282,303.4622497558594,2.7387348168036515E-6,-3.725290298461914E-9,1.3296506088034213E-4,0.002412218594726939,0.0,0.0,1.0381380403524996,173.51180901944315
2023-10-25,04:32,-3.160860776901245,7.562504768371582,9.219890262863894,5.63253810089083,2.463923931121826,303.1952819824219,0.040107827874667504,0.0354356367997131,0.06297741012404795,0.06398951339749445,110.8829554394195,190.40128157608606,190.40128157608606,351.55358851831716
2023-10-30,04:32,0.05978255346417427,-2.578906297683716,2.8866313985103123,3.4043612204328126,0.6784579157829285,302.8248596191406,1.4358247612036908E-5,4.622199250612693E-6,4.360407463604619E-5,0.06057811361943867,0.0,0.0,161.0872637349794,289.75574664743823
2023-11-04,04:32,0.7588924169540405,-3.3537111282348633,3.7635379349948757,2.3512920639133417,0.7864485383033752,303.1161804199219,5.099629873738569E-5,1.0597780848203485E-5,0.007591036015805281,0.008331080911657919,0.0,0.0,0.0,241.54901759332154
2023-11-09,04:32,1.209012508392334,-4.643160343170166,4.953174576058136,4.710967286691197,0.9244871139526367,302.5441589355469,-9.313225746154785E-10,-9.313225746154785E-10,-9.313225746154785E-10,0.005302365446042879,0.0,0.0,0.08590768412488653,226.15823285875652
2023-11-14,04:32,0.08242310583591461,-1.5308481454849243,2.008479424557468,2.439834626733527,0.758842408657074,302.43701171875,5.8604806077246574E-5,1.306547137366812E-5,1.4330658629752588E-5,1.4707084560061091E-5,0.0,0.0,0.0,190.48718926021095
2023-11-19,04:32,-1.978472113609314,2.614431142807007,3.5536804267729334,5.339807607812697,1.0099382400512695,302.064453125,0.013353931147824315,0.004351281141573043,0.08624494573733853,0.09178368703753342,0.0,91.22889714558269,98.20318177910198,288.690371039313
2023-11-24,04:32,0.23713870346546173,-2.6092031002044678,3.034601887458623,3.5245565186368197,0.5796083807945251,301.83294677734375,3.261367479960124E-6,3.3286461841862643E-6,0.001584840302141557,0.03902058920477889,0.0,0.0,27.019702209212046,98.28908946322687
2023-11-29,04:32,0.20558004081249237,-1.9637175798416138,2.3130633502165314,2.1827044603514834,0.44393396377563477,301.6986999511719,1.5786063729547985E-6,1.2215115052819497E-6,2.3184218839211987E-5,5.651996364936572E-5,0.0,0.0,0.0,98.28908946322687
2023-12-04,04:32,0.447977751493454,-2.230407476425171,2.5941579365856833,2.1771575479435805,0.60973060131073,301.09698486328125,5.328809367675407E-5,3.05360426073489E-6,7.691779067859394E-5,8.015411734334185E-5,0.0,8.83311681741359,15.563885899851764,113.85297536307864
2023-12-09,04:32,0.8806936144828796,-2.350346803665161,3.321562748806033,2.9682710802715455,1.1057496070861816,301.506103515625,0.010501200731332394,0.005034861741992443,0.03238973763335581,0.032393112900622544,0.22679111255603937,9.384705610199907,13.173570676825953,126.42817281765078
2023-12-14,04:32,1.222193717956543,-4.146859645843506,4.551283080091232,4.151848538573644,0.8568843603134155,300.2660827636719,-3.725290298461914E-9,2.3463249252819867E-5,3.814540888273445E-5,0.02994621218776033,0.0,0.0,9.384705610199907,126.42817281765078
2023-12-19,04:32,1.2212963104248047,-2.7887141704559326,3.1733752640465647,3.082174125149137,0.7805435657501221,299.127685546875,9.313225746154785E-10,9.313225746154785E-10,1.0026564848595769E-7,3.825778172469041E-5,0.0,0.0,0.0,28.22499103854877
2023-12-24,04:32,0.3276563584804535,-1.4724243879318237,1.8441870894013699,1.8369461527137938,0.6306290626525879,299.19097900390625,1.7296074360024694E-4,2.642695379383692E-4,2.708312154865167E-4,2.7099927871894887E-4,0.0,0.0,0.0,28.22499103854877
2023-12-29,04:32,1.1342411041259766,-2.607682466506958,3.0014758035865796,2.6229890103993254,0.6025074124336243,299.3030090332031,-9.313225746154785E-10,2.4124729306307882E-5,1.1816058369588654E-4,9.332737368656859E-4,0.0,0.0,0.0,28.22499103854877
2024-01-03,04:32,0.9290067553520203,-3.538325071334839,3.9550657354981986,3.3299808097187102,0.7543600797653198,298.85247802734375,-2.7939677238464355E-9,-2.7939677238464355E-9,2.67753119177453E-6,9.259986392305258E-5,1.4426742821605172,1.4426742821605172,1.4426742821605172,14.10377942085752
2024-01-08,04:32,1.1386206150054932,-5.189626216888428,5.447753385739579,5.048192252485465,1.3072251081466675,298.5354919433594,-6.51925802230835E-9,-6.51925802230835E-9,-6.51925802230835E-9,-6.51925802230835E-9,0.0,0.0,1.4426742821605172,1.4426742821605172
2024-01-13,04:32,1.6870695352554321,-5.662237644195557,6.0418377500152,6.372983334651092,1.3370903730392456,297.51251220703125,8.381903171539307E-9,8.381903171539307E-9,1.0244548320770264E-8,-1.862645149230957E-9,0.0,0.0,0.0,1.4426742821605172
2024-01-18,04:32,0.944546639919281,-4.372919082641602,4.566222962632906,4.334765934667843,0.7667694091796875,296.4996032714844,-5.587935447692871E-9,-5.587935447692871E-9,-8.381903171539307E-9,-4.6566128730773926E-9,0.0,0.06678028812282034,0.06678028812282034,1.5094545702833377
2024-01-23,04:32,1.867727279663086,-5.184478759765625,5.669469180675951,4.8788898296676955,0.9927961826324463,296.52392578125,6.51925802230835E-9,6.51925802230835E-9,3.725290298461914E-9,1.3643391738890614E-5,0.0,0.0,0.0,1.5094545702833377
2024-01-28,04:32,2.0232186317443848,-5.07026481628418,5.6615666146468895,4.714879457998546,0.949707567691803,296.2726135253906,-2.7939677238464355E-9,-2.7939677238464355E-9,0.0014957778404542006,0.003749815278588244,0.0,0.0,0.0,1.5094545702833377
2024-02-02,04:32,1.2773282527923584,-2.2427382469177246,2.9993987737617407,3.228308396148459,0.7185121178627014,295.791748046875,-1.862645149230957E-9,-1.862645149230957E-9,1.862645149230957E-9,-1.3969838619232178E-8,0.0,0.0,0.8609227901692598,0.9277030782920802
2024-02-07,04:32,2.3107478618621826,-3.0307581424713135,3.991628612822876,4.180536988090573,0.6743671298027039,296.71453857421875,1.862645149230957E-9,1.862645149230957E-9,2.7939677238464355E-9,9.313225746154785E-9,0.0,0.0,0.0,0.9277030782920802
2024-02-12,04:32,1.8097460269927979,-3.7737207412719727,4.461151436513322,5.538999499572256,0.6050553321838379,296.5599060058594,0.0,0.0,-5.587935447692871E-9,3.83519793149107E-8,0.3736277442181441,0.3736277442181441,0.8523792166324587,1.780082294924539
2024-02-17,04:32,2.356111764907837,-4.545112133026123,5.2567682568346745,5.135104644092447,0.7237634658813477,297.09954833984375,-9.313225746154785E-10,-9.313225746154785E-10,-3.725290298461914E-9,-8.381903171539307E-9,0.0,2.8201063832427176,3.3883854672035456,4.72805972978712
2024-02-22,04:32,-0.2578767240047455,1.8206872940063477,2.33190811393939,3.3144057376744573,0.5996679663658142,297.36541748046875,3.918882678536808E-5,1.4574682498138638E-5,2.2405497228445226E-5,2.2385939454378307E-5,0.0,0.0,0.0,4.72805972978712
2024-02-27,04:32,2.378758668899536,-4.936957836151123,5.73594092249596,4.65146393361739,1.1262454986572266,298.163818359375,-2.7939677238464355E-9,-2.7939677238464355E-9,1.8425083354763363E-5,8.729301821093382E-5,0.0,0.0,2.4947872813003813,7.2228470110875
2024-03-03,04:32,3.274521589279175,-3.739743947982788,5.284675949892084,5.499982298406995,0.7347371578216553,297.9164123535156,1.862645149230957E-9,1.862645149230957E-9,-2.7939677238464355E-9,-3.725290298461914E-9,0.0,0.0,0.0,6.361924220918239
2024-03-08,04:32,3.2051351070404053,-5.659107208251953,6.639862173868792,6.409589903172844,1.068385362625122,297.8444519042969,1.862645149230957E-9,1.862645149230957E-9,2.7939677238464355E-9,0.0,0.0,0.03750985762065932,0.03750985762065932,6.399434078538898
2024-03-13,04:32,2.2598655223846436,-1.0046199560165405,3.6232990871799835,4.678502723057537,0.8594792485237122,297.87359619140625,5.600510128572876E-6,6.59204965484315E-6,6.599500235440075E-6,6.612538751484692E-6,0.0,0.21843465030299683,0.3516152089692912,5.898670070875731
2024-03-18,04:32,2.9421274662017822,-4.173011302947998,5.370203042943672,5.056892157419051,0.908596932888031,299.522216796875,-2.7939677238464355E-9,-2.7939677238464355E-9,3.326916970759939E-5,7.803072115525945E-5,0.0,0.27450626078169776,0.3096667979403536,3.193579145830685
2024-03-23,04:32,1.9738115072250366,-0.33225804567337036,2.103420781578793,3.636169430468926,0.6750766038894653,299.05938720703125,4.657928083165019E-4,9.070813528591804E-4,0.009475474313333414,0.009477799994520088,0.0,1.8321645180971804,2.106670778878878,5.025743663927867
2024-03-28,04:32,2.674631118774414,-0.8888031244277954,3.1891981445393873,3.688069173939434,0.7818609476089478,300.1186218261719,-1.862645149230957E-9,-1.862645149230957E-9,3.8095804868462664E-5,0.0068750913692618995,12.152464985975097,12.945306635535008,14.777471153632188,15.476263018162493
2024-04-02,04:32,-0.5954371094703674,4.02957820892334,4.391601338342084,3.5167978561036346,1.3263698816299438,301.1928405761719,1.2777578450885472E-4,3.065169783112425E-4,5.035897018869965E-4,7.233193990683828E-4,0.0,0.15917582722181814,15.049830400788776,17.580786783416265
2024-04-07,04:32,1.90530264377594,1.3082709312438965,2.6179919367630142,2.450970122131088,0.9494643211364746,301.4375,1.871009923371614E-4,8.381439534866291E-5,1.0142581707047874E-4,8.655275790865378E-4,0.0,0.0,2.477970747008118,19.862071845581898
2024-04-12,04:32,2.3056674003601074,-1.7324986457824707,3.6425926074835275,4.435039834574787,0.7246467471122742,301.9688415527344,-9.313225746154785E-10,-9.313225746154785E-10,-9.313225746154785E-10,2.867433552940687E-4,0.36618502566820227,2.5799880191207545,2.658724410949157,22.169181047561768
2024-04-17,04:32,1.9459261894226074,1.1164400577545166,3.0075736657174983,3.998598870675268,0.6691530346870422,302.24420166015625,1.1248057525531918E-5,3.3533454469673136E-4,3.73433670896736E-4,3.735258988264802E-4,0.0,0.2679139417462979,4.669959588808853,25.61148770974435
2024-04-22,04:32,1.2720460891723633,4.214471340179443,4.4360064498666745,4.667426209359989,1.3645176887512207,303.1542663574219,9.068994435901736E-4,9.433130943843049E-4,0.00224370019525814,0.00466800862672598,5.721210910482063,5.721210910482063,11.309148827727086,34.82055807762794
2024-04-27,04:32,2.2402184009552,0.8923019170761108,2.8428905421925896,3.093639663510599,1.1793309450149536,304.100830078125,2.2570438244763544E-5,1.0504960959804233E-5,1.230912223288608E-4,0.002458314393024205,0.0,0.0,5.721210910482063,21.875251442092946
2024-05-02,04:32,1.1185190677642822,5.1158952713012695,5.268769846592114,4.744459203423926,1.625024676322937,303.4449462890625,5.639885278309093E-4,9.60006516457653E-4,0.0016175706419654147,0.0018590012677091,0.0,1.9861880552820366,1.9861880552820366,21.756915732121207
2024-05-07,04:32,-0.5250980257987976,1.0414564609527588,4.22939219291217,3.9812490125732825,1.6130353212356567,303.67596435546875,6.775686590402734E-4,0.006449984293045403,0.010729998123579455,0.041180195243485415,67.6486597345582,133.43558248149898,174.58689605796516,194.02501687030005
2024-05-12,04:32,1.9368841648101807,-0.7695655226707458,2.6207821432126654,2.8667945405955173,1.1115143299102783,303.1766357421875,4.278057273112091E-5,1.8598299134160173E-4,6.658401615979385E-4,0.009360092946600099,0.0,0.0,87.63224476316645,191.3662924593509
2024-05-17,04:32,3.8075993061065674,-2.0547475814819336,4.441177589906853,4.193332458520972,0.8206196427345276,303.7996826171875,6.914913069968129E-6,1.9002339453677463E-5,1.8748501219302728E-4,7.118485245167222E-4,3.92262175975095E-4,3.92262175975095E-4,3.92262175975095E-4,187.61471126140395
2024-05-22,04:32,1.0979647636413574,0.3309769332408905,2.4865497144106823,3.087469112946306,0.8228657841682434,304.32562255859375,5.552506914325789E-4,2.718346818170933E-4,0.0011727388554848498,0.0028278405805104885,0.0,0.5664357301251349,1.1253319119372793,177.69841602518446
2024-05-27,04:32,-5.280414581298828,9.918298721313477,11.37290979941538,10.011610315267076,4.245862007141113,303.78204345703125,0.04105859667281894,0.02984334055650555,0.04530878520260256,0.071006966885912,48.3415285072064,84.89634458056643,85.37068095732911,262.59476060575093
2024-06-01,04:32,0.6273265480995178,1.709328532218933,2.308707443976149,3.700843215491849,1.4723178148269653,303.6942138671875,0.005826941435681838,0.004888292659444284,0.012549040933558044,0.14047302975652903,0.0,0.0,219.9614886263697,414.22758260391436
2024-06-06,04:32,0.34425732493400574,2.407050609588623,2.7573741373106047,3.060655944180019,1.61324143409729,303.75982666015625,0.003940813794878183,0.0027070112379873265,0.0187486583139462,0.03721179974537274,8.588640227987543,53.378900029019306,104.43468226282809,344.0753688087773
2024-06-11,04:32,3.649582624435425,1.435505986213684,4.031821799401384,3.6052400867671315,1.971523404121399,303.531005859375,0.003866829398069896,0.00296828510359269,0.010324025780201636,0.041123147517843774,39.7812823228255,75.97158492479947,172.03226890962642,481.11737659297285
2024-06-16,04:32,-1.5564202070236206,5.238015651702881,5.550789005074048,4.894159959076002,1.7348419427871704,303.2741394042969,0.008843330600682427,0.005155824571192328,0.02729895145788511,0.07579605700062515,6.813414059200672,71.49582611531768,216.40348013110403,639.530595202049
2024-06-21,04:32,2.1389925479888916,3.585906744003296,4.863515286034741,5.033774632051254,1.8709636926651,302.4172668457031,0.09814006689132429,0.07742190479221861,0.12216606917241529,0.1446578930398183,2.246509995413106,121.36232319933215,178.96404139720264,764.7434071502907
2024-06-26,04:32,-1.4111316204071045,2.3987228870391846,3.480846970863874,2.8271984977956737,1.343611717224121,302.7621154785156,0.008104461504548202,0.005295772290562993,0.019896678097245303,0.13800709754880322,62.258719649692864,128.8745187526511,220.94291736273132,817.4748419571798
2024-07-01,04:32,2.7745213508605957,7.785316467285156,8.35188579818095,8.256634400613637,2.6860718727111816,302.6336669921875,0.0482362561987019,0.04558698074818892,0.09080553609553887,0.12492798609508675,80.68076833957862,92.55507279016092,217.9373198553703,792.2224047869648
2024-07-06,04:32,-0.52656090259552,3.9121360778808594,4.076511253089825,5.26233217185323,1.580142855644226,302.258544921875,0.011122871226831978,0.006987503351832645,0.06915259987258546,0.2922542192997299,0.0,39.818416689294885,470.25608040058216,1077.36303458514
2024-07-11,04:32,1.5287387371063232,3.993783950805664,4.347933243115378,4.603782852876268,1.3397371768951416,301.9634094238281,0.02284011680121515,0.02063604977703027,0.04311186971054191,0.10838991320088474,31.401474547453013,109.35219148679131,140.71116813603268,1081.0321949369775
2024-07-16,04:32,-5.235307693481445,6.160637378692627,8.100507726663484,7.251725750164831,2.2498419284820557,302.22705078125,0.010649825647181156,0.002858982716472994,0.036184056458597534,0.1357349987073337,29.53897703561192,29.53897703561192,157.66609712960974,974.2527092667459
2024-07-21,04:32,-2.0087153911590576,7.342280864715576,7.785500235587492,8.244071620779579,2.9698681831359863,302.389404296875,0.04737529490216105,0.02459244888013626,0.03313003440327772,0.04616289949102432,0.0,16.201720957642998,127.16982573471047,945.5458063678415
2024-07-26,04:32,3.0714783668518066,4.83394718170166,6.107185008335764,5.96056005996718,3.3714001178741455,301.9382629394531,0.1053114751609517,0.075474572158274,0.18161970313867906,0.2814460403462351,11.151793282280579,74.05911065130066,89.7012814072787,897.6193083876648
2024-07-31,04:32,3.5316874980926514,4.9471588134765625,6.122874993208548,6.255683610378955,1.7402809858322144,301.6233825683594,0.041035808363527645,0.0337972841673872,0.07807814634084993,0.34134958041099134,109.93888276931796,113.50622010310023,134.72657125367516,888.8836386905954
2024-08-05,04:32,0.10467381775379181,2.772493600845337,2.97012758164872,4.577981711919939,1.4983659982681274,301.4587707519531,0.021314304442528416,0.016993225504900664,0.046555269829635794,0.24705444621384978,33.52770013938046,176.38648458165292,706.483118989873,1095.078755951511
2024-08-10,04:32,-1.07113778591156,3.5986645221710205,3.8195834233546098,5.204776670350358,1.5916999578475952,301.6537780761719,0.007668522431277761,0.007149091739531445,0.05254670982461184,0.12017078031535121,7.3290517812354965,68.0941017510664,201.31412942173094,1098.2091510010346
2024-08-15,04:32,1.1935547590255737,3.355017900466919,3.7926797227008016,2.627225066031488,1.50448477268219,301.4542541503906,0.03394673337940784,0.022779154361806057,0.04414416084405397,0.08317513516998037,8.846767244185836,25.04276194906708,128.23985952211527,1122.162797278881
2024-08-20,04:32,0.2647153437137604,6.211738586425781,6.301838247910485,6.046108567176688,1.6879925727844238,301.3717346191406,0.020782598447712027,0.01710166017993452,0.0787313707374368,0.19577956899728696,93.82130042277154,234.9250816786681,430.02886886197984,1430.5377244043555
2024-08-25,04:32,3.4377293586730957,5.02346134185791,6.236535875211732,5.178450689179357,1.8327854871749878,301.3370056152344,0.059583296188536805,0.05632551772111167,0.112474950955984,0.18604804948695375,75.4453105863308,158.42366671604736,387.3965968690901,1569.6160101269932
2024-08-30,04:32,-3.1401865482330322,3.163731336593628,4.80918949123479,4.187635017359721,1.5271908044815063,302.2648010253906,0.001851656101644039,0.004179812664085109,0.021952372113740223,0.224806257001053,6.417088348100356,31.903275769722573,269.50526113888145,1615.0984627365242
2024-09-04,04:32,-0.8236631751060486,2.0001957416534424,2.564241086463303,2.8024275386057513,1.5082883834838867,302.32489013671875,0.008584571556717742,0.008443681568516647,0.02455545434155588,0.04510208218566703,16.94989314326029,53.218788859688004,95.37100552957092,1096.7407957812275
2024-09-09,04:32,-3.9495887756347656,5.499053478240967,6.834953424765856,6.6884257742395405,2.2453486919403076,302.9875793457031,0.012031428019205728,0.004593255850592509,0.013112383105986853,0.046109381523253265,0.0,12.174703674501158,100.42983829129751,1004.5553350536728
2024-09-14,04:32,1.2001298666000366,8.398934364318848,9.272175439710555,7.849064174602404,2.269705295562744,302.6655578613281,0.09500781227560604,0.09571488599599519,0.33783109094291985,0.3784726643414231,102.8427894337518,224.89841902074292,261.4719607341785,1187.4924063191372
2024-09-19,04:32,0.7196750640869141,-0.7275435328483582,1.9123490223726278,2.7651761543051285,1.1644797325134277,302.2936706542969,0.00662230697332644,0.00887181595985934,0.012020493146055236,0.30894235547778526,31.435781577579714,31.435781577579714,281.3695811204815,863.5387608793476
2024-09-24,04:32,-5.735105037689209,4.819347858428955,7.558667705015702,4.103733299193834,1.7205392122268677,302.7055358886719,0.013196161681530521,0.015517454463255826,0.03317959905904766,0.05413716574880153,28.644488356534595,74.3274427440195,172.40039136829708,775.7238035401487
2024-09-29,04:32,2.0091850757598877,-0.45925650000572205,2.323122349489123,3.001248011984793,0.9493601322174072,303.2221984863281,0.001541332170075061,0.001244083941599844,0.008569977051476269,0.07499294152664596,5.544684104617991,10.782850587024635,121.55058855367442,659.8347344588842
2024-10-04,04:32,-1.9785785675048828,5.057405948638916,5.584967788037925,4.465791425531663,1.3848248720169067,302.8777160644531,0.016452635970770145,0.009919443979519988,0.13869239874261258,0.15102195789108117,20.975348557533728,119.60939843038986,150.69236436499156,727.5696523526354
2024-10-09,04:32,1.6201496124267578,-2.2173805236816406,2.979063300495565,2.4800635737111203,0.7944002747535706,302.6942443847656,1.577676511278339E-5,1.4723902163298234E-4,0.008950070071171035,0.10938330071806662,0.4843886926774007,0.9450040406789397,113.55593400210589,705.5079608128018
2024-10-14,04:32,0.26527276635169983,-1.232352614402771,1.7055554012813283,2.055953214245906,1.214571237564087,303.5951232910156,7.938291512283624E-4,6.446547142960763E-4,0.0028933777819015473,0.0076791790948397875,0.0,0.05903067225374312,4.176214067588921,450.2143280953799
2024-10-19,04:32,0.9731731414794922,-1.3429889678955078,2.174215626726039,2.0276729455943703,1.5830177068710327,303.6455993652344,7.221745509727328E-6,7.76657159777655E-5,0.0010804103274769912,0.004309334369920055,0.0,0.0,0.0,368.1621977105968
2024-10-24,04:32,-6.377359867095947,3.8502025604248047,7.562964338396577,4.007371879577204,2.804790735244751,303.4779357910156,0.0025810148201736746,0.002762712553667973,0.01775406507725054,0.018952605640419274,29.63666019415387,41.87186484330775,47.561912918577,274.75950083845646
2024-10-29,04:32,2.2339401245117188,-2.440504789352417,3.5565514573144106,3.0048938907025375,0.8967253565788269,302.8922424316406,7.610695034849877E-6,5.030632019042969E-5,2.5407275798157875E-4,0.016373661487492468,0.0,0.0,32.274023266213,225.5352141240285
2024-11-03,04:32,0.4689871370792389,-2.8421432971954346,3.4824244691235418,3.8640240816335014,0.9794957041740417,303.1215515136719,1.5183991076899509E-6,1.4778990182817351E-6,1.642269624192769E-4,2.4495312392588237E-4,0.0,0.0,0.0,80.38753386365494
2024-11-08,04:32,-0.41232237219810486,-0.6961981654167175,1.3519920465061366,1.9013802144667922,0.6324553489685059,302.8646545410156,7.969145681343826E-4,0.0010621044206323093,0.011086019176380482,0.012970744206051403,0.0,2.1251269519435425,2.1251269519435425,52.91824989743053
2024-11-13,04:32,0.706274688243866,-1.794921875,2.579112089806878,2.376668574381968,0.8058778047561646,303.07318115234375,1.4893587897805605E-4,5.532135380968052E-4,0.0018773444197439505,0.004983539660278068,0.0,3.5341405272939624E-4,3.5341405272939624E-4,49.68739328457328
2024-11-18,04:32,0.7035859227180481,-2.565842866897583,3.0717692014191216,3.683546452642103,0.7170286774635315,302.2474365234375,0.0,0.0,0.0,7.348717122838117E-4,0.0,0.0,3.5341405272939624E-4,49.68739328457328
2024-11-23,04:32,0.9388764500617981,-3.245651960372925,3.7599867002882856,3.451808846740873,0.8328857421875,301.9530029296875,0.0,3.172941583037129E-5,3.3470908060330537E-4,3.3736228942871094E-4,0.0,11.989300012600653,11.989300012600653,14.114780378596926
2024-11-28,04:32,0.14728610217571259,-2.3999576568603516,2.901668147761035,3.188820143274546,0.5679482221603394,301.2897644042969,0.0,2.626059711843297E-7,2.626059711843297E-7,2.550313685004509E-4,0.0,0.0,8.232564947588722,14.114780378596926
2024-12-08,04:32,0.46475473046302795,-4.756465435028076,4.93884770949316,5.991041056024162,1.0638401508331299,300.1120910644531,0.0,0.0,0.0,0.0,0.0,0.8049124607467358,1.472587877015146,19.630731627462833
2024-12-13,04:32,1.136731505393982,-4.171087741851807,4.617215514950002,5.571180767855808,1.201560378074646,299.3556213378906,0.0,0.0,0.0,0.0,0.300815564735854,0.300815564735854,0.300815564735854,19.93119377814596
2024-12-18,04:32,1.0975030660629272,-2.11003041267395,2.85289647365823,3.021844874036717,0.6769179701805115,299.7787170410156,0.0,2.8150175422368336E-5,2.8738570756300144E-5,2.8738570756300144E-5,1.172638890538445,1.172638890538445,1.473454455274299,21.103832668684404
2024-12-23,04:32,0.31583914160728455,-2.8719310760498047,3.3476079428072016,3.6657157744187927,0.9699043035507202,299.59674072265625,0.0,0.0,2.5215603056408106E-5,3.3177055927537244E-4,0.03987984843865481,0.06532311888030375,1.3033947803036399,9.245288545848943
2024-12-28,04:32,1.8444474935531616,-4.835456848144531,5.302828602044234,5.169229819998726,1.1166763305664062,299.0185241699219,0.0,0.0,0.0,0.0,0.0,0.609325463936519,0.6746485828168227,9.854614009785463
2025-01-02,04:32,1.3679466247558594,-4.260295867919922,4.851629598930555,5.703787792312209,0.8694804310798645,298.7087097167969,0.0,0.0,0.0,0.0,0.0,0.0,0.0,3.627536276661252
2025-01-07,04:32,1.0041548013687134,-1.4760061502456665,2.4656002161883896,2.732619039313077,0.5773316621780396,298.3699035644531,0.0,3.751513874061853E-8,9.633986352640156E-6,1.3467934807882051E-5,0.0,0.0,0.0,2.2135358089760127
2025-01-12,04:32,-0.06411870568990707,-1.0236244201660156,2.3404155873476538,3.724990723654699,0.4563085436820984,298.4703369140625,0.0,0.0,0.0,4.815512315580317E-5,0.0,0.0,0.0,1.912720244240159
2025-01-17,04:32,0.4909903109073639,-2.0364463329315186,2.764197771143268,4.081646751179574,0.9057456851005554,298.5883483886719,0.0,0.0,0.0,0.0,0.0,0.0,0.0,0.7400813537017136
2025-01-22,04:32,1.9493961334228516,-4.5402045249938965,5.214450624664213,5.367590259264533,1.2389087677001953,298.3869323730469,0.0,0.0,0.0,0.0,0.0,0.0,0.0,0.609325463936519
2025-01-27,04:33,2.231241226196289,-5.822798252105713,6.427013400454059,6.211803011987276,1.0804332494735718,298.42742919921875,0.0,0.0,0.0,0.0,0.0,1.0862720115919338,1.729617088955936,1.729617088955936
2025-02-01,04:32,1.8248246908187866,-1.5826078653335571,3.145483067003713,3.4503368201941695,0.5218022465705872,297.7764587402344,0.0,0.0,0.0,0.0,0.0,0.0,0.4724580707706049,1.729617088955936
2025-02-06,04:33,3.0857226848602295,-4.466853618621826,5.6273882634665675,5.764855113226704,0.7127344608306885,298.4485168457031,0.0,0.0,0.0,0.0,0.0,0.0,0.0,1.729617088955936
2025-02-11,04:32,2.5709850788116455,-4.1318135261535645,5.047262487085411,5.538597581765485,0.7907336950302124,298.5926208496094,0.0,0.0,0.0,0.0,0.010672555759021159,1.8409593104862723,3.270494190250859,5.000111279206795
2025-02-16,04:33,1.9241777658462524,-2.6179416179656982,4.182188703011042,3.1168050048973663,0.7381234169006348,298.8944396972656,0.0,0.0,2.5444790936898494E-4,2.5444790936898494E-4,0.0,0.0,0.46113867925338986,5.000111279206795
2025-02-21,04:32,2.390644073486328,-2.8333396911621094,4.345543015931429,4.166294574079464,0.8909831643104553,298.78021240234375,0.0,0.0,0.0,1.407276769602521E-4,0.0,0.0,0.0,5.000111279206795
2025-02-26,04:33,1.8432998657226562,-3.957390546798706,4.695492304577194,4.761165393341482,0.8714439272880554,299.618896484375,0.0,0.0,0.0,2.4049178413722827E-6,0.0,0.0,0.0,3.270494190250859
2025-03-03,04:32,1.9973901510238647,-1.3695354461669922,2.9128933803097072,4.098790021504355,0.7097669839859009,299.4626770019531,0.0,0.0,0.0,0.0,0.0,0.2724994867612763,1.9826819133952645,5.253176103646123
2025-03-08,04:33,2.129199981689453,-1.6791852712631226,3.160465295061844,3.8933303916019373,0.6753243207931519,299.9891357421875,0.0,0.0,0.0,0.0,0.0,0.0,0.1265713080562501,5.379747411702373
2025-03-13,04:32,2.2889411449432373,-0.6902790069580078,3.2305879042445276,3.926772641201732,0.7938399314880371,300.2436218261719,0.0,0.0,0.0,0.0,0.0,0.0,0.0,2.1092532214515147
2025-03-23,04:32,2.2568130493164062,-4.376424312591553,5.386152002151111,4.852548917592881,0.9858930706977844,300.98590087890625,0.0,3.751513874061853E-8,1.8349345426381747E-4,2.349711352993983E-4,0.0,2.5521636153495098,2.5521636153495098,4.661416836801024
2025-03-28,04:33,2.9577419757843018,-0.7409337162971497,3.8490639232564425,4.714394785539692,1.0490778684616089,300.5484619140625,9.316089106541055E-6,1.447294562993336E-6,4.333640230862004E-5,2.4016204581250812E-4,0.0,0.0,2.5521636153495098,4.661416836801024
2025-04-02,04:32,2.496617555618286,-0.7899169921875,2.9158341822674285,2.6265697457675525,0.837597131729126,301.92803955078125,2.430934532015931E-6,5.002841199160116E-6,2.252093013028921E-5,7.215099058289458E-5,0.0,1.7976690556606159,2.6286882068075874,5.307423130213348
2025-04-07,04:33,0.9798596501350403,0.6650384068489075,2.658231179338171,3.015694924399461,0.8785429000854492,302.2027893066406,4.935545079848345E-5,1.1691444902439788E-4,2.2553311618465322E-4,2.3669337633974065E-4,0.0,0.0,0.0,5.180851822157098
2025-04-12,04:32,-2.4271984100341797,2.700923204421997,3.9384652387772756,3.381144313587074,1.0739144086837769,301.8041076660156,0.01015331230911554,0.010038225793937226,0.01089366622593092,0.011560048622621019,38.29957927127227,59.50404224420061,61.21814340955591,66.39899523171299
2025-04-17,04:33,1.4108308553695679,0.7126604914665222,1.939134824926578,2.218405200823179,1.2470227479934692,302.9755859375,0.0012050591263116574,0.0023845792063521554,0.010249794886966177,0.021806020420777377,0.1456747733297744,0.41579094390130117,59.91983318810191,66.81478617561429
2025-04-19,04:33,1.5351289510726929,1.3800034523010254,2.5111262172152675,2.2180937447242552,1.0463290214538574,302.9814453125,6.529995039397595E-4,0.001218173321236241,0.004909505508454442,0.013759625871235786,6.110367096962443,6.256041870292217,6.526158040863744,72.92515327257674
2025-04-22,04:32,2.322629928588867,0.9754874110221863,2.7838545499225926,2.6027071150306593,1.0352951288223267,302.983154296875,6.435020297181372E-4,0.0010635571450180149,0.01364429199424096,0.023766405093743934,0.5175900139615391,38.645995947988304,45.06927481249464,109.01898560521556
2025-04-27,04:33,2.315027952194214,1.150194764137268,2.8790922363064086,3.4588457504633654,1.1809685230255127,303.6058654785156,1.6623852299708945E-5,7.704424808731238E-6,2.2418602653171706E-4,0.004717455640836285,0.0,0.08773835556804296,10.632978160497395,109.1067239607836
2025-05-02,04:32,-1.3158155679702759,1.7068010568618774,3.0006781830108635,2.510935776562883,0.847954273223877,303.5131530761719,0.009447565265730314,0.012059536533079286,0.01943040930706522,0.019789562462279513,0.0,0.08409834965558309,0.08409834965558309,106.56213410363158
2025-05-07,04:33,2.3963260650634766,-1.357012391090393,3.0601829222371184,2.360918307769415,0.814493715763092,304.1053771972656,2.2681180168600642E-4,3.07210483906432E-4,0.0016655783722366111,0.023840045830231034,0.12390840903922569,0.25517616874984433,0.3392745184054274,106.8173102723814
2025-05-09,04:33,3.8806960582733154,-3.0214169025421143,5.101333942729222,3.996259920163391,1.0438014268875122,303.8660888671875,2.7423746445599725E-4,3.245237204352275E-4,6.929752002344863E-4,0.008797905213097361,2.2907017117688445E-6,0.2671704812933567,0.39843824100397535,105.24647117928025
2025-05-12,04:32,3.2481777667999268,-0.38801828026771545,3.5139760296082354,4.196823102333327,1.0360184907913208,303.9515686035156,5.288124084472656E-4,8.215840065207788E-4,0.0012667361747157255,0.0028689875118974332,0.0,0.5865315931667975,0.8537020744601542,46.32896052824645
2025-05-17,04:33,-2.5116233825683594,3.764280319213867,4.776629760152383,4.028958311442545,1.1393101215362549,304.2884216308594,0.011113609987146713,0.009652564244240706,0.01557405444159024,0.02262448178561825,19.002199186198172,20.13568712331007,20.898277046826003,66.22491756543532
2025-05-22,04:32,-2.1239426136016846,3.1523921489715576,3.834937560403752,4.226189779618563,1.1616734266281128,303.4837341308594,0.02250531327490713,0.011339806621859534,0.022887936783626706,0.04067057852419267,29.676940468285657,52.78912123149673,99.3371458524227,100.6700132495972
2025-05-27,04:33,-3.9669411182403564,4.479604721069336,6.351515018253799,4.7110640256970235,1.7774441242218018,303.15338134765625,0.012233788359398935,0.012266409816702455,0.030368662769009604,0.07743095117572919,32.26752961844532,76.26333108163445,150.26533633199782,202.83995203591937
2025-05-29,04:33,-6.077340602874756,9.29881763458252,11.349437143865984,8.67636828290579,3.1757965087890625,302.8724670410156,0.08973687302832509,0.0674448107093511,0.09955738740924969,0.14431567912763196,57.775486841330626,127.8186039441585,197.80875146760343,298.39102636163256
2025-06-01,04:32,0.8631680607795715,6.887098789215088,6.99997053154113,9.14947028519412,2.2738304138183594,302.680419921875,0.02474890316233915,0.02265201789745386,0.12094105746188272,0.23058852843369512,48.82724714160055,190.60192135381294,354.305718455678,488.90884936578976
2025-06-06,04:33,-1.2174021005630493,2.763275146484375,3.290379240839432,3.7622715209374196,1.3975218534469604,302.38720703125,0.0025256325216854317,0.0018170694386736945,0.025235902201808512,0.15235215980814112,6.570849367054693,42.698595844456456,350.20212091178024,729.2688711683732
2025-06-11,04:32,-2.8625590801239014,3.3771228790283203,4.866181590263094,3.3527056798276664,1.4343212842941284,303.2175598144531,0.021610069274902343,0.023386054897900695,0.03441195014100638,0.053159487173423996,30.841221555057846,80.99645361636567,132.61829706153603,821.6971340148326
2025-06-16,04:33,-0.8425127863883972,6.602321147918701,6.760796086630248,4.270622854441328,2.069812297821045,303.20147705078125,0.03846883960798675,0.02321810159623993,0.09681495968599498,0.1539928009791404,14.165080595004325,39.541728959872394,131.60453238072756,872.1929338769891
2025-06-18,04:33,2.358595609664917,9.160063743591309,9.490320288152882,8.320708737674595,2.96268630027771,302.8181457519531,0.07588687223546645,0.08114625504298241,0.17122805291327878,0.2705074605487642,103.72082228980256,141.81165670700713,198.45412395524937,973.4271724913757
2025-06-21,04:32,3.080595016479492,4.42063570022583,5.504698082985132,7.08430924183455,2.0428242683410645,302.46075439453125,0.05457172393798828,0.04622063232011184,0.17378910580036802,0.3948886883184776,47.096272221238756,205.5401703361221,359.84250658941056,1126.178221596001
2025-06-26,04:33,-3.57293963432312,6.838586807250977,7.838363569719765,7.516766673700478,2.4548752307891846,302.1744384765625,0.031057469985064336,0.026414674261341926,0.04385941714727113,0.1761750454241198,19.69645254109363,27.430276308976172,95.345611410897,1055.9006066496145
2025-07-01,04:32,-1.4713102579116821,6.457656383514404,6.732148968391946,6.967821717874931,2.3484947681427,302.0413818359375,0.032479162777171416,0.017305011828246817,0.0911581027581825,0.16988645873454786,0.0,130.52291794066338,171.56241330845208,913.8797479695637
2025-07-06,04:33,2.0426719188690186,6.276376724243164,6.632876477072288,7.485219570540148,2.0245203971862793,301.7699890136719,0.04524901520972158,0.041039529054061226,0.18784626275609495,0.28564450706260797,56.83875854243255,168.81743404126848,301.7197452627333,902.6371795042662
2025-07-08,04:33,2.330958604812622,8.401623725891113,8.853807475251257,7.5379326309090136,2.6155645847320557,301.6239318847656,0.06452146604949352,0.058722659914636724,0.1530645856205721,0.35447401388338134,103.27448518175933,251.5153196915843,424.0491906551872,1085.1521377579033
2025-07-11,04:32,-1.084586501121521,4.08313512802124,4.340320680579001,6.162297173635971,1.7208839654922485,301.75604248046875,0.010947709925034466,0.0075529100485223185,0.06103263039519821,0.2779213557825819,0.0,74.86725845784214,389.255660825793,1079.02294259938
2025-07-16,04:33,-1.5319932699203491,3.510396957397461,4.005826674592096,6.088717122947513,1.3080247640609741,301.6298522949219,0.006997661964566099,0.006948607308523996,0.0647937516001194,0.12075460722234187,2.6766604725207834,28.428099131189136,101.81793629789483,1102.759080504447
2025-07-21,04:32,-1.3797651529312134,2.170503616333008,3.0671848375489805,2.711455174406502,1.3258593082427979,302.3593444824219,0.0037139537287693395,0.003924719788766549,0.019533236821492512,0.046250739699811916,41.230346219453935,44.5875244017131,80.75496115902082,826.8289997295793
2025-07-26,04:33,0.7211291193962097,9.577055931091309,9.64550264646636,7.968493639460596,3.567066192626953,302.3536682128906,0.05964272255991019,0.054951288685295155,0.11547438649163731,0.15469836448290336,53.04644925965662,112.1467965434529,174.0253435218027,925.6919638309676
2025-07-28,04:33,3.583240509033203,4.614914417266846,5.913906198020328,7.5933925809642755,2.467115640640259,302.0872802734375,0.02640568789313821,0.028418840088459272,0.116006500725914,0.20430972265160605,176.96319862733284,263.6424528655305,341.4390299027651,1122.678748378029
2025-07-31,04:32,1.2547003030776978,6.131494522094727,6.44120355233073,4.945630317160987,1.8943086862564087,301.80755615234375,0.025917887220195696,0.024476144624793014,0.08420330989434852,0.24641557312406615,39.10795131170898,192.6550349240153,487.36709401687114,1184.810865361381
2025-08-05,04:33,0.5741329193115234,1.858285903930664,2.1653467299628093,3.3731150488655595,1.074467658996582,302.3344421386719,4.311860776415058E-4,0.00149862711967642,0.014988071923423751,0.09060335652922005,0.0,15.580225580795483,199.3960356199647,1085.3623740448322
2025-08-10,04:32,-1.0543378591537476,2.354008913040161,2.797190961129164,3.8168648267373126,1.3835268020629883,302.3280029296875,0.007917665967754289,0.012115363008487298,0.03909172626755993,0.06316418233125107,0.0,0.0,72.37352437708044,888.1920788149187
2025-08-15,04:33,-2.5746498107910156,3.813549757003784,4.758912767893801,5.732790464609398,1.9472625255584717,302.7249450683594,0.011672334110035616,0.011983738676114604,0.026261671729709793,0.04835408123877231,6.231865920237731,30.497893114233385,30.497893114233385,824.1462861808378
2025-08-17,04:33,-2.954512357711792,3.5834922790527344,4.885760151926975,4.338875936895836,1.501117467880249,302.5143737792969,0.012474344290939032,0.009607663559370653,0.0285536709779538,0.04540246416569743,40.018398600113244,47.08020923759386,71.34623643158953,852.3254882266499
2025-08-20,04:32,-3.4387710094451904,5.66708517074585,6.743589894525499,7.511987622830487,2.274949550628662,302.5156555175781,0.02250511693019493,0.02165378793672992,0.04083908616139035,0.07627189430884447,0.0,46.59125650344136,96.97635427684524,854.3292203283783
2025-08-25,04:33,-0.6086298823356628,3.072359085083008,3.584326107264424,5.103518677933022,1.672135829925537,301.9996337890625,0.0071758868647556675,0.007379622192856689,0.09636188540646255,0.17836174560136184,0.0,171.22273647338488,200.3366130177354,904.1495917932614
2025-08-30,04:32,-0.10806719213724136,2.757044553756714,3.588559503527716,4.434696295503086,1.4372050762176514,302.24932861328125,0.024919928756414675,0.016203317582977484,0.048417731595088734,0.11180699389913808,2.810355041186906,21.939150665306535,104.48940118901008,549.011544318373
2025-09-06,04:33,-0.07202783972024918,1.1231244802474976,1.7813546927940334,4.341499696619689,1.312322735786438,302.1433410644531,0.006213416305242799,0.008409829860395034,0.032642034270008155,0.0576802539035647,0.0,5.738495544143821,64.93449044007595,411.648372191882
2025-09-09,04:32,0.9548918604850769,0.36979421973228455,1.4067612449355922,1.4127762212068709,0.9444090723991394,302.4751892089844,0.005656247980454388,0.007704221437189642,0.021502482471505553,0.05568746750399192,8.324358478189273,47.67116596324997,55.69430967513741,459.3195381551319
2025-09-14,04:33,-0.8016764521598816,2.607804536819458,3.064425829993883,3.8891165741636087,1.1267584562301636,302.5075988769531,0.022231683544084137,0.019250057252050683,0.03599712764747888,0.07036787234478115,43.54201668946682,50.89531561749157,140.0683754822018,535.6918563859302
2025-09-24,04:33,-2.0024795532226562,3.331317186355591,4.124557021551509,4.237401315845765,1.439180850982666,302.9477844238281,0.007413654701382506,0.006453482013805066,0.031241257491812696,0.05045483818212157,11.744546031198297,73.527824833841,245.4206999583539,536.8627844279073
2025-09-29,04:32,0.4263979494571686,-1.5519866943359375,2.172487203443146,4.086874215516904,1.6173272132873535,303.62994384765625,0.013465045480167163,0.014537185368824201,0.02568202038482603,0.055200232728914694,13.834086963007895,34.26966223474852,79.17932714619806,545.3661496436384
2025-10-04,04:33,-2.413640260696411,2.5386455059051514,3.658836204112388,6.429578818353075,1.768539309501648,302.93792724609375,0.0037677353503657324,0.0042354290529807905,0.03447708086444231,0.06646101617911834,3.2464279857424483,81.88397467450586,128.72939799328464,576.8959786019335
2025-10-06,04:33,0.9787247776985168,1.6685796976089478,2.214345107904274,2.9424228191190953,1.443244218826294,302.9721984863281,0.015557051639930874,0.014230828847944367,0.02583200344140979,0.06621706855963475,0.0,3.2464279857424483,94.98278352920721,575.4144427327698
2025-10-09,04:32,0.41279730200767517,1.8070474863052368,2.3010437875397365,2.0199529494848196,1.0377453565597534,302.7994689941406,0.014471734738817401,0.01300112751946933,0.03457806273276761,0.06783729310361494,30.54505993738303,70.39903070368146,84.66269668024349,598.1423074732012
2025-10-14,04:33,0.8827762603759766,-2.8356196880340576,3.384466147651397,2.5422366929763323,0.8156008124351501,303.41986083984375,8.51892957500383E-5,9.356418751781773E-4,0.00421301968102623,0.0492882970450581,0.0,0.0,68.077689825039,508.18819442088255
2025-10-19,04:32,-0.13029734790325165,-1.078590989112854,1.5361707203710937,1.6686082665146391,1.0584357976913452,303.7943420410156,6.26231174842984E-4,0.0019603402471443632,0.022693925269148613,0.03556143373682879,0.0,25.724627931465026,28.038669188861903,484.93368731843174
2025-10-24,04:33,-1.6689687967300415,0.8452078700065613,2.379588746332295,1.8732671853312464,1.0688996315002441,304.1790466308594,0.006976318359375,0.005150854710959994,0.011667527520631906,0.02848991794862609,16.054187913759,16.054187913759,43.26990657891967,284.4993534383013
2025-10-26,04:33,-0.3045978546142578,-0.7288615107536316,1.328392455918779,1.8912002682172318,0.8445538878440857,304.4022216796875,8.983238070618872E-5,3.624510320817462E-4,0.006787836181451075,0.015312797534539834,0.0,16.054187913759,17.546415453105443,262.15265940231785
2025-10-29,04:32,-1.7472165822982788,1.1653410196304321,2.6241916208713705,2.2649707822181266,1.3433804512023926,304.23223876953125,0.00272527021520278,0.00317074892190179,0.004163967649882378,0.013045618499534716,0.0,0.0,16.054187913759,227.88299716756924
2025-11-03,04:33,0.5088030695915222,-1.548423171043396,2.246455611958698,2.1234041719980574,1.0871872901916504,304.04364013671875,0.001685667972938687,0.0022557860329037623,0.005502574685691059,0.00996494465979977,10.411561731644317,59.15202595990073,59.15202595990073,192.0522395982628
2025-11-08,04:32,0.8807277679443359,-3.0994491577148438,3.499030228424146,2.808568815912868,1.1694746017456055,303.0384216308594,0.0,1.0405662884129748E-4,0.008313740755953898,0.06037728707489266,0.0,0.5843413748973308,110.42206343034076,180.31751869820584
2025-11-13,04:33,0.06066958233714104,-2.9009952545166016,3.149691558379739,3.8616565018316376,0.7585265636444092,302.39337158203125,0.0,3.751513874061853E-8,1.644890747702146E-5,0.0013927406405810244,0.0,0.0,0.0,163.40142040549262
2025-11-15,04:33,0.27260908484458923,-2.8635852336883545,3.1407046940160437,3.0346570534616046,0.6320720911026001,302.4862365722656,5.740745394837622E-7,1.1175562382731626E-6,3.350200613586552E-6,4.1939457010778587E-4,0.0,0.0,0.0,161.08737914809572
2025-11-18,04:32,0.5454025268554688,-2.716944456100464,3.177809988604084,3.3584048711504617,0.9562320709228516,302.7633972167969,0.0,3.751513874061853E-8,1.5006055496247412E-7,3.71301149482806E-6,0.0,0.0,0.0,135.36275121663076
2025-11-23,04:33,0.8129005432128906,-4.728950500488281,5.020588219407378,4.453734276970608,0.8246033787727356,302.3919677734375,0.0,0.0,2.4941051475256375E-4,5.564793296482252E-4,0.1989577752949915,0.3660691532672207,0.3660691532672207,118.1824049167925
2025-11-28,04:32,0.23740260303020477,-2.483196973800659,3.041029897765837,2.622148967410873,0.6198540925979614,301.5255126953125,0.0,0.0,0.0,0.0,0.8803332448540715,3.052315811145823,4.853861674352175,122.67019743787743
2025-12-03,04:33,0.1335417479276657,-2.5911223888397217,2.820585688615695,2.5180808648977324,0.9617276787757874,300.7568359375,0.0,0.0,1.3772004879779697E-7,1.3772004879779697E-7,0.0,0.01277643601571998,2.6989816311433095,64.03304448950331
2025-12-05,04:33,0.5866782069206238,-2.8103771209716797,3.1547338071851825,3.285362000810886,0.9519068598747253,300.9103088378906,0.0,0.0,0.0,1.3772004879779697E-7,0.0417284184075909,0.0417284184075909,0.5566014299341698,5.994804479183676
2025-12-08,04:32,0.8711344599723816,-3.732821226119995,4.066705672558339,3.919929137186089,0.7692116498947144,300.8509826660156,0.0,0.0,6.397318395768633E-7,7.774518883746603E-7,0.0,0.0,0.0417284184075909,5.410463104286345
2025-12-13,04:33,0.8969707489013672,-2.451197862625122,2.9742437823876515,2.7147646335828726,0.547791063785553,299.9886474609375,0.0,0.0,0.0,1.0020491005717844E-7,0.0,0.0,0.0,5.410463104286345
2025-12-18,04:32,0.22302627563476562,-1.8322486877441406,2.788188117233055,3.3865083554348194,0.5840492844581604,299.6885681152344,0.0,0.0,2.508084472908984E-6,2.508084472908984E-6,0.0,0.0,0.0,5.410463104286345
2025-12-23,04:33,1.0852712392807007,-2.005181074142456,2.5855974726600515,2.343301600734927,0.6644326448440552,298.91845703125,0.0,0.0,0.0,0.0,0.6065836689224845,0.6065836689224845,2.1735041128018056,7.217898063820926
2025-12-25,04:33,1.0453451871871948,-3.696589708328247,4.194154448385344,3.214555203648432,0.7035684585571289,299.1381530761719,0.0,0.0,0.0,0.0,0.0,0.6065836689224845,2.1735041128018056,5.782421353881797
2025-12-28,04:32,0.5396957397460938,-1.51553475856781,2.2246286880352555,3.374871978911707,0.5435121655464172,299.0628967285156,7.681753121170343E-6,1.0928752259438081E-6,1.0928752259438081E-6,1.0928752259438081E-6,0.7210094106583275,0.7210094106583275,1.327593079580812,3.451114953394302
2026-01-02,04:33,1.215950608253479,-3.831537961959839,4.256332499658359,5.204343448827807,0.792129635810852,298.8344421386719,0.0,0.0,0.0,1.0928752259438081E-6,0.0,0.0,0.7512824976106944,2.96651502882009
2026-01-07,04:32,1.4978294372558594,-5.135923862457275,5.500519522362186,6.050810741001475,0.9765827059745789,297.8108215332031,0.0,0.0,0.0,0.0,0.0,0.0,0.0,2.9247866104124998
2026-01-12,04:32,1.1405233144760132,-1.8306699991226196,2.882854633455637,2.6016373405270894,0.7735524773597717,297.3284912109375,0.0,8.253330522936077E-7,1.0653805782089076E-5,1.0653805782089076E-5,0.0,0.0,0.0,2.9247866104124998
2026-01-17,04:32,1.4836546182632446,-2.960892915725708,3.809703468453731,3.253466260776652,0.7367881536483765,297.4042663574219,0.0,0.0,0.0,8.32046287647192E-6,0.0,0.0,0.0,2.9247866104124998
2026-01-22,04:32,1.3409925699234009,-5.137626647949219,5.529239946974943,4.74270896480465,0.999143123626709,297.7660827636719,0.0,0.0,0.0,0.0,0.0,0.0,0.0,0.7512824976106944
2026-01-27,04:32,1.5141544342041016,-5.081867694854736,5.581322948435033,4.59124557809422,1.1168025732040405,297.4462890625,0.0,0.0,0.0,0.0,0.0,0.0,0.0,0.030273086952366995
2026-02-01,04:32,1.4494673013687134,-3.6334190368652344,4.199700414568253,4.43998197645441,0.8913514018058777,297.7187805175781,0.0,0.0,0.0,0.0,0.0,0.0,0.0,0.0
2026-02-06,04:32,2.4450931549072266,-6.269493579864502,6.918042961824606,4.572217050193724,1.0713139772415161,297.91485595703125,0.0,0.0,0.0,0.0,0.0,1.1371141665753068,1.1371141665753068,1.1371141665753068
2026-02-11,04:32,1.9681981801986694,-4.055689334869385,4.802265675909151,5.238502581841918,0.7725936770439148,297.3978576660156,0.0,0.0,0.0,0.0,2.8468895993122114,2.8468895993122114,3.9840037658875187,3.9840037658875187
2026-02-16,04:32,2.74725604057312,-4.647627353668213,5.609818465820207,5.423516928166033,0.7976992130279541,298.07513427734375,0.0,0.0,0.0,0.0,0.21396452290896942,0.21396452290896942,3.0608541222211807,4.1979682887964875
2026-02-21,04:32,2.3860695362091064,-3.389960527420044,4.298984226291998,3.4752133890393413,0.6830928325653076,298.54400634765625,0.0,0.0,0.0,0.0,0.0,0.19280807888693202,0.40677260179590147,4.3907763676834195
2026-02-26,04:32,1.7460263967514038,-2.0880134105682373,3.53514230962594,3.9380986600774808,0.6307960748672485,298.7549133300781,7.971595315372241E-6,3.0110835041812243E-7,3.0110835041812243E-7,3.0110835041812243E-7,0.12305341597087158,3.063247721877502,3.474065069318238,7.864841437001657
2026-03-03,04:32,2.081233263015747,-0.17113621532917023,2.5784196434009155,3.6520297238438175,0.7985371947288513,298.966552734375,8.019092036228555E-5,8.57694795659857E-5,8.889113400540244E-5,8.94311545551687E-5,0.0,0.04318720813676346,3.106428852890815,7.908028645138421
2026-03-08,04:32,0.37922224402427673,1.5243772268295288,2.9401761905883124,2.907569429849914,0.8001675009727478,299.6750793457031,7.842568790211396E-6,3.4380650174790533E-6,3.4380650174790533E-6,9.23291990228815E-5,0.0,0.0,1.6852945700185258,8.456209048581641
2026-03-13,04:32,0.6521708369255066,1.6009420156478882,2.304383933984347,2.934919611737804,0.6146940588951111,300.0036315917969,3.797306733972886E-5,3.0120707446743984E-6,5.623998108857907E-4,5.658378759032698E-4,0.17925501374179778,1.2104592417139133,1.2104592417139133,6.819778690983342
2026-03-18,04:32,1.70510733127594,1.1566925048828125,2.873110137297029,2.9202354182185455,1.1408116817474365,300.4462890625,3.500545726102941E-6,3.664937819012944E-4,7.164340088332909E-4,0.0023560119218214207,0.3338150452388478,0.3338150452388478,1.544274286952761,6.93962921331322
2026-03-23,04:32,1.6624425649642944,-2.2153472900390625,3.7395475677805154,3.699923446748153,0.7754614949226379,300.2387390136719,8.215623743393841E-5,7.234695782078966E-5,0.0013247474133351329,0.001981125114867406,0.0,6.028578515469708,6.362393560708556,12.775399649895995
2026-03-28,04:32,3.0775413513183594,-0.9507033228874207,3.4965450455107985,4.6085197037565155,0.787879467010498,300.3095703125,1.0881236955231312E-5,2.585336041499863E-5,2.585336041499863E-5,5.948953253388651E-4,6.326174506355905,7.122986302641984,13.121853270896562,16.424320883219742
2026-04-02,04:32,2.4553558826446533,-1.4817613363265991,3.157675990689347,2.9822528016470455,0.7134485840797424,301.4542236328125,4.171857646867341E-6,1.1907107588173686E-5,4.261719760934265E-5,9.087780741184148E-4,0.0,3.277601355701692,10.400587658343678,19.65873503078467
2026-04-07,04:32,3.6968581676483154,-2.122971773147583,4.618536305372876,3.90588052419775,0.8751375675201416,301.95135498046875,4.8139983532475487E-4,2.6692613558245993E-4,0.0011565532249940356,0.0013051097190651588,0.0,0.0,1.2448701571664607,17.973440460766145
2026-04-12,04:32,2.5059268474578857,-0.6762511134147644,3.2525899061799195,3.090664171077483,0.771773099899292,301.5246276855469,5.84714552935432E-5,7.149299479419399E-5,0.0027227441223018163,0.005033423935157666,0.0,0.0,0.0,16.762981219052232
2026-04-14,04:33,2.4439857006073,0.49730047583580017,3.2022155483820054,3.279348867531719,1.0092772245407104,301.86590576171875,3.352632709577972E-5,1.602834302692927E-5,9.928727001877306E-5,0.003919649321593606,0.0,0.0,0.0,16.762981219052232
2026-04-17,04:32,2.5048439502716064,0.1588001251220703,2.938468766501536,2.8290503464523398,1.0338059663772583,302.1441345214844,7.77899050245098E-7,4.427398460498755E-4,9.47196044290041E-4,0.001178309043742115,0.0,0.0,0.0,16.429166173813382
2026-04-22,04:32,2.4173953533172607,3.205847978591919,4.0830078611100875,4.0610299309947795,1.2237390279769897,302.7586669921875,5.274323856129365E-4,8.816516670874681E-4,0.0015867289549075301,0.0023968812101375983,0.0,0.0,0.0,10.400587658343678
2026-04-27,04:32,1.3283220529556274,3.7777259349823,4.18747461187666,3.3162313368513225,1.1057014465332031,303.2801208496094,1.7539753633386948E-4,3.5306385585239956E-4,4.938937122036952E-4,0.0019737983095473137,0.0,0.0,0.0,3.277601355701692
2026-05-02,04:32,0.07959302514791489,3.1799113750457764,4.19856037062059,4.123152490122285,1.3496323823928833,301.82989501953125,0.020475183748731425,0.01673475259579487,0.032214784720916434,0.06017583497562763,8.778334816845891,96.26363519647427,173.60061107068347,173.60061107068347
2026-05-04,04:33,-1.1976419687271118,1.2166093587875366,2.9892422105137033,3.685255704096633,1.3630437850952148,301.9074401855469,0.009154734892003677,0.00765767452879722,0.04135146052200602,0.0843655880440343,3.472598459351102,18.866433809331077,183.68871006316866,183.68871006316866
2026-05-07,04:32,1.5618654489517212,-0.7413031458854675,2.4553190815044115,2.514851831369961,0.8457778096199036,302.5596008300781,3.7394504921109065E-4,8.612903255359975E-4,0.0015066780658982556,0.04799727327334956,0.0,0.004927055027019472,60.42149377801807,183.69363711819562
2026-05-12,04:32,-3.066912889480591,1.9034582376480103,3.7505274576845515,2.860272784663182,0.7866598963737488,302.1341552734375,7.218678792317708E-4,2.958991759558889E-4,0.005464144128203145,0.006703547562624851,0.0,0.0,4.119064460353865E-7,183.69363711819562
2026-05-17,04:32,1.758291244506836,1.3052870035171509,2.305273263681095,2.9369220692571942,1.470003604888916,303.1606750488281,0.001071641959396063,9.040126642578631E-4,0.004816539045693217,0.010849927523121332,0.0,0.0,0.0,183.69363711819562
2026-05-22,04:32,-0.6624355316162109,3.1366665363311768,3.8112050890820615,3.083639080119481,1.3015512228012085,303.45159912109375,0.003512152503518497,0.004170419266505271,0.008380931850299084,0.011143486445488151,0.0,0.0,0.0,183.69363711819562
2026-05-24,04:33,-1.760986328125,4.538350582122803,5.000060297696902,4.547920007252665,1.363131046295166,303.6015319824219,0.00391093796374751,0.003607433034766535,0.01405504278021076,0.019349690056242062,38.991619938197196,38.991619938197196,38.991619938197196,222.6852570563928
2026-05-27,04:32,-0.16048939526081085,3.1782703399658203,3.5395413996945777,4.4238760478042725,1.344238519668579,303.40948486328125,0.003197144527061313,0.0023156495814984877,0.0066532412424344205,0.021289455717888435,17.34163353506959,21.697533923753696,60.6891538619509,244.38279098014652
2026-06-01,04:32,-0.9656632542610168,1.135724425315857,2.0725548904700046,2.092525082187216,1.5074920654296875,303.86822509765625,0.0022707883049460018,0.002006289381418169,0.04323233235203208,0.05339506546162671,74.41315313733536,77.25977444608942,94.81692133036111,148.25746770475465
2026-06-06,04:32,1.6341997385025024,1.1582908630371094,2.2877705405963593,2.276948280119092,1.3888386487960815,304.29656982421875,0.007246866413191252,0.005999821807039945,0.008582723807103886,0.048957260992709646,9.020594085979727,11.448758118260836,105.9148772610613,167.03778587345977
2026-06-11,04:32,-2.648244857788086,3.947237730026245,4.887473146283672,4.717132633246549,1.5870403051376343,303.81207275390625,0.003867360657336665,0.0032301659909834773,0.05477338646756443,0.12539991088535477,5.299037654272852,40.486153562294405,146.18968971991853,303.6631671609598
2026-06-13,04:33,1.8449395895004272,4.130594730377197,4.594698938602028,4.715315802282505,1.714571475982666,303.82293701171875,0.03675369000902363,0.042271965532322604,0.06432214237394787,0.17939054891929865,127.39431357615885,135.43614351329467,266.7624871465219,433.80027301998155
2026-06-16,04:32,-1.1883043050765991,2.780146837234497,3.3326889750320507,3.4029622879468837,1.596111536026001,303.4185485839844,0.013782456341911765,0.007359680428514816,0.04247752924143157,0.11351553253505542,31.9535362069594,70.77986980975965,206.2160133230543,504.58014282974125
2026-06-21,04:32,0.608252227306366,4.099152088165283,4.312954706812945,3.6676754485965963,1.370039701461792,302.6852111816406,0.029465491163964366,0.018659765922751734,0.06722990770517669,0.2187528659591517,0.6576142623477402,18.70531823087522,95.94140446711762,568.5680110898996
2026-06-26,04:32,-1.2349313497543335,2.5017783641815186,2.9890226916470137,3.836637881048686,1.3984020948410034,302.3238220214844,0.00728924508188285,0.005069271624705314,0.0901922937752544,0.18160646499807542,0.0,74.44089841976354,180.4297027517878,684.6690371170529
2026-07-01,04:32,0.5769030451774597,2.6592509746551514,4.758043519074931,4.642796159793135,1.836619257926941,302.294921875,0.04361373302983302,0.033788697319741566,0.07152069824329323,0.14985698399830064,84.09995652975975,147.92814823299412,155.01250985170122,761.6639835412172
2026-07-03,04:33,-2.7256267070770264,4.543123722076416,5.4622564612890185,4.916543167794091,1.647034764289856,302.0799255371094,0.017360812542485254,0.007257539046230276,0.05754669211172416,0.1181507446257471,3.5769329373945298,100.32109543544858,170.69137312514485,760.4605363489495
2026-07-06,04:32,2.6068217754364014,10.200862884521484,10.677200168260375,10.043074831661848,4.0515899658203125,301.99176025390625,0.09419749951830096,0.0764990558782226,0.20820098732816014,0.2932189137792489,143.9831345565216,156.59783926503619,260.3150572660836,905.609617495725
2026-07-11,04:32,4.31950044631958,3.9344482421875,5.993669428921901,6.567173717804609,2.1923165321350098,301.3101806640625,0.03180481966804055,0.033205474632373756,0.1635633146787529,0.4602569349063849,40.25419814308899,97.08101488060406,453.12790894456083,1065.864957856949
2026-07-16,04:32,-4.451815128326416,6.6362223625183105,8.11215412675841,6.766826029903238,2.408909559249878,301.4486389160156,0.005078310125014361,0.004352488626357685,0.019973446370158385,0.16120216071482277,1.7771479479974241,1.7771479479974241,274.62947723350743,1073.0115079101845
2026-07-21,04:32,-1.677796721458435,4.652621746063232,5.1700662576274805,5.857800390988565,1.4972108602523804,301.701416015625,0.03605634464937098,0.03522645168422913,0.05099530348373003,0.08551037533683066,0.8480069687741463,0.8480069687741463,2.6251549167715704,1009.8716466188002
2026-07-23,04:33,2.079075574874878,4.42531156539917,4.985824055470213,5.689502648684769,2.098003387451172,301.7142333984375,0.05760741514318129,0.04879157735694269,0.11471787150602164,0.15849417485065342,105.36180224976546,183.1598322237993,183.1598322237993,1089.8341904044848
2026-07-26,04:32,-4.083926677703857,5.715731143951416,7.180135179237106,5.709516753959773,1.5996450185775757,301.5207214355469,0.020461362950942093,0.010308564326284339,0.07443429520411521,0.19990618530020707,0.8824898989383522,21.26139300110812,204.42122522490743,1036.6546849858294
2026-07-31,04:32,-2.450674057006836,4.121653079986572,4.8985411828148795,5.871830844331039,1.8439687490463257,301.6246337890625,0.010035167020909926,0.004489462321342642,0.07315854157473482,0.15400172267147721,0.0,113.68649259893496,198.65924833299184,1079.9612092004268
2026-08-05,04:32,1.5701345205307007,4.320838928222656,4.707568477918583,4.436647375787838,1.3126366138458252,301.6866760253906,0.03736957288255878,0.038970115021889254,0.07974877120545192,0.17491415075140215,33.38738984038201,111.08001600090955,218.08592190622153,1066.424510412291
2026-08-10,04:32,-0.8799095153808594,3.4700725078582764,3.7770663593944978,5.207818280416946,1.9103295803070068,301.85308837890625,0.04199090658449659,0.023102945422533876,0.041298395851877674,0.17084851768446266,6.444789134377335,36.90812657507225,207.34332639697612,903.4721632867269
2026-08-12,04:33,-1.151410460472107,8.048588752746582,8.972721650528896,6.023979313416294,2.629596471786499,301.95013427734375,0.039105351765950515,0.019654176250007586,0.06458553468218502,0.15282945010973062,0.0,11.30165371998153,138.7852391087641,702.0426500983122
2026-08-15,04:32,-1.6021391153335571,5.144493579864502,5.589620875687463,6.308146121073285,1.8135629892349243,302.0655822753906,0.022452483457677502,0.01731568636607926,0.05154574879948396,0.12567211234051248,0.0,10.450498846177082,27.93596096824025,710.7160009964917
2026-08-20,04:32,0.12491670995950699,2.3973419666290283,2.846954966039821,4.875126274821763,1.5460247993469238,301.38726806640625,0.010551733129164752,0.01404413426638143,0.053022210395607644,0.1677532176300112,9.907168451645164,238.9230822824744,322.13436619233266,1031.6171245489377
2026-08-25,04:32,-1.6995487213134766,5.052673816680908,5.394008165131673,6.388795205067662,2.3274219036102295,301.7742614746094,0.0122925833159802,0.007499925838494154,0.03592934815779976,0.07520255292177694,14.378327321605111,24.154518124906346,171.8829905448133,869.2132689080421
2026-08-30,04:32,-1.4540525674819946,6.842800140380859,7.276327286989005,5.341706809698098,2.4427950382232666,302.05853271484375,0.03309643128338982,0.024005259045902987,0.04787529477421541,0.1001108670086594,4.9413631401559135,7.5323094811080615,48.356686945572164,696.1003686650002
2026-09-01,04:33,-2.585820436477661,6.967800140380859,7.7220935749765465,7.441769795987316,2.2889697551727295,301.5758056640625,0.06698362313064873,0.05896547862461635,0.10265904381161643,0.14973840012560224,21.96556170928122,39.12466944479195,58.8471644956475,682.0814115879564
2026-09-04,04:32,-0.8718617558479309,3.652378797531128,3.856448133475155,5.023874490090934,1.6726882457733154,301.45269775390625,0.0068184703004126445,0.004889413189937361,0.03832727584286013,0.15271420952696238,,,,
2026-09-09,04:32,-0.1002298966050148,2.5125045776367188,3.1193349083785713,2.490550497788379,1.1343446969985962,302.2435302734375,0.013852779538023705,0.011717654163052574,0.027631663387606604,0.06822732763507598,,,,
2026-09-14,04:32,1.280516266822815,-1.234071135520935,2.5099906754977153,3.4563375367575717,1.385251760482788,303.0869445800781,0.00126341651467716,0.0016576760057089984,0.008447852440749143,0.0445137774228556,,,,
2026-09-19,04:32,0.9597072601318359,-1.1708545684814453,2.2231822943427817,1.6092312020508361,1.2124888896942139,303.4344177246094,0.004014091865689146,0.005468986542822165,0.013728654656104176,0.040690155996792564,,,,
2026-09-21,04:33,,,,,,,,,,,,,,
2026-09-24,04:32,,,,,,,,,,,,,,
