{"type":"FeatureCollection","features":[{"type":"Feature","geometry":{"type":"MultiPolygon","coordinates":[[[[92.328665266022,20.58714049816863],[92.328665266022,20.586960837175855],[92.32848559708503,20.58696087935374],[92.32848559708503,20.586781218374455],[92.3288449356676,20.586781224732427],[92.3288449356676,20.58660156381716],[92.3292940376425,20.58660154899569],[92.3292940376425,20.58642188815288],[92.32947370976805,20.58642184514598],[92.32947370976805,20.586242184350372],[92.32965338260223,20.586242232040295],[92.32965338260223,20.586781214467663],[92.32947370976805,20.586781166828253],[92.32947370976805,20.58696082771492],[92.3288449356676,20.586960885678042],[92.3288449356676,20.58714054665399],[92.328665266022,20.58714049816863]]],[[[92.33019240535651,20.584804907453947],[92.33019240535651,20.584535371345545],[92.33046184388388,20.58453539744441],[92.33046184388388,20.584445612686288],[92.33082119805503,20.584445615182037],[92.33082119805503,20.58426595484705],[92.33091103704069,20.584265932638434],[92.33091103704069,20.5843557173603],[92.3310008762035,20.58435578597382],[92.3310008762035,20.58426591038095],[92.33118055506058,20.58426595659457],[92.33118055506058,20.584086296323722],[92.33136015938341,20.584086252491762],[92.33136015938341,20.5839065922682],[92.33180936139689,20.58390657022997],[92.33180936139689,20.58408623041138],[92.33198896819842,20.584086276770748],[92.33198896819842,20.584265936965732],[92.33180936139689,20.58426589062322],[92.33180936139689,20.584625211138142],[92.33082119805503,20.584625275547435],[92.33082119805503,20.58480493594324],[92.33019240535651,20.584804907453947]]],[[[92.30917178529276,20.624869748709333],[92.30917178529276,20.624690079642626],[92.30881245157002,20.624690130413004],[92.30881245157002,20.624600250434096],[92.30854299074349,20.624600287485936],[92.30854299074349,20.624240949352668],[92.30872265618561,20.624240924400542],[92.30872265618561,20.624061255394466],[92.30890232233743,20.624061321142953],[92.30890232233743,20.623881652182813],[92.30917178529276,20.623881614644155],[92.30917178529276,20.62370194573832],[92.30935145321864,20.62370192015143],[92.30935145321864,20.623522251291554],[92.30953112185419,20.6235223164052],[92.30953112185419,20.62388165412085],[92.30935145321864,20.623881589040572],[92.30935145321864,20.624779933925073],[92.30944132505103,20.62477992050821],[92.30944132505103,20.624690131430846],[92.30953112185419,20.624690118969127],[92.30953112185419,20.62486978800244],[92.30917178529276,20.624869748709333]]],[[[92.33153983965737,20.59145239294163],[92.33153983965737,20.592710114811727],[92.33171952063991,20.59271006877092],[92.33171952063991,20.592889730445393],[92.33189920233103,20.592889775068084],[92.33189920233103,20.59306943675587],[92.33207880948669,20.593069391299142],[92.33207880948669,20.59342871473149],[92.33189920233103,20.59342876022193],[92.33189920233103,20.59441685493732],[92.33171952063991,20.594416901333936],[92.33171952063991,20.595315211439356],[92.33189920233103,20.595315164958404],[92.33189920233103,20.59675246255686],[92.33171952063991,20.596752509172784],[92.33171952063991,20.597830483735287],[92.33189920233103,20.597830437018143],[92.33189920233103,20.59818976207882],[92.33207880948669,20.598189807017842],[92.33207880948669,20.598279592855164],[92.33225849259469,20.598279636581093],[92.33225849259466,20.59854908498913],[92.33207880948669,20.598549132164866],[92.33207880948669,20.599627108325812],[92.33225849259466,20.59962706104885],[92.33225849259469,20.599986477518414],[92.33261786093631,20.5999864731866],[92.33261786093631,20.601064450482365],[92.33279747092473,20.601064403493123],[92.33279747092473,20.60097461745735],[92.33288731380712,20.600974593388834],[92.33288731380712,20.601423705374515],[92.33261786093631,20.601423776487106],[92.33261786093631,20.60196276571858],[92.3324381764112,20.60196272272951],[92.3324381764112,20.60250171228069],[92.33225849259466,20.60250176002323],[92.33225849259469,20.603399985747128],[92.33216865095211,20.603400009587208],[92.33216865095211,20.60322034619891],[92.33207880948669,20.603220369981642],[92.33207880948669,20.60357969680497],[92.33189920233103,20.60357965237137],[92.33189920233103,20.603759315844666],[92.33171952063991,20.60375936311846],[92.33171952063991,20.604657681016917],[92.33144999943181,20.604657660810357],[92.33144999943181,20.605196651983217],[92.33127031951216,20.605196698902823],[92.33127031951216,20.605915354284708],[92.33109071554347,20.605915309190078],[92.33109071554347,20.605735645283065],[92.33073135924651,20.60573564736834],[92.33073135924651,20.605915311309058],[92.33037200578396,20.605915312645433],[92.33037200578396,20.606094976649633],[92.3301025677879,20.60609495343578],[92.3301025677879,20.606274617495018],[92.32974321928505,20.60627461752942],[92.32974321928505,20.606454281652137],[92.32956354609655,20.6064543268313],[92.32956354609655,20.60663399100063],[92.32938387361669,20.60663394512383],[92.32938387361669,20.607172937860902],[92.3292940376425,20.607172960312997],[92.3292940376425,20.606993296029117],[92.32920420184546,20.606993318423882],[92.32920420184546,20.60789164018282],[92.32938387361669,20.607891595260146],[92.32938387361669,20.60807125968429],[92.32956354609655,20.608071305426428],[92.32956354609655,20.60870008564738],[92.32947370976805,20.608700108268913],[92.32947370976805,20.608610230566654],[92.32938387361669,20.60861025313506],[92.32938387361669,20.608789917678067],[92.32956354609655,20.608789963352866],[92.32956354609655,20.608969627908746],[92.32974321928505,20.608969582493657],[92.32974321928505,20.609149247062398],[92.32992289318217,20.60914929231219],[92.32992289318217,20.609328866016384],[92.3301025677879,20.609328911053666],[92.3301025677879,20.609508575648086],[92.32974321928505,20.609508576288924],[92.32974321928505,20.609688240946706],[92.32956354609655,20.609688195551755],[92.32956354609655,20.609867860256053],[92.32920420184546,20.609867859790253],[92.32920420184546,20.61004752455791],[92.32893477075615,20.61004759087013],[92.32893477075615,20.61040692054496],[92.32875510075621,20.610406874336906],[92.32875510075621,20.61229331181278],[92.3288449356676,20.612293380291767],[92.3288449356676,20.612113715119975],[92.32893477075615,20.612113692680776],[92.32893477075615,20.613191684104834],[92.32875510075621,20.613191638157627],[92.32875510075621,20.613371303515343],[92.32857543146494,20.61337134826706],[92.32857543146494,20.614090010060927],[92.3283957628823,20.61408996380647],[92.32839576288231,20.614269629345653],[92.32821609500832,20.614269673790204],[92.32821609500832,20.614449339375764],[92.32803642784299,20.61444929276358],[92.32803642784299,20.614539171014798],[92.3279465945261,20.614539102200574],[92.3279465945261,20.614988311832654],[92.32785676138633,20.614988333868475],[92.32785676138633,20.614808668160663],[92.32776692842376,20.61480859926119],[92.32776692842376,20.615527262303164],[92.32767709563835,20.615527284266385],[92.32767709563835,20.615347618453207],[92.3275872630301,20.6153476403591],[92.3275872630301,20.61570697203181],[92.32740759834515,20.61570692485244],[92.32740759834515,20.617054465240944],[92.3275872630301,20.61705442141603],[92.3275872630301,20.617144209024104],[92.32659911603265,20.617144265929433],[92.32659911603265,20.61732393213838],[92.32641945524543,20.61732388403404],[92.32641945524543,20.61804254923155],[92.32623979516694,20.61804259187704],[92.32623979516694,20.61965949956573],[92.3263296251176,20.61965956907016],[92.3263296251176,20.619479902453506],[92.32641945524544,20.619479881039013],[92.32641945524544,20.620378214374032],[92.32650928555044,20.62037819286855],[92.32650928555044,20.620198526151206],[92.32659911603265,20.620198504605213],[92.32659911603265,20.62109683844345],[92.32668894669202,20.62109681680646],[92.32668894669202,20.620917149988518],[92.32677877752855,20.620917219189526],[92.32677877752855,20.621635795725187],[92.32686860854226,20.621635864843654],[92.32686860854226,20.6214561979545],[92.32695843973313,20.621456176153902],[92.32695843973313,20.621995176884074],[92.32722793436882,20.62199520199152],[92.32722793436882,20.62217477805641],[92.32740759834515,20.622174824826086],[92.32740759834515,20.622534158767294],[92.3273177662684,20.622534180863045],[92.3273177662684,20.622354513869375],[92.32722793436882,20.62235444502918],[92.32722793436882,20.62307311321327],[92.32740759834515,20.62307315989887],[92.32740759834515,20.623432494133024],[92.3275872630301,20.623432449710556],[92.3275872630301,20.62397145123084],[92.32740759834515,20.623971495703795],[92.32740759834515,20.624510406659148],[92.32713810264643,20.624510473077294],[92.32713810264644,20.624690140439057],[92.32695843973313,20.624690093611175],[92.32695843973313,20.625229095922315],[92.32677877752855,20.625229048949105],[92.32677877752855,20.628013853231117],[92.32686860854226,20.628013831172368],[92.32686860854226,20.62702570337394],[92.32695843973313,20.62702568131251],[92.32695843973313,20.628732481030532],[92.32713810264643,20.62873252748013],[92.32713810264643,20.629451199844663],[92.32722793436882,20.629451177522824],[92.32722793436882,20.629271509396453],[92.3273177662684,20.629271487034075],[92.3273177662684,20.629990159680535],[92.32740759834515,20.629990137235552],[92.32740759834515,20.629810469038713],[92.32749743059902,20.6298105374324],[92.32749743059902,20.630349451205714],[92.32776692842376,20.630349474258985],[92.32776692842376,20.63070881078891],[92.3279465945261,20.630708856172422],[92.3279465945261,20.63106810190569],[92.32812626133709,20.631068147059747],[92.32812626133709,20.63142748375482],[92.32830592885672,20.631427437800134],[92.32830592885672,20.63196644301004],[92.3283957628823,20.631966419934017],[92.3283957628823,20.631786751510088],[92.32848559708503,20.631786819272843],[92.32848559708503,20.632505402229654],[92.32857543146494,20.63250546990982],[92.32857543146494,20.632325801415657],[92.328665266022,20.632325778175925],[92.328665266022,20.634841048734767],[92.32848559708503,20.634841095401033],[92.32848559708503,20.63555968032796],[92.3283957628823,20.63555970362133],[92.3283957628823,20.635380034617885],[92.32830592885672,20.63538005785386],[92.32830592885672,20.635919064976196],[92.32812626133709,20.635919020472116],[92.32812626133709,20.63627835873187],[92.32749743059904,20.63627833786254],[92.32749743059902,20.636368217914846],[92.32767709563835,20.636368172182646],[92.32767709563835,20.636458052233774],[92.32695843973313,20.63645805226168],[92.32695843973313,20.636278382979096],[92.32650928555044,20.636278404083225],[92.32650928555044,20.636098734787478],[92.32614996539344,20.63609873257994],[92.32614996539344,20.635919063279484],[92.32462281112083,20.635919068743085],[92.32462281112083,20.636098738186412],[92.32444315812984,20.636098689684427],[92.32444315812984,20.636278359173456],[92.32408385427412,20.636278352495484],[92.32408385427412,20.636458022047023],[92.32300588448808,20.636457998421147],[92.32300588448808,20.636547878698114],[92.32291598586467,20.6365479000579],[92.32291598586467,20.63645801977673],[92.32273633960752,20.636458060327968],[92.32273633960752,20.63627839065048],[92.32255669405917,20.63627834010918],[92.32255669405917,20.63591900080736],[92.32210750806163,20.635919010839665],[92.32210750806163,20.63582922145127],[92.32219740508879,20.635829200566015],[92.32219740508879,20.63573941118904],[92.32210750806163,20.635739341190146],[92.32210750806163,20.635559762449475],[92.32192786499435,20.63555971115574],[92.32192786499435,20.635200371967745],[92.32174822263586,20.635200411324597],[92.32174822263585,20.635020741757184],[92.32156858098617,20.63502069002159],[92.32156858098617,20.634841020466375],[92.32120922458715,20.634841099139788],[92.32120922458715,20.63475121891629],[92.32138886481891,20.63475127106865],[92.32138886481891,20.634661390860796],[92.3210295850642,20.634661377223416],[92.3210295850642,20.634481707675732],[92.3205804141329,20.634481713211304],[92.3205804141329,20.634391923867298],[92.3207600518835,20.634391885858538],[92.3207600518835,20.634302096530153],[92.3202210655338,20.634302120069346],[92.3202210655338,20.634032570292362],[92.3201312476333,20.634032589010783],[92.3201312476333,20.6341223783468],[92.32004142991002,20.634122397020477],[92.32004142991002,20.634032607680272],[92.31986171977125,20.634032554997564],[92.31986171977125,20.634122435226057],[92.31950245206852,20.6341224181599],[92.31950245206852,20.634032537914642],[92.31959226872837,20.634032610418704],[92.31959226872839,20.63394273018488],[92.31851425484146,20.63394276866866],[92.31851425484146,20.634122438364226],[92.31815492255252,20.634122419365927],[92.31815492255252,20.634481758910965],[92.31788548161286,20.634481720725418],[92.31788548161286,20.634661390566492],[92.3175261542878,20.634661370298232],[92.31752615428779,20.63448170042366],[92.31734645407921,20.634481735921064],[92.31734645407921,20.634032606759412],[92.31716682979953,20.634032550135245],[92.31716682979953,20.633493631681993],[92.31698713100964,20.633493575815596],[92.31698713100964,20.633134236371482],[92.31680750814807,20.633134270152112],[92.31680750814807,20.632774930790468],[92.31671762176448,20.632774948594175],[92.31671762176448,20.632954618268894],[92.31662781077692,20.632954635028486],[92.31662781077692,20.63241562606626],[92.31644811411529,20.632415569511927],[92.31644811411529,20.63259523915374],[92.31635830365957,20.632595255749795],[92.31635830365957,20.63187666820304],[92.3162684933811,20.631876593836797],[92.31626849338109,20.632146143644896],[92.31617868327984,20.63214616012218],[92.31617868327984,20.631337601736085],[92.31599898839157,20.631337635471706],[92.31599898839157,20.63079862711741],[92.31590917882217,20.630798643385134],[92.31590917882217,20.630978312815877],[92.31581929421284,20.630978330046105],[92.31581929421284,20.6306189911969],[92.3156396759605,20.630619023470942],[92.3156396759605,20.630439354073197],[92.31545998320054,20.6304392962579],[92.31545998320054,20.63007995751616],[92.3152803663664,20.630079989348598],[92.3152803663664,20.62972065068971],[92.31510067502522,20.629720683295705],[92.31510067502522,20.629361344719694],[92.31483117695166,20.629361301830325],[92.31483117695166,20.62918172344061],[92.31447187374128,20.629181695495337],[92.31447187374128,20.628822356976826],[92.31429218559269,20.628822388618172],[92.31429218559269,20.62846305018264],[92.31411249815366,20.628462990715008],[92.31411249815366,20.627924074109707],[92.31393288663827,20.627924013394058],[92.31393288663827,20.627564675182988],[92.31411249815366,20.62756473593205],[92.31411249815366,20.627385066886955],[92.31447187374128,20.627385004067825],[92.31447187374128,20.627205425964963],[92.31465148738424,20.62720539528083],[92.31465148738424,20.626935846447108],[92.31483117695166,20.626935905469594],[92.31483117695166,20.626846025588126],[92.31492098439361,20.62684610097114],[92.31492098439361,20.62666643211799],[92.31510067502522,20.626666399992384],[92.31510067502522,20.626486731185157],[92.3156396759605,20.6264867255662],[92.3156396759605,20.62630705683837],[92.31599898839157,20.626307082774684],[92.31599898839157,20.62612741410951],[92.31644811411529,20.626127423001808],[92.31644811411529,20.625947754407694],[92.31680750814807,20.6259477776463],[92.31680750814807,20.625768109114873],[92.31716682979953,20.625768041727884],[92.31716682979953,20.625678252929546],[92.31698713100964,20.62567828721421],[92.31698713100964,20.62558840753544],[92.31761596704807,20.62558837909666],[92.31761596704807,20.625408710699038],[92.31797529508219,20.625408732496954],[92.31797529508219,20.62531894376549],[92.31779559310031,20.625318888018235],[92.31779559310031,20.625229099285697],[92.31815492255252,20.625229120725734],[92.31815492255252,20.625049452436798],[92.31833462595306,20.625049416938374],[92.31833462595306,20.624869748695446],[92.31869395966065,20.62486976902805],[92.31869395966065,20.62469010084786],[92.31896340538616,20.624690139081633],[92.31896340538616,20.624510470955805],[92.31914311197856,20.62451043462676],[92.31914311197856,20.624330766546958],[92.31932274405749,20.624330821922396],[92.31932274405749,20.62379181790875],[92.31950245206852,20.62379178125526],[92.31950245206852,20.62361211332601],[92.31968208556546,20.62361216837706],[92.31968208556546,20.623432500493838],[92.31986171977125,20.623432464486957],[92.31986171977125,20.623252796649776],[92.32004142991002,20.623252759459362],[92.32004142991002,20.623073091668243],[92.3203108836115,20.623073127926787],[92.3203108836115,20.6228934601901],[92.3204007018664,20.622893441893854],[92.3204007018664,20.623073109622155],[92.32049059552344,20.623073090263734],[92.32049059552344,20.622893513422795],[92.3206702329196,20.622893476585645],[92.3206702329196,20.622713808911794],[92.3208498710246,20.62271377189577],[92.3208498710246,20.622534104268],[92.3210295850642,20.622534156946923],[92.3210295850642,20.622354489365225],[92.32138886481891,20.62235450530073],[92.32138886481891,20.622174837781888],[92.3216584017224,20.622174780080567],[92.3216584017224,20.62199511261623],[92.32183804372649,20.621995165469883],[92.32183804372649,20.621815498051625],[92.32201768643938,20.621815459847575],[92.32201768643938,20.621635792475427],[92.32219740508879,20.621635843965706],[92.32219740508879,20.621456176639676],[92.32255669405917,20.62145619019899],[92.32255669405917,20.62127652293587],[92.32273633960752,20.62127648399945],[92.32273633960752,20.621096816782455],[92.32300588448808,20.621096847908913],[92.32300588448808,20.620737513613324],[92.3231855318087,20.62073747423804],[92.3231855318087,20.620378230972104],[92.32336517983808,20.620378191434746],[92.32336517983808,20.61983919048848],[92.32345500411859,20.61983917067163],[92.32345500411857,20.620018837615948],[92.32354482857623,20.620018908620356],[92.32354482857623,20.619300241052944],[92.32372447802317,20.619300201225066],[92.32372447802317,20.618761200908537],[92.32417367997226,20.61876119048094],[92.32417367997226,20.61858152380958],[92.32435333190016,20.618581574242437],[92.32435333190016,20.618401907617304],[92.32453298453675,20.618401866992873],[92.32453298453675,20.61822220041396],[92.3247126378821,20.618222250489058],[92.3247126378821,20.61768325097929],[92.3248922919362,20.617683210030773],[92.3248922919362,20.61696463537549],[92.32507194669903,20.61696459429855],[92.32507194669903,20.616425595508137],[92.3248922919362,20.616425636534636],[92.3248922919362,20.61633575798118],[92.32507194669903,20.616335807841292],[92.32507194669903,20.616245929303616],[92.3248922919362,20.616245970313294],[92.3248922919362,20.616066304121453],[92.32507194669903,20.616066263128587],[92.32507194669903,20.615347598723403],[92.3247126378821,20.615347589500853],[92.3247126378821,20.61516792343971],[92.32462281112083,20.61516794372292],[92.32462281112083,20.61534760979247],[92.32453298453675,20.615347630035174],[92.32453298453675,20.615167963957223],[92.32435333190016,20.615168004279084],[92.32435333190016,20.614988338213838],[92.3231855318087,20.61498832379944],[92.3231855318087,20.614718779154078],[92.32336517983808,20.61471883102406],[92.32336517983808,20.61453916494023],[92.32363465321112,20.614539106086397],[92.32363465321112,20.61462898455108],[92.32372447802317,20.61462896483112],[92.32372447802317,20.614359511228052],[92.32390420340938,20.61435947066055],[92.32390420340938,20.614449349097846],[92.32399402875315,20.61444932923953],[92.32399402875315,20.61417978484048],[92.32381430301241,20.614179825489025],[92.32381430301241,20.61346116185348],[92.32399402875315,20.61346112127218],[92.32399402875316,20.613281455454008],[92.32417367997226,20.613281506577884],[92.32417367997226,20.613101840806074],[92.32435333190016,20.613101800873142],[92.32435333190016,20.612922135147713],[92.32444315812984,20.612922205994245],[92.32444315812984,20.613101871711272],[92.3247126378821,20.613101811298357],[92.3247126378821,20.61328147701975],[92.3248922919362,20.613281527361078],[92.3248922919362,20.613101861656485],[92.32516177434624,20.61310180050995],[92.32516177434624,20.61238322896613],[92.3248922919362,20.6123831991339],[92.3248922919362,20.611844202552735],[92.32516177434624,20.611844232460573],[92.32516177434624,20.611664567017947],[92.32534150540506,20.611664525136955],[92.32534150540506,20.611305194374204],[92.32516177434624,20.611305236221547],[92.32516177434624,20.61112557086778],[92.3247126378821,20.611125581193996],[92.3247126378821,20.61058658518448],[92.32498211922902,20.610586524684464],[92.32498211922902,20.61031707225645],[92.32480246482056,20.610317021735764],[92.32480246482056,20.6104068997979],[92.3247126378821,20.610406919907266],[92.3247126378821,20.609867924253585],[92.32435333190016,20.60986791322347],[92.32435333190016,20.608969587559457],[92.32453298453675,20.608969547817523],[92.32453298453675,20.608789882790596],[92.32516177434624,20.60878992396752],[92.32516177434624,20.60861025902911],[92.32534150540506,20.60861021743413],[92.32534150540506,20.608250887680096],[92.32552116194,20.608250937807068],[92.32552116194,20.607532278722875],[92.32561099047324,20.6075322583079],[92.32561099047322,20.60771192302593],[92.32570081918365,20.607711902553646],[92.32570081918365,20.606993334770962],[92.32588047713604,20.60699329374696],[92.32588047713604,20.60663396462904],[92.32614996539344,20.6066339936541],[92.32614996539344,20.606095000276134],[92.3263296251176,20.606094958847255],[92.3263296251176,20.60339999623309],[92.32614996539344,20.6034000374096],[92.32614996539344,20.603040709534625],[92.325970306378,20.603040659604865],[92.325970306378,20.602860995695377],[92.32570081918365,20.60286105672439],[92.32570081918365,20.60250172894457],[92.32552116194,20.602501678475466],[92.32552116194,20.602322014613584],[92.32543133358392,20.602322034735803],[92.32543133358392,20.60250169860609],[92.32534150540506,20.602501718687837],[92.32534150540506,20.60232205480913],[92.32516177434624,20.602322095815264],[92.32516177434624,20.60214243194963],[92.32399402875316,20.602142414442216],[92.32399402875316,20.602322078417096],[92.32363465321112,20.602322065416605],[92.32363465321112,20.602142401408123],[92.32345500411859,20.602142348656425],[92.32345500411859,20.601783020695574],[92.3232753557348,20.601783058591835],[92.3232753557348,20.601423730717006],[92.3228261626475,20.601423734646225],[92.3228261626475,20.601333948113748],[92.3230957080598,20.60133389098721],[92.3230957080598,20.60124410447479],[92.3228261626475,20.6012440707117],[92.3228261626475,20.60106440680709],[92.32273633960752,20.601064425403862],[92.32273633960752,20.601244089316868],[92.32264651674473,20.601244107873153],[92.32264651674473,20.600525452367123],[92.32291598586467,20.600525396652408],[92.32291598586467,20.600345732875947],[92.32363465321112,20.600345762968505],[92.32363465321112,20.600166099289176],[92.32381430301241,20.600166061153125],[92.32381430301241,20.59962707034529],[92.32345500411857,20.59962714632105],[92.32345500411857,20.59944748274476],[92.3231855318087,20.5994474483113],[92.3231855318087,20.599357571083363],[92.3230957080598,20.59935758979588],[92.3230957080598,20.59845927227122],[92.3232753557348,20.598459325758125],[92.3232753557348,20.597740672345584],[92.32336517983808,20.597740653610924],[92.32336517983808,20.597920316910628],[92.32345500411857,20.59792029811871],[92.32345500411857,20.595045689063664],[92.32363465321112,20.595045742478547],[92.32363465321112,20.594506754188387],[92.32381430301241,20.594506716581723],[92.32381430301241,20.594147391239154],[92.32408385427412,20.594147424384122],[92.32408385427412,20.59396776178323],[92.32426350584761,20.593967723738235],[92.32426350584761,20.593788061184295],[92.32444315812984,20.593788022960624],[92.32444315812984,20.592889710727167],[92.32498211922902,20.592889776888033],[92.32498211922902,20.59217112784588],[92.32525167740334,20.592171068485452],[92.32525167740334,20.5919914063256],[92.32543133358392,20.591991458071053],[92.32543133358392,20.591632133875546],[92.32561099047324,20.59163209458302],[92.32561099047322,20.59145243254739],[92.325970306378,20.59145244428564],[92.325970306378,20.590913458460914],[92.32614996539344,20.590913418649265],[92.32614996539344,20.59055409495087],[92.3263296251176,20.590554145853385],[92.3263296251176,20.590194822309545],[92.32659911603265,20.590194762033317],[92.32659911603265,20.590015100332018],[92.32677877752855,20.590015150796255],[92.32677877752855,20.58965582751803],[92.32695843973313,20.58965578694455],[92.32695843973313,20.589296463821032],[92.32713810264643,20.58929651396157],[92.32713810264643,20.588937190992773],[92.3273177662684,20.588937150095685],[92.3273177662684,20.587320198387157],[92.32749743059902,20.58732015744611],[92.32749743059902,20.587140496313573],[92.32776692842376,20.587140525436407],[92.32776692842376,20.588308368613678],[92.32785676138633,20.588308347876964],[92.32785676138633,20.5882184718025],[92.3279465945261,20.58821854189681],[92.3279465945261,20.58893718716805],[92.32767709563835,20.58893715859087],[92.32767709563835,20.589476142938008],[92.3292940376425,20.589476126604808],[92.3292940376425,20.590015110769745],[92.32983305614505,20.59001516190298],[92.32983305614505,20.589835500534928],[92.33019240535651,20.58983550338793],[92.33019240535651,20.59001516472228],[92.33037200578396,20.590015121408822],[92.33037200578396,20.59019478275658],[92.33055168216094,20.59019482909854],[92.33055168216094,20.59010495299143],[92.33046184388388,20.59010497527855],[92.33046184388388,20.5900150991748],[92.33055168216094,20.590015167767625],[92.33055168216094,20.58965584519657],[92.33073135924651,20.589655800517846],[92.33073135924651,20.589835461771372],[92.33082119805503,20.589835439350267],[92.33082119805503,20.58965577810516],[92.3310008762035,20.589655824008826],[92.3310008762035,20.589835485237085],[92.33144999943181,20.589835463793683],[92.33144999943181,20.589745678634667],[92.33136015938341,20.589745610518033],[92.33136015938341,20.589655825362374],[92.33171952063991,20.58965582492547],[92.33171952063991,20.589745610064284],[92.33153983965737,20.58974565582676],[92.33153983965737,20.58983544098155],[92.33189920233103,20.58983544011988],[92.33189920233103,20.589655778975906],[92.33216865095211,20.5896558015694],[92.33216865095211,20.58983546268808],[92.33252801858518,20.589835460457767],[92.33252801858518,20.589386353239938],[92.33261786093631,20.58938632986232],[92.33261786093631,20.589296453920337],[92.33270762821948,20.589296522382696],[92.33270762821948,20.589655844428094],[92.33288731380712,20.58965579740321],[92.33288731380712,20.589566012326753],[92.33279747092473,20.58956594498383],[92.33279747092473,20.589476159910706],[92.33369583247308,20.589476105187018],[92.33369583247308,20.589116783387784],[92.33351614369728,20.589116831241906],[92.33351614369728,20.58893717037081],[92.33333645563002,20.588937127136997],[92.33333645563002,20.588847342142117],[92.3332466118621,20.588847365885417],[92.3332466118621,20.588398168377026],[92.33369583247308,20.588398140152673],[92.33369583247308,20.588218479419638],[92.33387544671041,20.58821852333938],[92.33387544671041,20.587859201997933],[92.33405513690298,20.587859153870994],[92.33405513690298,20.586601530249325],[92.33423482780407,20.586601572920337],[92.33423482780407,20.585882840710703],[92.33441444416579,20.58588288426338],[92.33441444416579,20.585523563812146],[92.33468398290823,20.585523581873105],[92.33468398290823,20.585164261594038],[92.3348636010402,20.585164213850497],[92.3348636010402,20.58462523371053],[92.33504329512901,20.58462527568738],[92.33504329512901,20.584445615718423],[92.3351331424391,20.584445591204446],[92.3351331424391,20.584265931274338],[92.3352229146771,20.584265907729943],[92.3352229146771,20.583367608578012],[92.33540261018261,20.58336755940712],[92.33540261018261,20.58300823999323],[92.3352229146771,20.583008289130323],[92.3352229146771,20.582648969804463],[92.33540261018261,20.58264892070115],[92.33540261018261,20.581930282482656],[92.33558223114682,20.581930325136312],[92.33558223114682,20.58085227794984],[92.33585177679582,20.580852294763343],[92.33585177679582,20.58049297628756],[92.33603139953019,20.580493018587728],[92.33603139953019,20.580313359412507],[92.33621109822332,20.58031330964926],[92.33621109822332,20.579235355340767],[92.33639072237375,20.57923530649379],[92.33639072237375,20.57905564756622],[92.33657042248353,20.579055688404893],[92.33657042248353,20.578876029524796],[92.33639072237375,20.578875988669232],[92.33639072237375,20.578157353387073],[92.33567207951936,20.578157367468435],[92.33567207951936,20.578337026310663],[92.33504329512901,20.578337013155107],[92.33504329512901,20.578516672087012],[92.3348636010402,20.578516720410754],[92.3348636010402,20.578696379390163],[92.33468398290823,20.578696335651205],[92.33468398290823,20.578786210598096],[92.33459413648363,20.57878623460163],[92.33459413648363,20.57869635965051],[92.33450429023614,20.578696383600953],[92.33450429023614,20.5788760426447],[92.33432459827256,20.578875999541268],[92.33432459827256,20.578696340480636],[92.33405513690298,20.578696319861667],[92.33405513690298,20.57851666080631],[92.33450429023614,20.57851672458778],[92.33450429023614,20.578157406653215],[92.33468398290823,20.578157358754147],[92.33468398290823,20.577798040975754],[92.33459413648363,20.57779806493282],[92.33459413648363,20.57770819006589],[92.33450429023614,20.57770821396987],[92.33450429023614,20.577438680276813],[92.33432459827256,20.57743872791284],[92.33432459827256,20.577259069097003],[92.33387544671042,20.577259095406085],[92.33387544671042,20.57707943657868],[92.33360598799662,20.577079414999215],[92.33360598799662,20.576989540147114],[92.33351614369728,20.57698956347987],[92.33351614369728,20.576630245880107],[92.33333645563002,20.57663020149081],[92.33333645563002,20.57573190794338],[92.33351614369728,20.575731952417023],[92.33351614369728,20.57591161104833],[92.33369583247308,20.575911564435266],[92.33369583247308,20.57627088175608],[92.33414498226496,20.57627094704188],[92.33414498226496,20.576360730932958],[92.33405513690298,20.576360754529304],[92.33405513690298,20.57645053843225],[92.33441444416579,20.57645053562052],[92.33441444416579,20.57654041038865],[92.33468398290823,20.5765404297158],[92.33468398290823,20.576360771086915],[92.3348636010402,20.576360724170847],[92.3348636010402,20.57609128174749],[92.33495344799604,20.576091257724098],[92.33495344799604,20.57618104156189],[92.33504329512901,20.57618110835974],[92.33504329512901,20.576360766924214],[92.33549245820107,20.576360737650727],[92.33549245820107,20.57618107912848],[92.33585177679582,20.576181073240978],[92.33585177679582,20.57600141478317],[92.33603139953019,20.576001457505374],[92.33603139953019,20.57546239149236],[92.33612124878819,20.5754624577376],[92.33612124878819,20.5755522414669],[92.33621109822332,20.57555221678485],[92.33621109822332,20.575642091391803],[92.33657042248353,20.57564208404245],[92.33657042248353,20.575462425744217],[92.33692974957644,20.575462417647056],[92.33692974957644,20.575372633963426],[92.33701960060533,20.575372608850063],[92.33701960060533,20.57546239252946],[92.33719922794195,20.575462434032406],[92.33719922794195,20.575642092271487],[92.337289079502,20.57564206699888],[92.337289079502,20.575462408768246],[92.3375585599918,20.575462424567405],[92.3375585599918,20.57564208277269],[92.33791789487431,20.57564207249221],[92.33791789487431,20.57573194702653],[92.33809752575075,20.575731896653124],[92.33809752575075,20.57600142940255],[92.33791789487431,20.576001388927153],[92.33791789487431,20.576181047190627],[92.3375585599918,20.57618105757254],[92.3375585599918,20.576360715900474],[92.33746870790056,20.576360741353504],[92.33746870790056,20.576181083017108],[92.33737893123919,20.57618110740214],[92.33737893123919,20.576540424122474],[92.33719922794195,20.576540383926908],[92.33719922794195,20.576720042349933],[92.33701960060533,20.5767200918395],[92.33701960060533,20.577079408811304],[92.33675004805004,20.577079393371434],[92.33675004805004,20.577798027783942],[92.33737893123919,20.577798033608694],[92.33737893123919,20.57761837501879],[92.33746870790056,20.577618350566162],[92.33746870790056,20.577798009147603],[92.3375585599918,20.577798074501267],[92.3375585599918,20.57761841592826],[92.33773818945231,20.577618365768046],[92.33773818945231,20.577438707242553],[92.33809752575075,20.57743869623316],[92.33809752575075,20.57707937934169],[92.33836701101987,20.577079393593703],[92.33836701101987,20.576899735219264],[92.3385467189208,20.576899774110505],[92.3385467189208,20.576720024909406],[92.33872635227515,20.576720064633328],[92.33872635227515,20.577348914289388],[92.33863657313691,20.577348848538644],[92.33863657313691,20.577259064774445],[92.3385467189208,20.577259090856188],[92.3385467189208,20.577798066204377],[92.33845686488178,20.577798001388313],[92.33845686488178,20.57761834289986],[92.33836701101987,20.577618368900758],[92.33836701101987,20.57797768592521],[92.33827723258933,20.577977710883],[92.33827723258933,20.57815736944958],[92.33809752575075,20.578157330383483],[92.33809752575075,20.57851673851664],[92.33827723258933,20.578516686674554],[92.33827723258933,20.578696345332908],[92.3385467189208,20.57869635906346],[92.3385467189208,20.57887601772705],[92.33890606159261,20.578876004688013],[92.33890606159261,20.57869634605826],[92.33899584126154,20.578696320724827],[92.33899584126154,20.578516662134117],[92.33908569636289,20.57851672662314],[92.33908569636289,20.57833706807146],[92.339265331841,20.578337016182722],[92.339265331841,20.578157357678563],[92.3394450432831,20.57815739547399],[92.3394450432831,20.578516712479093],[92.339265331841,20.578516674717484],[92.339265331841,20.57923530916236],[92.33908569636289,20.579235361135694],[92.33908569636289,20.579594678575397],[92.33917555164135,20.579594652090414],[92.33917555164133,20.579325209449074],[92.339265331841,20.579325183939563],[92.339265331841,20.580043818934634],[92.33917555164133,20.580043844477977],[92.33917555164135,20.57977431084763],[92.33908569636289,20.57977433734108],[92.33908569636289,20.58013365496409],[92.339265331841,20.580133693780613],[92.339265331841,20.580313352621033],[92.3394450432831,20.580313299339007],[92.3394450432831,20.58049295819303],[92.33962468017712,20.580492996584862],[92.33962468017711,20.58085231435067],[92.33890606159261,20.580852342506805],[92.33890606159261,20.58121166053002],[92.33872635227515,20.581211622435614],[92.33872635227515,20.581750599749963],[92.33845686488178,20.58175067761834],[92.33845686488178,20.582289655283265],[92.33827723258933,20.58228961579016],[92.33827723258933,20.582828593780082],[92.33791789487431,20.582828606194987],[92.33791789487431,20.58300826561971],[92.3375585599918,20.58300827728651],[92.3375585599918,20.582828617827985],[92.33710937655897,20.58282865424109],[92.33710937655897,20.58300831374189],[92.33675004805004,20.583008232774574],[92.33675004805004,20.58318789233961],[92.33657042248353,20.58318794194921],[92.33657042248353,20.584265900080098],[92.33639072237375,20.58426595060626],[92.33639072237375,20.584445610418143],[92.33621109822332,20.584445568880213],[92.33621109822332,20.5846252287394],[92.33603139953019,20.584625278908362],[92.33603139953019,20.585164258719058],[92.33576192806902,20.585164241796555],[92.33576192806902,20.585523561872982],[92.33567207951936,20.58552358677978],[92.33567207951936,20.58534392671791],[92.33558223114682,20.585343860692273],[92.33558223114682,20.5858828409943],[92.33540261018261,20.58588288958708],[92.33540261018261,20.586421870213137],[92.3353127623413,20.586421894966662],[92.3353127623413,20.58651167966419],[92.33540261018261,20.586511745781646],[92.33540261018261,20.58660153048254],[92.3352229146771,20.586601579957602],[92.3352229146771,20.586781240274263],[92.33558223114682,20.58678123298028],[92.33558223114682,20.587140553637067],[92.33576192806902,20.587140503720285],[92.33576192806902,20.58749982446461],[92.33558223114682,20.587499874415197],[92.33558223114682,20.587859195314635],[92.33576192806902,20.58785914533024],[92.33576192806902,20.58857778742524],[92.33594162569972,20.588577828053026],[92.33594162569972,20.58875748863564],[92.33612124878819,20.588757530061557],[92.33612124878819,20.58848799378665],[92.33630094783555,20.588488034031798],[92.33630094783555,20.588577818857186],[92.33639072237375,20.588577794475245],[92.33639072237375,20.588218473485373],[92.33675004805004,20.588218463379715],[92.33675004805004,20.588577784302004],[92.33692974957644,20.588577823854305],[92.33692974957644,20.588757484344],[92.33701960060533,20.58875745860069],[92.33701960060533,20.588937119112217],[92.33710937655897,20.58893718519794],[92.33710937655897,20.59001514885227],[92.33701960060533,20.590015173692567],[92.33701960060533,20.589835512999397],[92.33692974957644,20.58983544791803],[92.33692974957644,20.590194769351495],[92.33675004805004,20.59019482082669],[92.33675004805004,20.5903744816057],[92.33657042248353,20.59037444101587],[92.33657042248353,20.589476137338913],[92.33639072237375,20.589476188355373],[92.33639072237375,20.589296436818465],[92.33576192806902,20.58929652088035],[92.33576192806902,20.58947618160099],[92.33540261018261,20.589476098917203],[92.33540261018261,20.589655850577326],[92.3352229146771,20.589655809464187],[92.3352229146771,20.590015131158072],[92.33441444416579,20.590015169049543],[92.33441444416579,20.590194830017854],[92.33423482780407,20.59019478687],[92.33423482780407,20.590374447885424],[92.33405513690298,20.59037449644433],[92.33405513690298,20.590554157506872],[92.33288731380712,20.59055410296179],[92.33288731380712,20.590733764164238],[92.33270762821948,20.590733811290384],[92.33270762821948,20.59091347253993],[92.33252801858518,20.59091342760263],[92.33252801858518,20.59109308889926],[92.33234833441436,20.59109313566812],[92.33234833441436,20.59127279701185],[92.33225849259466,20.591272729455632],[92.33225849259466,20.59136260558092],[92.33234833441436,20.59136258225716],[92.33234833441436,20.591452458385795],[92.33207880948669,20.591452437347275],[92.33207880948669,20.591272775948045],[92.33171952063991,20.591272776461757],[92.33171952063991,20.591452437894702],[92.33153983965737,20.59145239294163]],[[92.32417367997226,20.614449289376164],[92.32417367997226,20.61462895536962],[92.32399402875315,20.614628995249795],[92.32399402875315,20.61444932923953],[92.32417367997226,20.614449289376164]]]]},"id":"0","properties":{"area_km2":4.196481945161312,"type":"land","zone":"island_land"}},{"type":"Feature","geometry":{"type":"MultiPolygon","coordinates":[[[[92.32668458085418,20.621096817859108],[92.32659911603265,20.62109683844345],[92.32659911603265,20.621056822796536],[92.32668458085418,20.621096817859108]]],[[[92.32354482857623,20.619954564216492],[92.32354482857623,20.620018908620356],[92.32345500411857,20.620018837615948],[92.32345500411857,20.61992399287334],[92.32354482857623,20.619954564216492]]],[[[92.33699839948079,20.625796792816896],[92.33696805288282,20.625888627192836],[92.33694939036411,20.6260223787057],[92.3367806002696,20.626483585865156],[92.33676976401205,20.626561341882393],[92.33663777258157,20.626921996861377],[92.33673048259996,20.627092600888187],[92.33674906977733,20.627155511402393],[92.33691018404924,20.627451970599083],[92.3369287712999,20.62751479022548],[92.33708981095468,20.6278112502972],[92.33710847353089,20.627874159780273],[92.33726951382056,20.628170619714464],[92.33728810121772,20.6282334393223],[92.33744921739492,20.62852998898481],[92.33748767164376,20.628659973138177],[92.33754915335754,20.628781922672967],[92.33762011705439,20.6290526946706],[92.33762892167772,20.629068934317953],[92.33766737607816,20.62919891846951],[92.33772885803432,20.629320958846417],[92.33792353890028,20.6300639069765],[92.33814177510759,20.630801176239334],[92.33815193440475,20.63093572180438],[92.33818625026971,20.631066761374807],[92.33828084479435,20.632325522810834],[92.33828099530291,20.634840778704888],[92.33826662173874,20.634975018948793],[92.33827670580946,20.635109565993076],[92.3381708984322,20.63586810511246],[92.33808924781464,20.636629318469836],[92.33804665409428,20.636758213578272],[92.33802799113397,20.636891966552025],[92.33792978495651,20.637160383261804],[92.33790969222444,20.637347956091865],[92.3378670234183,20.637476852278255],[92.33784836053152,20.63761060533725],[92.33758354402185,20.638334390257405],[92.33734190688381,20.639065224599392],[92.33727274968268,20.639183572007678],[92.33722609308833,20.63931115882846],[92.33717025574298,20.63940033634077],[92.33716227898496,20.639424526804635],[92.33709312205636,20.63954287419961],[92.33704646564583,20.639670461031216],[92.33699062852054,20.639759638530126],[92.33698265179396,20.63978382899682],[92.33691349513786,20.639902176378474],[92.33686676365927,20.64002976423388],[92.33645348187933,20.64068984226844],[92.33606142451379,20.641361176087756],[92.33596856535534,20.641464301915345],[92.33589572297124,20.64158069943632],[92.33535046229335,20.642150763797915],[92.33482364403383,20.64273575592867],[92.33471069607533,20.642819521498616],[92.33461460399526,20.64292005484474],[92.33395912145231,20.64337727172449],[92.33331862230521,20.643852642971833],[92.33319010217922,20.643913715324683],[92.33307452467055,20.643994334600798],[92.33233509138793,20.644320535212294],[92.33160635464537,20.64466721912674],[92.33146745581018,20.644703255957722],[92.33135323704197,20.64475368377315],[92.33115715463329,20.64484692509807],[92.33101825716753,20.644882961577554],[92.33088793772009,20.64494042137515],[92.33009391510012,20.645122574189802],[92.32930600071427,20.645326816377505],[92.32916229358197,20.6453362880509],[92.32902227361322,20.64536843022514],[92.32767709563835,20.645456908529223],[92.32695843973313,20.64545691192714],[92.32681504094826,20.645443384774033],[92.32667126643935,20.645452855305365],[92.32586061541802,20.64535375525696],[92.32563115301593,20.645332201483505],[92.32556901028238,20.645336305858912],[92.3254290013593,20.645368445039747],[92.32446670557114,20.645431683488123],[92.32435099973071,20.645458225258228],[92.32300588448808,20.64554675759989],[92.32291598586467,20.645546688499927],[92.3228096123253,20.64553675208737],[92.32271866088936,20.64554269510103],[92.3226872153566,20.645538844537413],[92.32262883806148,20.64554271571813],[92.32181818377161,20.64544359661025],[92.32100476056276,20.645367230852944],[92.32086702243852,20.645327358483534],[92.32072409418655,20.645309821189127],[92.31995070967595,20.64506196823172],[92.31916974080984,20.64483575177059],[92.31904329161131,20.644771007468492],[92.31890691342267,20.644727298313025],[92.31876542054354,20.644649758831022],[92.31872720776273,20.64463754602048],[92.31802193196197,20.644250726200614],[92.3173045567278,20.64388378603389],[92.31719436010795,20.643796830167215],[92.31707002253575,20.64372860268776],[92.31693996865701,20.64361973681102],[92.31642833173001,20.64355713270191],[92.31561485439846,20.64348074146654],[92.31547720780019,20.64344086340943],[92.31533422125567,20.643423413165287],[92.3145608531081,20.64317544400242],[92.31377990150963,20.642949292867343],[92.31365339207206,20.642884545236388],[92.31351703003413,20.642840831438658],[92.31281175976184,20.642454080122754],[92.31209439144688,20.642087117208355],[92.31198420744357,20.64200015765987],[92.31185988410704,20.641932016940086],[92.3112507573156,20.641421743606053],[92.31062569445682,20.640928674888766],[92.3105361211182,20.64082299121205],[92.31047708253213,20.640773519877847],[92.31044602149788,20.640749031925036],[92.31044158420902,20.64074372901069],[92.31042872359454,20.640732994471918],[92.31037036202136,20.64065970329582],[92.31035644851303,20.640643348149464],[92.31024912662156,20.640553350287437],[92.30976057830978,20.639939952846227],[92.30925270721757,20.6393405340901],[92.30918735297527,20.639220259265354],[92.30910124194784,20.639112075013802],[92.3087527383717,20.63842010866673],[92.30838227763628,20.637738157981985],[92.30834384796009,20.637608164195395],[92.30828233046384,20.637486111354022],[92.30827811900015,20.63746999057703],[92.3082646573599,20.637453992783744],[92.30819930453727,20.637333808525582],[92.30811319538041,20.637225623801086],[92.30776469937487,20.636533655839038],[92.30739424668717,20.635851612494907],[92.30735574264264,20.635721619593014],[92.30729430168597,20.635599656348024],[92.30726888305253,20.635502388339752],[92.30721458649259,20.63540250500901],[92.30717615780306,20.635272511097174],[92.30711471708901,20.635150456928187],[92.3070274067434,20.63481717647877],[92.30688625161244,20.63463992630392],[92.30637833741365,20.634040409373124],[92.30631306250305,20.633920223503612],[92.3062268817162,20.633812038866445],[92.30597789084912,20.633317593074707],[92.30542576918089,20.63315761327062],[92.30529935817574,20.633092948758215],[92.30516294598023,20.633049228553052],[92.30495013174051,20.632932545655148],[92.30479695122402,20.63288813892105],[92.30467054196697,20.632823473903716],[92.30453413165789,20.63277975315584],[92.30382892546207,20.63239296243049],[92.30311162362042,20.632025959302535],[92.3030013861815,20.631939085435796],[92.30287708739807,20.63187084671377],[92.30226800571315,20.63136054025571],[92.30164299111439,20.630867528273576],[92.30155343546753,20.630761839714463],[92.30144605915626,20.6306719278405],[92.30095753021942,20.63005850546836],[92.30044968224678,20.62945906059615],[92.30038441584742,20.629338781473333],[92.30029824629777,20.62923059364981],[92.299949810186,20.628538609917154],[92.2995793459766,20.627856641520896],[92.29954092374003,20.62772664605098],[92.29947949334316,20.627604680026963],[92.29928490164271,20.62686158321407],[92.29906670127545,20.626124342718654],[92.29905662588752,20.62598979157977],[92.29902233950949,20.62585874171744],[92.29892782653556,20.624600030020325],[92.2989279017248,20.624240689109598],[92.29894226287209,20.624106450930466],[92.29893218751174,20.623971900010694],[92.29903812928563,20.62321337640717],[92.29911978507265,20.62245217572327],[92.29916241757225,20.622323289044015],[92.29918113979367,20.622189538670682],[92.29944603373723,20.621465809736073],[92.2996876953548,20.620735027336934],[92.29975687066545,20.620616695010582],[92.29980356405964,20.62048902703232],[92.3002168891591,20.619829039628005],[92.3006089386699,20.619157791929315],[92.30070180091163,20.61905459538587],[92.30077466218796,20.618938213497223],[92.30131988479529,20.618368266704486],[92.30184669139136,20.617783295045474],[92.30190053037676,20.617743321879853],[92.3020263303775,20.617603700290633],[92.30208024477011,20.617563635205972],[92.30220597007349,20.617424014523547],[92.30231891259825,20.617340181326927],[92.30241508691343,20.617239666708972],[92.30263698792744,20.617084866834347],[92.30265518521216,20.61706472311125],[92.30276812885289,20.61698088967502],[92.30286422892263,20.616880375865897],[92.30351956462597,20.61642320023778],[92.30416009578752,20.61594786135544],[92.30428853397433,20.615886814106208],[92.30440411361302,20.615806125647524],[92.30514346929994,20.615479968979763],[92.30587208330357,20.615133322509486],[92.30601090405693,20.61509730984651],[92.30614130270206,20.615039779651262],[92.30693513320118,20.614857663345624],[92.30772281084617,20.614653450848675],[92.30786660071439,20.61464399830361],[92.30800655562,20.614611876859623],[92.30834456105723,20.614589640542075],[92.30859783184695,20.614721334358794],[92.31374767315555,20.616649359098076],[92.31786754620242,20.61857735942984],[92.3223307420032,20.6195413504423],[92.32336517983808,20.619893421531795],[92.32336517983808,20.620378191434746],[92.3231855318087,20.620378230972104],[92.3231855318087,20.62073747423804],[92.32300588448808,20.620737513613324],[92.32300588448808,20.621096847908913],[92.32273633960752,20.621096816782455],[92.32273633960752,20.62127648399945],[92.32255669405917,20.62127652293587],[92.32255669405917,20.62145619019899],[92.32219740508879,20.621456176639676],[92.32219740508879,20.621635843965706],[92.32201768643938,20.621635792475427],[92.32201768643938,20.621815459847575],[92.32183804372649,20.621815498051625],[92.32183804372649,20.621995165469883],[92.3216584017224,20.62199511261623],[92.3216584017224,20.622174780080567],[92.32138886481891,20.622174837781888],[92.32138886481891,20.62235450530073],[92.3210295850642,20.622354489365225],[92.3210295850642,20.622534156946923],[92.3208498710246,20.622534104268],[92.3208498710246,20.62271377189577],[92.3206702329196,20.622713808911794],[92.3206702329196,20.622893476585645],[92.32049059552344,20.622893513422795],[92.32049059552344,20.623073090263734],[92.3204007018664,20.623073109622155],[92.3204007018664,20.622893441893854],[92.3203108836115,20.6228934601901],[92.3203108836115,20.623073127926787],[92.32004142991002,20.623073091668243],[92.32004142991002,20.623252759459362],[92.31986171977125,20.623252796649776],[92.31986171977125,20.623432464486957],[92.31968208556546,20.623432500493838],[92.31968208556546,20.62361216837706],[92.31950245206852,20.62361211332601],[92.31950245206852,20.62379178125526],[92.31932274405749,20.62379181790875],[92.31932274405749,20.624330821922396],[92.31914311197856,20.624330766546958],[92.31914311197856,20.62451043462676],[92.31896340538616,20.624510470955805],[92.31896340538616,20.624690139081633],[92.31869395966065,20.62469010084786],[92.31869395966065,20.62486976902805],[92.31833462595306,20.624869748695446],[92.31833462595306,20.625049416938374],[92.31815492255252,20.625049452436798],[92.31815492255252,20.625229120725734],[92.31779559310031,20.625229099285697],[92.31779559310031,20.625318888018235],[92.31797529508219,20.62531894376549],[92.31797529508219,20.625408732496954],[92.31761596704807,20.625408710699038],[92.31761596704807,20.62558837909666],[92.31698713100964,20.62558840753544],[92.31698713100964,20.62567828721421],[92.31716682979953,20.625678252929546],[92.31716682979953,20.625768041727884],[92.31680750814807,20.625768109114873],[92.31680750814807,20.6259477776463],[92.31644811411529,20.625947754407694],[92.31644811411529,20.626127423001808],[92.31599898839157,20.62612741410951],[92.31599898839157,20.626307082774684],[92.3156396759605,20.62630705683837],[92.3156396759605,20.6264867255662],[92.31510067502522,20.626486731185157],[92.31510067502522,20.626666399992384],[92.31492098439361,20.62666643211799],[92.31492098439361,20.62684610097114],[92.31483117695166,20.626846025588126],[92.31483117695166,20.626935905469594],[92.31465148738424,20.626935846447108],[92.31465148738424,20.62720539528083],[92.31447187374128,20.627205425964963],[92.31447187374128,20.627385004067825],[92.31411249815366,20.627385066886955],[92.31411249815366,20.62756473593205],[92.31393288663827,20.627564675182988],[92.31393288663827,20.627924013394058],[92.31411249815366,20.627924074109707],[92.31411249815366,20.628462990715008],[92.31429218559269,20.62846305018264],[92.31429218559269,20.628822388618172],[92.31447187374128,20.628822356976826],[92.31447187374128,20.629181695495337],[92.31483117695166,20.62918172344061],[92.31483117695166,20.629361301830325],[92.31510067502522,20.629361344719694],[92.31510067502522,20.629720683295705],[92.3152803663664,20.62972065068971],[92.3152803663664,20.630079989348598],[92.31545998320054,20.63007995751616],[92.31545998320054,20.6304392962579],[92.3156396759605,20.630439354073197],[92.3156396759605,20.630619023470942],[92.31581929421284,20.6306189911969],[92.31581929421284,20.630978330046105],[92.31590917882217,20.630978312815877],[92.31590917882217,20.630798643385134],[92.31599898839157,20.63079862711741],[92.31599898839157,20.631337635471706],[92.31617868327984,20.631337601736085],[92.31617868327984,20.63214616012218],[92.31626849338109,20.632146143644896],[92.3162684933811,20.631876593836797],[92.31635830365957,20.63187666820304],[92.31635830365957,20.632595255749795],[92.31644811411529,20.63259523915374],[92.31644811411529,20.632415569511927],[92.31662781077692,20.63241562606626],[92.31662781077692,20.632954635028486],[92.31671762176448,20.632954618268894],[92.31671762176448,20.632774948594175],[92.31680750814807,20.632774930790468],[92.31680750814807,20.633134270152112],[92.31698713100964,20.633134236371482],[92.31698713100964,20.633493575815596],[92.31716682979953,20.633493631681993],[92.31716682979953,20.634032550135245],[92.31734645407921,20.634032606759412],[92.31734645407921,20.634481735921064],[92.31752615428779,20.63448170042366],[92.3175261542878,20.634661370298232],[92.31788548161286,20.634661390566492],[92.31788548161286,20.634481720725418],[92.31815492255252,20.634481758910965],[92.31815492255252,20.634122419365927],[92.31851425484146,20.634122438364226],[92.31851425484146,20.63394276866866],[92.31959226872839,20.63394273018488],[92.31959226872837,20.634032610418704],[92.31950245206852,20.634032537914642],[92.31950245206852,20.6341224181599],[92.31986171977125,20.634122435226057],[92.31986171977125,20.634032554997564],[92.32004142991002,20.634032607680272],[92.32004142991002,20.634122397020477],[92.3201312476333,20.6341223783468],[92.3201312476333,20.634032589010783],[92.3202210655338,20.634032570292362],[92.3202210655338,20.634302120069346],[92.3207600518835,20.634302096530153],[92.3207600518835,20.634391885858538],[92.3205804141329,20.634391923867298],[92.3205804141329,20.634481713211304],[92.3210295850642,20.634481707675732],[92.3210295850642,20.634661377223416],[92.32138886481891,20.634661390860796],[92.32138886481891,20.63475127106865],[92.32120922458715,20.63475121891629],[92.32120922458715,20.634841099139788],[92.32156858098617,20.634841020466375],[92.32156858098617,20.63502069002159],[92.32174822263585,20.635020741757184],[92.32174822263586,20.635200411324597],[92.32192786499435,20.635200371967745],[92.32192786499435,20.63555971115574],[92.32210750806163,20.635559762449475],[92.32210750806163,20.635739341190146],[92.32219740508879,20.63573941118904],[92.32219740508879,20.635829200566015],[92.32210750806163,20.63582922145127],[92.32210750806163,20.635919010839665],[92.32255669405917,20.63591900080736],[92.32255669405917,20.63627834010918],[92.32273633960752,20.63627839065048],[92.32273633960752,20.636458060327968],[92.32291598586467,20.63645801977673],[92.32291598586467,20.6365479000579],[92.32300588448808,20.636547878698114],[92.32300588448808,20.636457998421147],[92.32408385427412,20.636458022047023],[92.32408385427412,20.636278352495484],[92.32444315812984,20.636278359173456],[92.32444315812984,20.636098689684427],[92.32462281112083,20.636098738186412],[92.32462281112083,20.635919068743085],[92.32614996539344,20.635919063279484],[92.32614996539344,20.63609873257994],[92.32650928555044,20.636098734787478],[92.32650928555044,20.636278404083225],[92.32695843973313,20.636278382979096],[92.32695843973313,20.63645805226168],[92.32767709563835,20.636458052233774],[92.32767709563835,20.636368172182646],[92.32749743059902,20.636368217914846],[92.32749743059904,20.63627833786254],[92.32812626133709,20.63627835873187],[92.32812626133709,20.635919020472116],[92.32830592885672,20.635919064976196],[92.32830592885672,20.63538005785386],[92.3283957628823,20.635380034617885],[92.3283957628823,20.63555970362133],[92.32848559708503,20.63555968032796],[92.32848559708503,20.634841095401033],[92.328665266022,20.634841048734767],[92.328665266022,20.632325778175925],[92.32857543146494,20.632325801415657],[92.32857543146494,20.63250546990982],[92.32848559708503,20.632505402229654],[92.32848559708503,20.631786819272843],[92.3283957628823,20.631786751510088],[92.3283957628823,20.631966419934017],[92.32830592885672,20.63196644301004],[92.32830592885672,20.631427437800134],[92.32812626133709,20.63142748375482],[92.32812626133709,20.631068147059747],[92.3279465945261,20.63106810190569],[92.3279465945261,20.630708856172422],[92.32776692842376,20.63070881078891],[92.32776692842376,20.630349474258985],[92.32749743059902,20.630349451205714],[92.32749743059902,20.6298105374324],[92.32740759834515,20.629810469038713],[92.32740759834515,20.629990137235552],[92.3273177662684,20.629990159680535],[92.3273177662684,20.629271487034075],[92.32722793436882,20.629271509396453],[92.32722793436882,20.629451177522824],[92.32713810264643,20.629451199844663],[92.32713810264643,20.62873252748013],[92.32695843973313,20.628732481030532],[92.32695843973313,20.62702568131251],[92.32686860854226,20.62702570337394],[92.32686860854226,20.628013831172368],[92.32677877752855,20.628013853231117],[92.32677877752855,20.625229048949105],[92.32695843973313,20.625229095922315],[92.32695843973313,20.624690093611175],[92.32713810264644,20.624690140439057],[92.32713810264643,20.624510473077294],[92.32740759834515,20.624510406659148],[92.32740759834515,20.623971495703795],[92.3275872630301,20.62397145123084],[92.3275872630301,20.623432449710556],[92.32740759834515,20.623432494133024],[92.32740759834515,20.62307315989887],[92.32722793436882,20.62307311321327],[92.32722793436882,20.62235444502918],[92.3273177662684,20.622354513869375],[92.3273177662684,20.622534180863045],[92.32740759834515,20.622534158767294],[92.32740759834515,20.622174824826086],[92.32722793436882,20.62217477805641],[92.32722793436882,20.62199520199152],[92.32695843973313,20.621995176884074],[92.32695843973313,20.621456176153902],[92.32686860854226,20.6214561979545],[92.32686860854226,20.621635864843654],[92.32677877752855,20.621635795725187],[92.32677877752855,20.621140899103043],[92.32885387432742,20.62211196330673],[92.3333170701282,20.624361213961162],[92.33699839948079,20.625796792816896]],[[92.30917178529276,20.624869748709333],[92.30917178529276,20.624690079642626],[92.30881245157002,20.624690130413004],[92.30881245157002,20.624600250434096],[92.30854299074349,20.624600287485936],[92.30854299074349,20.624240949352668],[92.30872265618561,20.624240924400542],[92.30872265618561,20.624061255394466],[92.30890232233743,20.624061321142953],[92.30890232233743,20.623881652182813],[92.30917178529276,20.623881614644155],[92.30917178529276,20.62370194573832],[92.30935145321864,20.62370192015143],[92.30935145321864,20.623522251291554],[92.30953112185419,20.6235223164052],[92.30953112185419,20.62388165412085],[92.30935145321864,20.623881589040572],[92.30935145321864,20.624779933925073],[92.30944132505103,20.62477992050821],[92.30944132505103,20.624690131430846],[92.30953112185419,20.624690118969127],[92.30953112185419,20.62486978800244],[92.30917178529276,20.624869748709333]]]]},"id":"1","properties":{"area_km2":7.8806797480044315,"type":"treatment","zone":"T_north"}},{"type":"Feature","geometry":{"type":"MultiPolygon","coordinates":[[[[92.32354482857623,20.61943278322722],[92.32354482857623,20.619954564216492],[92.32345500411857,20.61992399287334],[92.32345500411859,20.61983917067163],[92.32336517983808,20.61983919048848],[92.32336517983808,20.619893421531795],[92.3223307420032,20.6195413504423],[92.32098985363466,20.619251749688992],[92.32354482857623,20.61943278322722]]],[[[92.3332466118621,20.588427766660143],[92.3332466118621,20.588847365885417],[92.33333645563002,20.588847342142117],[92.33333645563002,20.588937127136997],[92.33351614369728,20.58893717037081],[92.33351614369728,20.589116831241906],[92.33369583247308,20.589116783387784],[92.33369583247308,20.589476105187018],[92.33297140079574,20.589476149677754],[92.3332466118621,20.588427766660143]]],[[[92.3337608990425,20.58646861252591],[92.33423482780407,20.586518414496],[92.33423482780407,20.586601572920337],[92.33405513690298,20.586601530249325],[92.33405513690298,20.587859153870994],[92.33387544671041,20.587859201997933],[92.33387544671041,20.58821852333938],[92.33369583247308,20.588218479419638],[92.33369583247308,20.588398140152673],[92.33325438177754,20.588398167898703],[92.3337608990425,20.58646861252591]]],[[[92.33193376809177,20.593428751481607],[92.33207880948669,20.59342871473149],[92.33207880948669,20.593069391299142],[92.33202810585018,20.593069404150494],[92.33259409023222,20.590913444154932],[92.33270762821948,20.59091347253993],[92.33270762821948,20.590733811290384],[92.33288731380712,20.590733764164238],[92.33288731380712,20.59055410296179],[92.33405513690298,20.590554157506872],[92.33405513690298,20.59037449644433],[92.33423482780407,20.590374447885424],[92.33423482780407,20.59019478687],[92.33441444416579,20.590194830017854],[92.33441444416579,20.590015169049543],[92.3352229146771,20.590015131158072],[92.3352229146771,20.589655809464187],[92.33540261018261,20.589655850577326],[92.33540261018261,20.589476098917203],[92.33576192806902,20.58947618160099],[92.33576192806902,20.58929652088035],[92.33639072237375,20.589296436818465],[92.33639072237375,20.589476188355373],[92.33657042248353,20.589476137338913],[92.33657042248353,20.59037444101587],[92.33675004805004,20.5903744816057],[92.33675004805004,20.59019482082669],[92.33692974957644,20.590194769351495],[92.33692974957644,20.58983544791803],[92.33701960060533,20.589835512999397],[92.33701960060533,20.590015173692567],[92.33710937655897,20.59001514885227],[92.33710937655897,20.58893718519794],[92.33701960060533,20.588937119112217],[92.33701960060533,20.58875745860069],[92.33692974957644,20.588757484344],[92.33692974957644,20.588577823854305],[92.33675004805004,20.588577784302004],[92.33675004805004,20.588218463379715],[92.33639072237375,20.588218473485373],[92.33639072237375,20.588577794475245],[92.33630094783555,20.588577818857186],[92.33630094783555,20.588488034031798],[92.33612124878819,20.58848799378665],[92.33612124878819,20.588757530061557],[92.33594162569972,20.58875748863564],[92.33594162569972,20.588577828053026],[92.33576192806902,20.58857778742524],[92.33576192806902,20.58785914533024],[92.33558223114682,20.587859195314635],[92.33558223114682,20.587499874415197],[92.33576192806902,20.58749982446461],[92.33576192806902,20.587140503720285],[92.33558223114682,20.587140553637067],[92.33558223114682,20.58678123298028],[92.3352229146771,20.586781240274263],[92.3352229146771,20.586622241612393],[92.34663845098788,20.587821357025998],[92.34672229606683,20.58893689764186],[92.34672237133503,20.590014854844217],[92.34670791984168,20.59014909038958],[92.34671808104747,20.590283630014458],[92.34661225408189,20.591042228419646],[92.34653066361601,20.591803408406122],[92.34648806201008,20.591932298834333],[92.34646939559458,20.59206604624554],[92.34620467954865,20.592789803237107],[92.34596307198784,20.593520609705795],[92.34589397697683,20.59363895260452],[92.34584731156018,20.593766625741942],[92.34543409890556,20.594426683254575],[92.34504219010725,20.59509799438958],[92.34494931265631,20.595201118188328],[92.34487653118795,20.5953175114392],[92.34433138888784,20.59588747164549],[92.34380476789437,20.596472448244338],[92.34375080407432,20.596512524726037],[92.3436251145318,20.59665216796729],[92.34357115092433,20.596692244405823],[92.34344546187697,20.596831796682956],[92.34333256781834,20.596915651426304],[92.34323645756332,20.597016091956764],[92.34258122734629,20.597473391998935],[92.3419408328237,20.59794866543756],[92.34194053178243,20.597948851243775],[92.34194331641417,20.597958264829195],[92.34194903619884,20.597969729027998],[92.34196732446249,20.598039366254657],[92.34209233209076,20.598461800278248],[92.34209812715467,20.598538966736722],[92.34214365982544,20.59871274429774],[92.34236191623394,20.59944998878595],[92.34237200121048,20.599584531117067],[92.34240632025184,20.599715566327227],[92.34250092353244,20.600974288055816],[92.3425009987937,20.601423487642755],[92.34248662389908,20.601557723616008],[92.3424967089032,20.60169226618262],[92.34239089173224,20.60245078138229],[92.34230930881786,20.603212060417455],[92.34226671115489,20.603340860788702],[92.34224804646703,20.603474609550233],[92.34198327966146,20.604198371652448],[92.34174169446334,20.604929182754937],[92.34170090356864,20.604999070978334],[92.34168058339486,20.605188276893134],[92.34163798631923,20.605317168300463],[92.34161932188873,20.60545091729863],[92.3413545587338,20.606174680226403],[92.34111297686671,20.60690549223295],[92.34104381394482,20.607023836371006],[92.34099715349093,20.607151510375285],[92.34080923275927,20.607451662336647],[92.3405740507161,20.608163122756952],[92.34053454025188,20.608230812741255],[92.34036656471758,20.608689912330185],[92.34012498808526,20.609420816157062],[92.34005582666205,20.60953916030748],[92.34000916721925,20.609666743578664],[92.33964710661743,20.61024505150134],[92.33960661862247,20.61053567596783],[92.33952504068975,20.611296869880825],[92.33948244562791,20.611425670861383],[92.33946378207978,20.611559420578665],[92.33919895618598,20.612283186793416],[92.33895738574046,20.61301409222427],[92.33888822608847,20.613132436478082],[92.33884156784065,20.613260020005672],[92.3384956962538,20.61381248316447],[92.33843902955338,20.614218740558005],[92.33835745370996,20.614979937086293],[92.33831485973906,20.615108829238388],[92.3382961966689,20.615242579392646],[92.33803137755766,20.615966347127284],[92.3377897380457,20.616697164359156],[92.33772065541848,20.616815507715312],[92.33767392311238,20.616943092522792],[92.33761499983821,20.617037216614822],[92.33743047942632,20.617595506964765],[92.33736139734356,20.61771385032219],[92.33731466540577,20.61784143517842],[92.33708838116085,20.61820281011696],[92.33701019408227,20.61893252016807],[92.33696760137019,20.619061412616265],[92.33694893885165,20.619195072355627],[92.3366841275672,20.619918841594874],[92.3366750973715,20.619946226433118],[92.33688354484495,20.620650180720805],[92.33689362860972,20.62078481716046],[92.33692794352741,20.62091576518004],[92.33698182402051,20.621632886069946],[92.33706324689769,20.62190787833521],[92.33707340595447,20.62204242300799],[92.33710772100751,20.622173461983007],[92.33720231329407,20.623432215074683],[92.33720231329407,20.623971213887938],[92.33718794007002,20.624105361838133],[92.33719809915462,20.624239906751015],[92.3370922190286,20.624998529466627],[92.33701064559533,20.62575973379346],[92.33699839948079,20.625796792816896],[92.3333170701282,20.624361213961162],[92.32885387432742,20.62211196330673],[92.32677877752855,20.621140899103043],[92.32677877752855,20.620917219189526],[92.32668894669202,20.620917149988518],[92.32668894669202,20.62109681680646],[92.32668458085418,20.621096817859108],[92.32659911603265,20.621056822796536],[92.32659911603265,20.620198504605213],[92.32650928555044,20.620198526151206],[92.32650928555044,20.62037819286855],[92.32641945524544,20.620378214374032],[92.32641945524544,20.619479881039013],[92.3263296251176,20.619479902453506],[92.3263296251176,20.61965956907016],[92.32623979516694,20.61965949956573],[92.32623979516694,20.61804259187704],[92.32641945524543,20.61804254923155],[92.32641945524543,20.61732388403404],[92.32659911603265,20.61732393213838],[92.32659911603265,20.617144265929433],[92.3275872630301,20.617144209024104],[92.3275872630301,20.61705442141603],[92.32740759834515,20.617054465240944],[92.32740759834515,20.61570692485244],[92.3275872630301,20.61570697203181],[92.3275872630301,20.6153476403591],[92.32767709563835,20.615347618453207],[92.32767709563835,20.615527284266385],[92.32776692842376,20.615527262303164],[92.32776692842376,20.61480859926119],[92.32785676138633,20.614808668160663],[92.32785676138633,20.614988333868475],[92.3279465945261,20.614988311832654],[92.3279465945261,20.614539102200574],[92.32803642784299,20.614539171014798],[92.32803642784299,20.61444929276358],[92.32821609500832,20.614449339375764],[92.32821609500832,20.614269673790204],[92.32839576288231,20.614269629345653],[92.3283957628823,20.61408996380647],[92.32857543146494,20.614090010060927],[92.32857543146494,20.61337134826706],[92.32875510075621,20.613371303515343],[92.32875510075621,20.613191638157627],[92.32893477075615,20.613191684104834],[92.32893477075615,20.612113692680776],[92.3288449356676,20.612113715119975],[92.3288449356676,20.612293380291767],[92.32875510075621,20.61229331181278],[92.32875510075621,20.610406874336906],[92.32893477075615,20.61040692054496],[92.32893477075615,20.61004759087013],[92.32920420184546,20.61004752455791],[92.32920420184546,20.609867859790253],[92.32956354609655,20.609867860256053],[92.32956354609655,20.609688195551755],[92.32974321928505,20.609688240946706],[92.32974321928505,20.609508576288924],[92.3301025677879,20.609508575648086],[92.3301025677879,20.609328911053666],[92.32992289318217,20.609328866016384],[92.32992289318217,20.60914929231219],[92.32974321928505,20.609149247062398],[92.32974321928505,20.608969582493657],[92.32956354609655,20.608969627908746],[92.32956354609655,20.608789963352866],[92.32938387361669,20.608789917678067],[92.32938387361669,20.60861025313506],[92.32947370976805,20.608610230566654],[92.32947370976805,20.608700108268913],[92.32956354609655,20.60870008564738],[92.32956354609655,20.608071305426428],[92.32938387361669,20.60807125968429],[92.32938387361669,20.607891595260146],[92.32920420184546,20.60789164018282],[92.32920420184546,20.606993318423882],[92.3292940376425,20.606993296029117],[92.3292940376425,20.607172960312997],[92.32938387361669,20.607172937860902],[92.32938387361669,20.60663394512383],[92.32956354609655,20.60663399100063],[92.32956354609655,20.6064543268313],[92.32974321928505,20.606454281652137],[92.32974321928505,20.60627461752942],[92.3301025677879,20.606274617495018],[92.3301025677879,20.60609495343578],[92.33037200578396,20.606094976649633],[92.33037200578396,20.605915312645433],[92.33073135924651,20.605915311309058],[92.33073135924651,20.60573564736834],[92.33109071554347,20.605735645283065],[92.33109071554347,20.605915309190078],[92.33127031951216,20.605915354284708],[92.33127031951216,20.605196698902823],[92.33144999943181,20.605196651983217],[92.33144999943181,20.604657660810357],[92.33171952063991,20.604657681016917],[92.33171952063991,20.60375936311846],[92.33189920233103,20.603759315844666],[92.33189920233103,20.60357965237137],[92.33207880948669,20.60357969680497],[92.33207880948669,20.603220369981642],[92.33216865095211,20.60322034619891],[92.33216865095211,20.603400009587208],[92.33225849259469,20.603399985747128],[92.33225849259466,20.60250176002323],[92.3324381764112,20.60250171228069],[92.3324381764112,20.60196272272951],[92.33261786093631,20.60196276571858],[92.33261786093631,20.601423776487106],[92.33288731380712,20.601423705374515],[92.33288731380712,20.600974593388834],[92.33279747092473,20.60097461745735],[92.33279747092473,20.601064403493123],[92.33261786093631,20.601064450482365],[92.33261786093631,20.5999864731866],[92.33225849259469,20.599986477518414],[92.33225849259466,20.59962706104885],[92.33207880948669,20.599627108325812],[92.33207880948669,20.598549132164866],[92.33225849259466,20.59854908498913],[92.33225849259469,20.598279636581093],[92.33207880948669,20.598279592855164],[92.33207880948669,20.598189807017842],[92.33189920233103,20.59818976207882],[92.33189920233103,20.597830437018143],[92.33171952063991,20.597830483735287],[92.33171952063991,20.596752509172784],[92.33189920233103,20.59675246255686],[92.33189920233103,20.595315164958404],[92.33171952063991,20.595315211439356],[92.33171952063991,20.594416901333936],[92.33189920233103,20.59441685493732],[92.33189920233103,20.593560417453673],[92.33193376809177,20.593428751481607]]]]},"id":"2","properties":{"area_km2":4.66079670576467,"type":"treatment","zone":"T_east"}},{"type":"Feature","geometry":{"type":"MultiPolygon","coordinates":[[[[92.33189920233103,20.593560417453673],[92.33189920233103,20.59342876022193],[92.33193376809177,20.593428751481607],[92.33189920233103,20.593560417453673]]],[[[92.32417367997226,20.614449289376164],[92.32417367997226,20.61462895536962],[92.32399402875315,20.614628995249795],[92.32399402875315,20.61444932923953],[92.32417367997226,20.614449289376164]]],[[[92.33202810585018,20.593069404150494],[92.33189920233103,20.59306943675587],[92.33189920233103,20.592889775068084],[92.33171952063991,20.592889730445393],[92.33171952063991,20.59271006877092],[92.33153983965737,20.592710114811727],[92.33153983965737,20.59145239294163],[92.33171952063991,20.591452437894702],[92.33171952063991,20.591272776461757],[92.33207880948669,20.591272775948045],[92.33207880948669,20.591452437347275],[92.33234833441436,20.591452458385795],[92.33234833441436,20.59136258225716],[92.33225849259466,20.59136260558092],[92.33225849259466,20.591272729455632],[92.33234833441436,20.59127279701185],[92.33234833441436,20.59109313566812],[92.33252801858518,20.59109308889926],[92.33252801858518,20.59091342760263],[92.33259409023222,20.590913444154932],[92.33202810585018,20.593069404150494]]],[[[92.32098985363466,20.619251749688992],[92.31786754620242,20.61857735942984],[92.31374767315555,20.616649359098076],[92.30859783184695,20.614721334358794],[92.30834456105723,20.614589640542075],[92.30935145321864,20.61452339633222],[92.30953112185419,20.61452346228154],[92.30960053776242,20.614529991761408],[92.30963859246559,20.614527486645898],[92.30970146552322,20.614535102712594],[92.30981826223534,20.614527461403437],[92.31062877800899,20.614626558471368],[92.31144201578167,20.61470298667059],[92.31157965017336,20.614742778316028],[92.31172254970915,20.614760325401736],[92.31249586961543,20.615008131512482],[92.31327664874954,20.615234296487383],[92.31340315713963,20.615299044617796],[92.31353944362289,20.61534276037366],[92.3136001408801,20.615376031741544],[92.31357103326339,20.614988003942493],[92.31357103326339,20.614718548830247],[92.31358539903572,20.614584311626015],[92.31357532043054,20.61444976373521],[92.31368129632322,20.613691243565967],[92.31376297840754,20.612930048401452],[92.31380554942304,20.612801161243667],[92.31382420246004,20.612667412475556],[92.31408910649654,20.611943674098836],[92.31433084593813,20.611212883324256],[92.31439996831078,20.611094548125294],[92.31444667674172,20.610966878309476],[92.31478145950766,20.61043214533319],[92.31473911322527,20.609867628827683],[92.31473918844065,20.608969297675422],[92.31475362979721,20.60883506019992],[92.31474347571792,20.60870051414332],[92.31484945433125,20.60794199800197],[92.3149311385125,20.607180806983724],[92.31497371062092,20.607051920410512],[92.31499236413678,20.606918172353723],[92.31506855781127,20.606710137791367],[92.31506231488942,20.60670231456076],[92.31455453504084,20.606102830226718],[92.3144891731819,20.605982560336027],[92.31440305211875,20.60587447180883],[92.31405465835459,20.60518244056837],[92.31368430486886,20.604500425003483],[92.31364587071347,20.60437043607506],[92.31358442126049,20.60424847805227],[92.31338984440903,20.603505415801248],[92.31317172677846,20.60276811956581],[92.31316164826494,20.602633573022278],[92.3131273512506,20.602502620310393],[92.3130328841693,20.601243768887016],[92.31303295938187,20.600525199671267],[92.31304732498432,20.600390964337276],[92.31303724649837,20.60025641806145],[92.31314314592505,20.59949781885224],[92.31322482704327,20.59873663430845],[92.31326747276822,20.598607748254214],[92.31328612558464,20.598474001398902],[92.3135460624029,20.59776370010951],[92.31359246910333,20.59743165362539],[92.31367415102818,20.59667047058633],[92.31371672196057,20.59654167661721],[92.31373537496117,20.596407930019335],[92.3138337546231,20.596139260765334],[92.31384172729614,20.596064908147113],[92.31384172729614,20.595045450081972],[92.31385616836786,20.594911214458133],[92.31384608970274,20.59477666894532],[92.31395199101198,20.59401807370472],[92.31403367358222,20.593256893196592],[92.314076244851,20.5931280087674],[92.31409497321327,20.592994261611985],[92.31426382967928,20.59253290559435],[92.31427466058312,20.59245533452168],[92.31452422337306,20.591773346717975],[92.31460146927591,20.591539765504297],[92.3146048539582,20.59153399523628],[92.31478115864583,20.59100074799655],[92.31485028170252,20.59088241557846],[92.3148969905957,20.590754839423724],[92.31495287585616,20.590665491041605],[92.3149608487253,20.590641484405776],[92.31502997205494,20.590523061099688],[92.31507668113257,20.590395484957664],[92.31545509412321,20.589791117855786],[92.3155897319828,20.589383835087716],[92.3156588562677,20.589265411741728],[92.31570556599085,20.589137835644312],[92.3161187347598,20.588477843669747],[92.31651077092846,20.58780659153757],[92.31660359042371,20.587703392396584],[92.31667647717784,20.587587009002437],[92.31688663840006,20.587367288711167],[92.3170497885649,20.587087943546177],[92.31714260915943,20.586984744235465],[92.31721549677681,20.586868360741796],[92.31746432349553,20.5866081395496],[92.31749892465847,20.58654888180791],[92.31759061786747,20.586447151394882],[92.31759212226949,20.586442860179595],[92.31784192891392,20.586044039705946],[92.3178969151435,20.58553140278657],[92.31793949002626,20.585402518724234],[92.3179581447578,20.58526877344512],[92.31819406578526,20.584624110890196],[92.31821086895633,20.58483383118477],[92.3337608990425,20.58646861252591],[92.33325438177754,20.588398167898703],[92.3332466118621,20.588398168377026],[92.3332466118621,20.588427766660143],[92.33297140079574,20.589476149677754],[92.33279747092473,20.589476159910706],[92.33279747092473,20.58956594498383],[92.33288731380712,20.589566012326753],[92.33288731380712,20.58965579740321],[92.33270762821948,20.589655844428094],[92.33270762821948,20.589296522382696],[92.33261786093631,20.589296453920337],[92.33261786093631,20.58938632986232],[92.33252801858518,20.589386353239938],[92.33252801858518,20.589835460457767],[92.33216865095211,20.58983546268808],[92.33216865095211,20.5896558015694],[92.33189920233103,20.589655778975906],[92.33189920233103,20.58983544011988],[92.33153983965737,20.58983544098155],[92.33153983965737,20.58974565582676],[92.33171952063991,20.589745610064284],[92.33171952063991,20.58965582492547],[92.33136015938341,20.589655825362374],[92.33136015938341,20.589745610518033],[92.33144999943181,20.589745678634667],[92.33144999943181,20.589835463793683],[92.3310008762035,20.589835485237085],[92.3310008762035,20.589655824008826],[92.33082119805503,20.58965577810516],[92.33082119805503,20.589835439350267],[92.33073135924651,20.589835461771372],[92.33073135924651,20.589655800517846],[92.33055168216094,20.58965584519657],[92.33055168216094,20.590015167767625],[92.33046184388388,20.5900150991748],[92.33046184388388,20.59010497527855],[92.33055168216094,20.59010495299143],[92.33055168216094,20.59019482909854],[92.33037200578396,20.59019478275658],[92.33037200578396,20.590015121408822],[92.33019240535651,20.59001516472228],[92.33019240535651,20.58983550338793],[92.32983305614505,20.589835500534928],[92.32983305614505,20.59001516190298],[92.3292940376425,20.590015110769745],[92.3292940376425,20.589476126604808],[92.32767709563835,20.589476142938008],[92.32767709563835,20.58893715859087],[92.3279465945261,20.58893718716805],[92.3279465945261,20.58821854189681],[92.32785676138633,20.5882184718025],[92.32785676138633,20.588308347876964],[92.32776692842376,20.588308368613678],[92.32776692842376,20.587140525436407],[92.32749743059902,20.587140496313573],[92.32749743059902,20.58732015744611],[92.3273177662684,20.587320198387157],[92.3273177662684,20.588937150095685],[92.32713810264643,20.588937190992773],[92.32713810264643,20.58929651396157],[92.32695843973313,20.589296463821032],[92.32695843973313,20.58965578694455],[92.32677877752855,20.58965582751803],[92.32677877752855,20.590015150796255],[92.32659911603265,20.590015100332018],[92.32659911603265,20.590194762033317],[92.3263296251176,20.590194822309545],[92.3263296251176,20.590554145853385],[92.32614996539344,20.59055409495087],[92.32614996539344,20.590913418649265],[92.325970306378,20.590913458460914],[92.325970306378,20.59145244428564],[92.32561099047322,20.59145243254739],[92.32561099047324,20.59163209458302],[92.32543133358392,20.591632133875546],[92.32543133358392,20.591991458071053],[92.32525167740334,20.5919914063256],[92.32525167740334,20.592171068485452],[92.32498211922902,20.59217112784588],[92.32498211922902,20.592889776888033],[92.32444315812984,20.592889710727167],[92.32444315812984,20.593788022960624],[92.32426350584761,20.593788061184295],[92.32426350584761,20.593967723738235],[92.32408385427412,20.59396776178323],[92.32408385427412,20.594147424384122],[92.32381430301241,20.594147391239154],[92.32381430301241,20.594506716581723],[92.32363465321112,20.594506754188387],[92.32363465321112,20.595045742478547],[92.32345500411857,20.595045689063664],[92.32345500411857,20.59792029811871],[92.32336517983808,20.597920316910628],[92.32336517983808,20.597740653610924],[92.3232753557348,20.597740672345584],[92.3232753557348,20.598459325758125],[92.3230957080598,20.59845927227122],[92.3230957080598,20.59935758979588],[92.3231855318087,20.599357571083363],[92.3231855318087,20.5994474483113],[92.32345500411857,20.59944748274476],[92.32345500411857,20.59962714632105],[92.32381430301241,20.59962707034529],[92.32381430301241,20.600166061153125],[92.32363465321112,20.600166099289176],[92.32363465321112,20.600345762968505],[92.32291598586467,20.600345732875947],[92.32291598586467,20.600525396652408],[92.32264651674473,20.600525452367123],[92.32264651674473,20.601244107873153],[92.32273633960752,20.601244089316868],[92.32273633960752,20.601064425403862],[92.3228261626475,20.60106440680709],[92.3228261626475,20.6012440707117],[92.3230957080598,20.60124410447479],[92.3230957080598,20.60133389098721],[92.3228261626475,20.601333948113748],[92.3228261626475,20.601423734646225],[92.3232753557348,20.601423730717006],[92.3232753557348,20.601783058591835],[92.32345500411859,20.601783020695574],[92.32345500411859,20.602142348656425],[92.32363465321112,20.602142401408123],[92.32363465321112,20.602322065416605],[92.32399402875316,20.602322078417096],[92.32399402875316,20.602142414442216],[92.32516177434624,20.60214243194963],[92.32516177434624,20.602322095815264],[92.32534150540506,20.60232205480913],[92.32534150540506,20.602501718687837],[92.32543133358392,20.60250169860609],[92.32543133358392,20.602322034735803],[92.32552116194,20.602322014613584],[92.32552116194,20.602501678475466],[92.32570081918365,20.60250172894457],[92.32570081918365,20.60286105672439],[92.325970306378,20.602860995695377],[92.325970306378,20.603040659604865],[92.32614996539344,20.603040709534625],[92.32614996539344,20.6034000374096],[92.3263296251176,20.60339999623309],[92.3263296251176,20.606094958847255],[92.32614996539344,20.606095000276134],[92.32614996539344,20.6066339936541],[92.32588047713604,20.60663396462904],[92.32588047713604,20.60699329374696],[92.32570081918365,20.606993334770962],[92.32570081918365,20.607711902553646],[92.32561099047322,20.60771192302593],[92.32561099047324,20.6075322583079],[92.32552116194,20.607532278722875],[92.32552116194,20.608250937807068],[92.32534150540506,20.608250887680096],[92.32534150540506,20.60861021743413],[92.32516177434624,20.60861025902911],[92.32516177434624,20.60878992396752],[92.32453298453675,20.608789882790596],[92.32453298453675,20.608969547817523],[92.32435333190016,20.608969587559457],[92.32435333190016,20.60986791322347],[92.3247126378821,20.609867924253585],[92.3247126378821,20.610406919907266],[92.32480246482056,20.6104068997979],[92.32480246482056,20.610317021735764],[92.32498211922902,20.61031707225645],[92.32498211922902,20.610586524684464],[92.3247126378821,20.61058658518448],[92.3247126378821,20.611125581193996],[92.32516177434624,20.61112557086778],[92.32516177434624,20.611305236221547],[92.32534150540506,20.611305194374204],[92.32534150540506,20.611664525136955],[92.32516177434624,20.611664567017947],[92.32516177434624,20.611844232460573],[92.3248922919362,20.611844202552735],[92.3248922919362,20.6123831991339],[92.32516177434624,20.61238322896613],[92.32516177434624,20.61310180050995],[92.3248922919362,20.613101861656485],[92.3248922919362,20.613281527361078],[92.3247126378821,20.61328147701975],[92.3247126378821,20.613101811298357],[92.32444315812984,20.613101871711272],[92.32444315812984,20.612922205994245],[92.32435333190016,20.612922135147713],[92.32435333190016,20.613101800873142],[92.32417367997226,20.613101840806074],[92.32417367997226,20.613281506577884],[92.32399402875316,20.613281455454008],[92.32399402875315,20.61346112127218],[92.32381430301241,20.61346116185348],[92.32381430301241,20.614179825489025],[92.32399402875315,20.61417978484048],[92.32399402875315,20.61444932923953],[92.32390420340938,20.614449349097846],[92.32390420340938,20.61435947066055],[92.32372447802317,20.614359511228052],[92.32372447802317,20.61462896483112],[92.32363465321112,20.61462898455108],[92.32363465321112,20.614539106086397],[92.32336517983808,20.61453916494023],[92.32336517983808,20.61471883102406],[92.3231855318087,20.614718779154078],[92.3231855318087,20.61498832379944],[92.32435333190016,20.614988338213838],[92.32435333190016,20.615168004279084],[92.32453298453675,20.615167963957223],[92.32453298453675,20.615347630035174],[92.32462281112083,20.61534760979247],[92.32462281112083,20.61516794372292],[92.3247126378821,20.61516792343971],[92.3247126378821,20.615347589500853],[92.32507194669903,20.615347598723403],[92.32507194669903,20.616066263128587],[92.3248922919362,20.616066304121453],[92.3248922919362,20.616245970313294],[92.32507194669903,20.616245929303616],[92.32507194669903,20.616335807841292],[92.3248922919362,20.61633575798118],[92.3248922919362,20.616425636534636],[92.32507194669903,20.616425595508137],[92.32507194669903,20.61696459429855],[92.3248922919362,20.61696463537549],[92.3248922919362,20.617683210030773],[92.3247126378821,20.61768325097929],[92.3247126378821,20.618222250489058],[92.32453298453675,20.61822220041396],[92.32453298453675,20.618401866992873],[92.32435333190016,20.618401907617304],[92.32435333190016,20.618581574242437],[92.32417367997226,20.61858152380958],[92.32417367997226,20.61876119048094],[92.32372447802317,20.618761200908537],[92.32372447802317,20.619300201225066],[92.32354482857623,20.619300241052944],[92.32354482857623,20.61943278322722],[92.32098985363466,20.619251749688992]],[[92.328665266022,20.58714049816863],[92.328665266022,20.586960837175855],[92.32848559708503,20.58696087935374],[92.32848559708503,20.586781218374455],[92.3288449356676,20.586781224732427],[92.3288449356676,20.58660156381716],[92.3292940376425,20.58660154899569],[92.3292940376425,20.58642188815288],[92.32947370976805,20.58642184514598],[92.32947370976805,20.586242184350372],[92.32965338260223,20.586242232040295],[92.32965338260223,20.586781214467663],[92.32947370976805,20.586781166828253],[92.32947370976805,20.58696082771492],[92.3288449356676,20.586960885678042],[92.3288449356676,20.58714054665399],[92.328665266022,20.58714049816863]]]]},"id":"3","properties":{"area_km2":4.414299693375021,"type":"treatment","zone":"T_west"}},{"type":"Feature","geometry":{"type":"Polygon","coordinates":[[[92.31819406578526,20.584624110890196],[92.31822299763752,20.58454505318316],[92.31846468381693,20.583814280982857],[92.31853373724675,20.58369585843284],[92.31858044992045,20.583568282516037],[92.31899364478822,20.582908288987937],[92.31938563049718,20.58223703669019],[92.31947853107845,20.582133835894766],[92.31955134721312,20.58201745322988],[92.32009641879662,20.581447484919046],[92.32062306675073,20.580862585038194],[92.32067707841227,20.580822515655434],[92.32080277989502,20.580682890314307],[92.32091561814642,20.580599143094126],[92.32101175655724,20.58049862487428],[92.32166697758085,20.58004141433166],[92.32210713192381,20.579714660703257],[92.3222603707273,20.57945225823753],[92.32235327717498,20.579349056385986],[92.3224260979078,20.57923267303985],[92.32297120391023,20.57866278926187],[92.3234978098891,20.578077793524916],[92.32361073004984,20.577993953061387],[92.32370679892136,20.577893525671904],[92.32381355070859,20.57781903672454],[92.32372440279292,20.576629946929476],[92.32372447802317,20.57573164787348],[92.32373884700033,20.57559741566459],[92.32372876614676,20.57546287379097],[92.3238346904509,20.574704290971013],[92.32391631552665,20.573943125164845],[92.32395889603897,20.573814241624813],[92.32397762846777,20.573680496659684],[92.32424244113734,20.572956779555668],[92.32448400881051,20.57222601232828],[92.32455314660218,20.57210758834568],[92.32459986545227,20.57198001280966],[92.32501303972006,20.57132001704379],[92.32540492678933,20.57064876432313],[92.3254977644198,20.570545563167062],[92.32557066541462,20.570429269802858],[92.32611565859204,20.569859294991076],[92.32664230093388,20.569274297506542],[92.32675515365653,20.569190548131605],[92.32685130439685,20.569090028481067],[92.32750645897606,20.56863280703697],[92.32814672594341,20.568157517058868],[92.32827515660561,20.568096367956286],[92.32839064670188,20.568015763070434],[92.32912979025157,20.567689634899438],[92.32985818642067,20.567342928532863],[92.32999700510915,20.567306993088213],[92.33012732200817,20.56724945248991],[92.33092096899975,20.56706734991549],[92.33170838461201,20.5668630633008],[92.33185209977563,20.56685359599468],[92.33199205319785,20.56682155141479],[92.33333645563002,20.566733020993645],[92.33351614369728,20.566733066312246],[92.33358552093797,20.566739588068078],[92.33362352044755,20.56673707952209],[92.33368635138932,20.56674477946413],[92.33380320964675,20.566737033654608],[92.33383511433574,20.566740967911333],[92.33440330747928,20.566593586944823],[92.3345470311425,20.566584117331036],[92.33468699284177,20.566552070541945],[92.33526121654914,20.566514199462393],[92.33530162543528,20.566503752247094],[92.33544535193145,20.566494281864028],[92.3355853163895,20.566462234338495],[92.33692974957644,20.566373767016444],[92.33701960060533,20.566373742326654],[92.33712593207686,20.566383765056695],[92.33721683702768,20.56637772847417],[92.3372482173384,20.566381578267553],[92.3373066133698,20.566377704638338],[92.33811686602559,20.566476873033952],[92.33892984227563,20.56655328265869],[92.33906748451061,20.56659314435944],[92.33921031981167,20.56661058134212],[92.33924644261414,20.56662218215262],[92.33946882424726,20.566643093788546],[92.33960646810954,20.56668295502601],[92.33974930509926,20.566700391532653],[92.3405223484584,20.566948353684637],[92.3413029308503,20.56717449216186],[92.34142936658709,20.56723912927592],[92.3415656616936,20.56728282371512],[92.34184833798957,20.567437958902932],[92.34192495289984,20.567462554570987],[92.34206629194246,20.567540076469644],[92.3421046748252,20.567552373243036],[92.34280964618416,20.56793909522656],[92.34352659524635,20.568306024348395],[92.34363678031308,20.56839296073032],[92.34376111514797,20.568461168401523],[92.34436992420574,20.568971402855784],[92.34499477290848,20.569464334861813],[92.34508426350422,20.569570087200592],[92.34519159223831,20.56966005985312],[92.34567999385393,20.570273326229806],[92.34618766913022,20.57087279137833],[92.34625300121438,20.57099304497711],[92.34633910723782,20.57110120500828],[92.3465825232218,20.571584641530638],[92.34681660722687,20.571860921394844],[92.34688186494337,20.571981175799362],[92.3469679721539,20.572089335524176],[92.34731639188817,20.57278127298652],[92.34768679305928,20.57346319000177],[92.34772525594214,20.573593256418622],[92.34778667619027,20.57371519804943],[92.3477920956279,20.573735844107624],[92.34803514301339,20.57421855708472],[92.34840547474936,20.57490056477241],[92.34844401350921,20.575030539232287],[92.34850543472503,20.57515257154359],[92.34870001105877,20.575895563935998],[92.34891822357072,20.576632785046364],[92.348928309997,20.576767323751778],[92.34896263397175,20.576898354751837],[92.34905717557965,20.578157134464043],[92.3490572508517,20.57851644863909],[92.34904287389071,20.578650681665895],[92.34905296034454,20.57878522060164],[92.34905002473462,20.578806252096836],[92.34909804832586,20.578968358968737],[92.3491081347919,20.579102988809925],[92.34914245890194,20.579233929134272],[92.34923700088244,20.580492711293914],[92.3492370761548,20.58085202622935],[92.34922262386482,20.580986260589796],[92.34923278563073,20.58112079877058],[92.34912695283148,20.581879390734805],[92.34904535786794,20.582640564007153],[92.34900282918555,20.582769452582525],[92.34898416174104,20.582903198859746],[92.34871935583054,20.583626952438827],[92.34847781022191,20.584357753156823],[92.34840871140176,20.58447618647593],[92.34836204341252,20.584603767958846],[92.347948883248,20.58526382221649],[92.34755702811246,20.58593512976757],[92.34746414554077,20.586038253512672],[92.34739136005963,20.5861546463692],[92.3470333806244,20.586528972558565],[92.34701471398574,20.58658002332582],[92.34660156602362,20.58724007633604],[92.3465555020265,20.587318940846508],[92.34658327590158,20.587412530681192],[92.34659336181159,20.587547161881783],[92.34662768402957,20.587678103792648],[92.34663845098788,20.587821357025998],[92.3352229146771,20.586622241612393],[92.3352229146771,20.586601579957602],[92.33540261018261,20.58660153048254],[92.33540261018261,20.586511745781646],[92.3353127623413,20.58651167966419],[92.3353127623413,20.586421894966662],[92.33540261018261,20.586421870213137],[92.33540261018261,20.58588288958708],[92.33558223114682,20.5858828409943],[92.33558223114682,20.585343860692273],[92.33567207951936,20.58534392671791],[92.33567207951936,20.58552358677978],[92.33576192806902,20.585523561872982],[92.33576192806902,20.585164241796555],[92.33603139953019,20.585164258719058],[92.33603139953019,20.584625278908362],[92.33621109822332,20.5846252287394],[92.33621109822332,20.584445568880213],[92.33639072237375,20.584445610418143],[92.33639072237375,20.58426595060626],[92.33657042248353,20.584265900080098],[92.33657042248353,20.58318794194921],[92.33675004805004,20.58318789233961],[92.33675004805004,20.583008232774574],[92.33710937655897,20.58300831374189],[92.33710937655897,20.58282865424109],[92.3375585599918,20.582828617827985],[92.3375585599918,20.58300827728651],[92.33791789487431,20.58300826561971],[92.33791789487431,20.582828606194987],[92.33827723258933,20.582828593780082],[92.33827723258933,20.58228961579016],[92.33845686488178,20.582289655283265],[92.33845686488178,20.58175067761834],[92.33872635227515,20.581750599749963],[92.33872635227515,20.581211622435614],[92.33890606159261,20.58121166053002],[92.33890606159261,20.580852342506805],[92.33962468017711,20.58085231435067],[92.33962468017712,20.580492996584862],[92.3394450432831,20.58049295819303],[92.3394450432831,20.580313299339007],[92.339265331841,20.580313352621033],[92.339265331841,20.580133693780613],[92.33908569636289,20.58013365496409],[92.33908569636289,20.57977433734108],[92.33917555164135,20.57977431084763],[92.33917555164133,20.580043844477977],[92.339265331841,20.580043818934634],[92.339265331841,20.579325183939563],[92.33917555164133,20.579325209449074],[92.33917555164135,20.579594652090414],[92.33908569636289,20.579594678575397],[92.33908569636289,20.579235361135694],[92.339265331841,20.57923530916236],[92.339265331841,20.578516674717484],[92.3394450432831,20.578516712479093],[92.3394450432831,20.57815739547399],[92.339265331841,20.578157357678563],[92.339265331841,20.578337016182722],[92.33908569636289,20.57833706807146],[92.33908569636289,20.57851672662314],[92.33899584126154,20.578516662134117],[92.33899584126154,20.578696320724827],[92.33890606159261,20.57869634605826],[92.33890606159261,20.578876004688013],[92.3385467189208,20.57887601772705],[92.3385467189208,20.57869635906346],[92.33827723258933,20.578696345332908],[92.33827723258933,20.578516686674554],[92.33809752575075,20.57851673851664],[92.33809752575075,20.578157330383483],[92.33827723258933,20.57815736944958],[92.33827723258933,20.577977710883],[92.33836701101987,20.57797768592521],[92.33836701101987,20.577618368900758],[92.33845686488178,20.57761834289986],[92.33845686488178,20.577798001388313],[92.3385467189208,20.577798066204377],[92.3385467189208,20.577259090856188],[92.33863657313691,20.577259064774445],[92.33863657313691,20.577348848538644],[92.33872635227515,20.577348914289388],[92.33872635227515,20.576720064633328],[92.3385467189208,20.576720024909406],[92.3385467189208,20.576899774110505],[92.33836701101987,20.576899735219264],[92.33836701101987,20.577079393593703],[92.33809752575075,20.57707937934169],[92.33809752575075,20.57743869623316],[92.33773818945231,20.577438707242553],[92.33773818945231,20.577618365768046],[92.3375585599918,20.57761841592826],[92.3375585599918,20.577798074501267],[92.33746870790056,20.577798009147603],[92.33746870790056,20.577618350566162],[92.33737893123919,20.57761837501879],[92.33737893123919,20.577798033608694],[92.33675004805004,20.577798027783942],[92.33675004805004,20.577079393371434],[92.33701960060533,20.577079408811304],[92.33701960060533,20.5767200918395],[92.33719922794195,20.576720042349933],[92.33719922794195,20.576540383926908],[92.33737893123919,20.576540424122474],[92.33737893123919,20.57618110740214],[92.33746870790056,20.576181083017108],[92.33746870790056,20.576360741353504],[92.3375585599918,20.576360715900474],[92.3375585599918,20.57618105757254],[92.33791789487431,20.576181047190627],[92.33791789487431,20.576001388927153],[92.33809752575075,20.57600142940255],[92.33809752575075,20.575731896653124],[92.33791789487431,20.57573194702653],[92.33791789487431,20.57564207249221],[92.3375585599918,20.57564208277269],[92.3375585599918,20.575462424567405],[92.337289079502,20.575462408768246],[92.337289079502,20.57564206699888],[92.33719922794195,20.575642092271487],[92.33719922794195,20.575462434032406],[92.33701960060533,20.57546239252946],[92.33701960060533,20.575372608850063],[92.33692974957644,20.575372633963426],[92.33692974957644,20.575462417647056],[92.33657042248353,20.575462425744217],[92.33657042248353,20.57564208404245],[92.33621109822332,20.575642091391803],[92.33621109822332,20.57555221678485],[92.33612124878819,20.5755522414669],[92.33612124878819,20.5754624577376],[92.33603139953019,20.57546239149236],[92.33603139953019,20.576001457505374],[92.33585177679582,20.57600141478317],[92.33585177679582,20.576181073240978],[92.33549245820107,20.57618107912848],[92.33549245820107,20.576360737650727],[92.33504329512901,20.576360766924214],[92.33504329512901,20.57618110835974],[92.33495344799604,20.57618104156189],[92.33495344799604,20.576091257724098],[92.3348636010402,20.57609128174749],[92.3348636010402,20.576360724170847],[92.33468398290823,20.576360771086915],[92.33468398290823,20.5765404297158],[92.33441444416579,20.57654041038865],[92.33441444416579,20.57645053562052],[92.33405513690298,20.57645053843225],[92.33405513690298,20.576360754529304],[92.33414498226496,20.576360730932958],[92.33414498226496,20.57627094704188],[92.33369583247308,20.57627088175608],[92.33369583247308,20.575911564435266],[92.33351614369728,20.57591161104833],[92.33351614369728,20.575731952417023],[92.33333645563002,20.57573190794338],[92.33333645563002,20.57663020149081],[92.33351614369728,20.576630245880107],[92.33351614369728,20.57698956347987],[92.33360598799662,20.576989540147114],[92.33360598799662,20.577079414999215],[92.33387544671042,20.57707943657868],[92.33387544671042,20.577259095406085],[92.33432459827256,20.577259069097003],[92.33432459827256,20.57743872791284],[92.33450429023614,20.577438680276813],[92.33450429023614,20.57770821396987],[92.33459413648363,20.57770819006589],[92.33459413648363,20.57779806493282],[92.33468398290823,20.577798040975754],[92.33468398290823,20.578157358754147],[92.33450429023614,20.578157406653215],[92.33450429023614,20.57851672458778],[92.33405513690298,20.57851666080631],[92.33405513690298,20.578696319861667],[92.33432459827256,20.578696340480636],[92.33432459827256,20.578875999541268],[92.33450429023614,20.5788760426447],[92.33450429023614,20.578696383600953],[92.33459413648363,20.57869635965051],[92.33459413648363,20.57878623460163],[92.33468398290823,20.578786210598096],[92.33468398290823,20.578696335651205],[92.3348636010402,20.578696379390163],[92.3348636010402,20.578516720410754],[92.33504329512901,20.578516672087012],[92.33504329512901,20.578337013155107],[92.33567207951936,20.578337026310663],[92.33567207951936,20.578157367468435],[92.33639072237375,20.578157353387073],[92.33639072237375,20.578875988669232],[92.33657042248353,20.578876029524796],[92.33657042248353,20.579055688404893],[92.33639072237375,20.57905564756622],[92.33639072237375,20.57923530649379],[92.33621109822332,20.579235355340767],[92.33621109822332,20.58031330964926],[92.33603139953019,20.580313359412507],[92.33603139953019,20.580493018587728],[92.33585177679582,20.58049297628756],[92.33585177679582,20.580852294763343],[92.33558223114682,20.58085227794984],[92.33558223114682,20.581930325136312],[92.33540261018261,20.581930282482656],[92.33540261018261,20.58264892070115],[92.3352229146771,20.582648969804463],[92.3352229146771,20.583008289130323],[92.33540261018261,20.58300823999323],[92.33540261018261,20.58336755940712],[92.3352229146771,20.583367608578012],[92.3352229146771,20.584265907729943],[92.3351331424391,20.584265931274338],[92.3351331424391,20.584445591204446],[92.33504329512901,20.584445615718423],[92.33504329512901,20.58462527568738],[92.3348636010402,20.58462523371053],[92.3348636010402,20.585164213850497],[92.33468398290823,20.585164261594038],[92.33468398290823,20.585523581873105],[92.33441444416579,20.585523563812146],[92.33441444416579,20.58588288426338],[92.33423482780407,20.585882840710703],[92.33423482780407,20.586518414496],[92.31821086895633,20.58483383118477],[92.31819406578526,20.584624110890196]],[[92.33019240535651,20.584804907453947],[92.33019240535651,20.584535371345545],[92.33046184388388,20.58453539744441],[92.33046184388388,20.584445612686288],[92.33082119805503,20.584445615182037],[92.33082119805503,20.58426595484705],[92.33091103704069,20.584265932638434],[92.33091103704069,20.5843557173603],[92.3310008762035,20.58435578597382],[92.3310008762035,20.58426591038095],[92.33118055506058,20.58426595659457],[92.33118055506058,20.584086296323722],[92.33136015938341,20.584086252491762],[92.33136015938341,20.5839065922682],[92.33180936139689,20.58390657022997],[92.33180936139689,20.58408623041138],[92.33198896819842,20.584086276770748],[92.33198896819842,20.584265936965732],[92.33180936139689,20.58426589062322],[92.33180936139689,20.584625211138142],[92.33082119805503,20.584625275547435],[92.33082119805503,20.58480493594324],[92.33019240535651,20.584804907453947]]]},"id":"4","properties":{"area_km2":5.21016367079626,"type":"treatment","zone":"T_south"}},{"type":"Feature","geometry":{"type":"MultiPolygon","coordinates":[[[[92.32631178361719,20.686047857609413],[92.35045578165695,20.68604621971544],[92.35025988838693,20.686144806064632],[92.34724556363854,20.687050778105363],[92.34430971278584,20.68815976268565],[92.34224465973014,20.688553586739992],[92.34023802471775,20.689156538477366],[92.33709786295235,20.689535012242544],[92.3339955410822,20.69012658807585],[92.33188829199038,20.69016287049592],[92.32979791892662,20.690414749611822],[92.32767724611188,20.69045125250043],[92.32695828926198,20.690451185903296],[92.32634091029982,20.690398312007364],[92.32631178361719,20.690401832856686],[92.32631178361719,20.686047857609413]]],[[[92.32631178361719,20.522199229241984],[92.32702502326784,20.522063161474808],[92.3284343599678,20.52203890049074],[92.32971997007628,20.521793649866993],[92.33018977192442,20.521785556634125],[92.33061827094795,20.5217037734812],[92.33254442194931,20.521670755585586],[92.33391307022643,20.521505692583077],[92.33409193284639,20.52150257216638],[92.33481137851912,20.52141588567983],[92.33692974957644,20.521379428603986],[92.33701952535311,20.521379407040794],[92.3391011237641,20.521557867842855],[92.34113126479505,20.521522906229617],[92.34114022061448,20.52152433079641],[92.34122112410505,20.521522881370828],[92.34434109797854,20.522007196822344],[92.3474905651185,20.522277061582987],[92.34773647115286,20.522341812511232],[92.34802949773578,20.52236694594404],[92.34999898929975,20.522885088511977],[92.35159444141145,20.523132646518974],[92.35162831573409,20.523144093592865],[92.35213349778283,20.52322251613957],[92.35510779425788,20.524229185528274],[92.3581525273304,20.525030213138354],[92.36004242224966,20.525899249440286],[92.36202252155418,20.526569403063398],[92.36229960226164,20.52672121687477],[92.3623818985673,20.526748998234794],[92.36252036450684,20.52682490590627],[92.36256155048719,20.52683888689283],[92.36504580390259,20.528200044524805],[92.3675912628164,20.529370509244227],[92.36765233328353,20.529413024321197],[92.36795060834093,20.52955018364339],[92.36798118145609,20.52957139516963],[92.36813028216305,20.52963997510219],[92.36982027479279,20.53081602494723],[92.37163760245004,20.531811677690822],[92.37403212405772,20.53374666665761],[92.37657085310212,20.53551309296431],[92.3780048439169,20.53695697796317],[92.37959893953878,20.538245096844573],[92.381578530544,20.540555115668106],[92.38373266936185,20.542723876884345],[92.38486292285609,20.54438758253831],[92.38618078367178,20.54592531204168],[92.38662389596738,20.546696356995646],[92.38680997126416,20.54691343917054],[92.38807718675963,20.54911882978971],[92.38937751094245,20.551032612828756],[92.38945096604722,20.551202894382488],[92.39000666715184,20.552020730323967],[92.3904545629341,20.553058949029133],[92.39072578875138,20.55345805196711],[92.39119260228291,20.55453989990537],[92.39179330397604,20.555585196414466],[92.39195190018226,20.556047181518174],[92.3925124536471,20.557022512495998],[92.39348063003193,20.55984226311842],[92.39466567565863,20.56258842454252],[92.39508686851612,20.56452035079601],[92.39573139904131,20.56639750027145],[92.39613655222823,20.56933495291896],[92.39676926747244,20.572237019052427],[92.39680249713204,20.57389686708381],[92.39694980804501,20.574572555675942],[92.39696517964583,20.575343113841882],[92.39707843233455,20.576163848451863],[92.39710246936839,20.577364837150196],[92.39725897412609,20.57849948355997],[92.39729868437357,20.580483481720115],[92.39729883507665,20.580842786410678],[92.39711331994582,20.582746289916138],[92.39714677590898,20.58441832766202],[92.39714044640054,20.584454218460788],[92.39714692661155,20.584777633716627],[92.39663062244085,20.58769983720174],[92.39634323673947,20.590649519110336],[92.3957741219254,20.592547875321323],[92.39543038090858,20.59449311012478],[92.39435562292748,20.597278906096033],[92.39394468385576,20.598649663634642],[92.3938313635725,20.599812314089284],[92.393262204637,20.601710684232067],[92.39291840713558,20.60365602659816],[92.39184363278386,20.606441839949536],[92.39098857796522,20.60929351734014],[92.39006038427841,20.611063525453826],[92.38934488937988,20.61291803048976],[92.38897535575096,20.61350925390103],[92.38870052411228,20.61506454046727],[92.3881860479406,20.616398025434464],[92.3880724405687,20.61704089325373],[92.38715673627559,20.61941405545937],[92.3867704961177,20.62070207050282],[92.38668762855467,20.62086015117066],[92.38614236373272,20.622678431052364],[92.38593060264756,20.62308228386856],[92.38591870006141,20.623149422851302],[92.3855232798298,20.624174390417416],[92.38600985285709,20.626405347628076],[92.38604932734727,20.628376727811595],[92.38631917105299,20.63033222325681],[92.38635887181069,20.632316238677546],[92.38635977581315,20.63483151106201],[92.38616842902118,20.636795082043268],[92.38620790364818,20.638766389337064],[92.38569142152627,20.6416886484506],[92.38540387850749,20.644638212864628],[92.38524191506676,20.64517843453764],[92.38522451344747,20.6453568848355],[92.38478269533103,20.646829996241912],[92.38449071352622,20.64848189751051],[92.38439406464481,20.648732322103292],[92.38431127671623,20.64920057268692],[92.38323617720474,20.651986399835135],[92.38238083125752,20.654838098778313],[92.3822132290161,20.655157566589757],[92.38220132739713,20.65519735309601],[92.38203372581346,20.655516911766767],[92.38202174891482,20.65555669931294],[92.38140264545024,20.656737080173944],[92.38073669863968,20.658462559442643],[92.38062988893493,20.658633423735402],[92.38055712590798,20.658821905682785],[92.38045039194644,20.658992678036775],[92.3803776292051,20.65918115999599],[92.37877951442206,20.661737886500458],[92.37738466504975,20.6643967878944],[92.37612806414411,20.66597950345097],[92.3750641529771,20.667681445070418],[92.37299612692728,20.669924053192865],[92.37110818120615,20.67230159443501],[92.3695650624702,20.67364436934619],[92.36818834120632,20.675137177489862],[92.36571912739153,20.676990967654636],[92.3644957531496,20.678055429659654],[92.34570184925043,20.657413683140888],[92.34604488723973,20.657150327335625],[92.34873538866314,20.65516971840955],[92.34891483633852,20.654946904394762],[92.34914539451783,20.65476983801144],[92.3511491093215,20.65217270044645],[92.35320929598235,20.649614590561285],[92.35332191336822,20.649356237678557],[92.35349648592138,20.64912994295409],[92.35360752314502,20.648859433641594],[92.35367602760078,20.648770714922293],[92.35378714054112,20.648500113720694],[92.35385564526648,20.648411394976222],[92.35508355344753,20.64542134721886],[92.3563766906742,20.642455499623615],[92.3564150103137,20.642178798628905],[92.35652198928108,20.64191834169855],[92.35653832599276,20.641777803054527],[92.35655624368323,20.64173684610822],[92.35659456347346,20.641460145289503],[92.35670154286163,20.641199688474455],[92.3570721707877,20.638015268882228],[92.35751251651077,20.634838636510903],[92.3575120647947,20.632323410158918],[92.35750077189537,20.631813192896686],[92.35750589134273,20.631769320232515],[92.35749881445977,20.63172570402652],[92.35748752156373,20.63121548703056],[92.35690707046847,20.628058638217183],[92.35639596341618,20.62489131168575],[92.35632572334497,20.624739317861483],[92.35643247625043,20.623969047115832],[92.35643240096621,20.623430054772186],[92.35642110833396,20.622919841190765],[92.35642622766024,20.62287596891169],[92.35641915094465,20.622832352951757],[92.35640785831568,20.622322139639067],[92.35625126748181,20.62147047259925],[92.35646258995016,20.620985775792363],[92.35647772209175,20.620876608908993],[92.35682177263507,20.620087400341948],[92.35686009264819,20.619810705331805],[92.3569670726586,20.6195502546816],[92.35709437995052,20.618456278108198],[92.35798885355315,20.61640432195273],[92.35802724983276,20.616127626823875],[92.35813415729122,20.615867177681416],[92.3582471632642,20.61489590045321],[92.35915603959506,20.61281103697399],[92.35919436156748,20.612534343748756],[92.35930134704776,20.61227389404756],[92.35930511149569,20.61224121837491],[92.3596049884145,20.611553394585215],[92.35960935520318,20.611521528641475],[92.3601436876505,20.610295806585363],[92.36018208574225,20.610019112942346],[92.36028899824626,20.60975866450238],[92.36034147581341,20.60930747973529],[92.36077214047927,20.608319535089358],[92.36081053909948,20.60804275105931],[92.3609174530749,20.6077823028838],[92.3612880399329,20.604597894167664],[92.36131025114649,20.604437651610183],[92.36218477921014,20.603351350714885],[92.36229741873863,20.60309300648257],[92.36247187502728,20.6028668099783],[92.36369941258806,20.599876691040116],[92.36499219145465,20.59691086059159],[92.36503051832464,20.596634171252006],[92.36513744217913,20.59637372432046],[92.36550798798042,20.593189350206497],[92.36566649304616,20.592045449906422],[92.36621309501861,20.59071388728321],[92.36750579442058,20.587748074792984],[92.36754412339945,20.58747129692195],[92.36765105313727,20.58721085146054],[92.36802154402368,20.584026506115038],[92.36846176941755,20.580849945425037],[92.36846169411349,20.580490634149438],[92.36845039850643,20.579980353812843],[92.36845551918128,20.57993648330225],[92.36844844060148,20.579892869711486],[92.36843714499769,20.579382680528525],[92.36827991048288,20.578526979622207],[92.36828164246931,20.57851432471242],[92.36828156716555,20.578155014196962],[92.36827027160304,20.57764473491426],[92.36827539225769,20.577600864508494],[92.36826838900953,20.577557249968812],[92.36825709345025,20.57704706184023],[92.36767680667491,20.57389022478157],[92.36716588028601,20.570722908537945],[92.36704758112171,20.570466894198816],[92.36699705369168,20.57019187471776],[92.36557462781042,20.567278672668635],[92.36421632397162,20.56433869356019],[92.364094493493,20.56419358963408],[92.36349746860826,20.562901318210255],[92.36331321997687,20.56268209175332],[92.36318928363684,20.562428333163492],[92.363014071657,20.562228339457647],[92.3628684512106,20.56191317300677],[92.36268420511674,20.56169394588735],[92.36256034577792,20.5614401858961],[92.36039018890318,20.558963827280582],[92.35827486896848,20.55644635237331],[92.35803688655115,20.556278463404446],[92.35784784161117,20.55606274932389],[92.35507414319852,20.554187701919027],[92.35234216647486,20.552259793714857],[92.35222797068357,20.55221617261869],[92.35216247948856,20.55216998552389],[92.35199423529777,20.55210564838493],[92.35182471202464,20.551991076449113],[92.35172466950041,20.551954988002095],[92.35164502707585,20.55190117679772],[92.35144494303458,20.551829181355945],[92.3512857345766,20.551721557608314],[92.3480924990733,20.550572302464175],[92.34492530303808,20.549361842559932],[92.34462981265888,20.5493258359197],[92.34435163497854,20.549225713122436],[92.34394761803588,20.54918453195841],[92.3438126705512,20.549135913718573],[92.34041194514367,20.548788609543283],[92.33701952535311,20.54837597122194],[92.33692974957644,20.548375994055124],[92.33646048024681,20.548385013788423],[92.33642782120774,20.548381726001107],[92.33639538794554,20.548386250157673],[92.33638485278414,20.548386482302792],[92.33633804659645,20.5483816576415],[92.33629139095885,20.548388280800364],[92.33574657704798,20.54839876594299],[92.3352345783086,20.548481143591548],[92.33484825032174,20.54848859295565],[92.3333123016348,20.548735804036784],[92.33294284492352,20.548742932410523],[92.3329244097893,20.548740998328668],[92.33290612515333,20.548743605831277],[92.33279160179788,20.548745775350312],[92.33274472405537,20.548741041549587],[92.33269814734132,20.5487475718388],[92.33215330114145,20.548758046277236],[92.32878188568613,20.549300667503278],[92.32631178361719,20.54964945976077],[92.32631178361719,20.522199229241984]]]]},"id":"5","properties":{"area_km2":58.80717401925297,"type":"control","zone":"C_east"}},{"type":"Feature","geometry":{"type":"MultiPolygon","coordinates":[[[[92.32631178361719,20.690401832856686],[92.32620473595452,20.690414772793254],[92.32581682938843,20.69042143488365],[92.32512664073113,20.690504587846885],[92.32300588448808,20.690541034733446],[92.32291598586467,20.690541058618397],[92.32083211781347,20.69036249730011],[92.31879964658509,20.69039743717092],[92.31879069515637,20.690396011942287],[92.31870983148916,20.690397457743693],[92.31558634722725,20.689913011405217],[92.31243351917666,20.68964275049374],[92.31040450654092,20.689109151715694],[92.30832527237482,20.688786595599428],[92.30534793725928,20.687779333160957],[92.30230003869477,20.686977627640406],[92.30040847718189,20.68610807858977],[92.30022453682672,20.68604584825265],[92.32631178361719,20.686047857609413],[92.32631178361719,20.690401832856686]]],[[[92.32631178361719,20.54964945976077],[92.32539920908084,20.5497783111435],[92.32512566270796,20.549889100704842],[92.32483203101242,20.549936274518007],[92.32172046389243,20.55126743359068],[92.31858029947699,20.552538402163687],[92.31834605959652,20.552710907031525],[92.31807503788647,20.552826832803508],[92.31542989657922,20.55485813430124],[92.31274068428768,20.556838101423107],[92.31256122861102,20.557060943837083],[92.312330855492,20.557237843914756],[92.31032756859582,20.559834525785128],[92.30826781595668,20.562392051080618],[92.30815515947317,20.562650355459443],[92.30798068536319,20.562876582658493],[92.30675239153071,20.565866276589688],[92.30545885718792,20.56883166578271],[92.30542042998202,20.56910834410391],[92.30531342053669,20.569368755295123],[92.3052103217239,20.570252155090582],[92.30430718310892,20.571422772533282],[92.30224717676772,20.57398036935663],[92.30213453519937,20.574238673974676],[92.30196000899481,20.57446480919465],[92.30073165221506,20.577454511110567],[92.30039140867142,20.57823454555987],[92.29991078610935,20.57883122979259],[92.29986386703263,20.578938902066493],[92.29937167079107,20.579549915205178],[92.29925903634802,20.57980821993515],[92.29908452118346,20.580034354150136],[92.29879195978054,20.58074632816471],[92.2987426358128,20.58080759434772],[92.2986300029286,20.581065808236463],[92.29845549017935,20.581292033118956],[92.29834436177224,20.581562404587967],[92.29827571492854,20.58165137066109],[92.29704730734038,20.584641077741004],[92.29575359802348,20.587606477144675],[92.29572773473859,20.587792753149575],[92.29557383346108,20.588145479210247],[92.29553541461088,20.588422162088037],[92.29542835325057,20.588682575027434],[92.2950567229722,20.591866825120064],[92.29483478378224,20.593463838099847],[92.29476433786357,20.593625166761008],[92.29472591969783,20.59390185109324],[92.294618935427,20.594162264261602],[92.29424716140595,20.59734653319154],[92.2938057729843,20.600523006053486],[92.29380569780353,20.600831811718084],[92.29143921929047,20.6026485068048],[92.28874917056162,20.604628475430108],[92.2886924154371,20.60469901765311],[92.28829994253695,20.604987817462362],[92.28820612840997,20.60510428688194],[92.28812028263987,20.60516748717479],[92.28802894953375,20.60528092487384],[92.28798986052387,20.605310884150118],[92.28794062345355,20.605347156754664],[92.28793731592707,20.60535119896297],[92.28789003335903,20.605387536711874],[92.28781102873278,20.605489906601598],[92.28771029991293,20.60556720710847],[92.28763137076994,20.605669575956682],[92.28753064234857,20.605746876383176],[92.28552679456496,20.60834348151429],[92.2834663617863,20.61090110404014],[92.28335361644858,20.611159411372594],[92.28317908721806,20.611385631916193],[92.28195048656696,20.61437526830698],[92.28065645563379,20.617340683764066],[92.28061804940153,20.61761737333732],[92.28051102320362,20.617877787234374],[92.28013921434962,20.621062123467258],[92.27969773756769,20.624238568182687],[92.27969766241027,20.624597912626545],[92.27970871055108,20.62510806462199],[92.27970359984616,20.625151936363647],[92.2797106646443,20.625195557432697],[92.27972171278826,20.625705800577578],[92.28030095496051,20.628862771700348],[92.28081090763966,20.632030291523073],[92.28092920846095,20.632286386966282],[92.28097964048038,20.632561368408425],[92.2824016811439,20.635475071072523],[92.28375957613886,20.63841541972047],[92.28394387897757,20.638634747181193],[92.28406775014764,20.638888586737345],[92.28623825639109,20.641365451202546],[92.2883540661599,20.643883452112213],[92.28859213569507,20.644051444421724],[92.28878119401418,20.644267250535446],[92.29140185641154,20.646038592436025],[92.29157363569657,20.646410486526605],[92.29175797025147,20.64662980518035],[92.29188186273805,20.64688354826521],[92.29193877220347,20.64694850459688],[92.29256147316524,20.648296879901235],[92.29274581172868,20.64851619752693],[92.29286970690943,20.64877003092669],[92.2950403331169,20.65124687391135],[92.29715625217281,20.653764947505913],[92.29722662661335,20.653814637336744],[92.2973358726221,20.65394460704992],[92.29751586971588,20.65407154952278],[92.29758346279361,20.654148631687],[92.29763782303918,20.654185446318586],[92.29776308493145,20.654328381633633],[92.30053810784057,20.656203958280635],[92.30327156613698,20.65813238842696],[92.3035476130545,20.65823778217166],[92.30378937167437,20.658401159522306],[92.30470287828807,20.658729870976504],[92.28653049878946,20.68009896560633],[92.28577236602415,20.679571518334505],[92.28395372552059,20.678575215308626],[92.28155784646013,20.676639195114237],[92.27901749293503,20.674871631873295],[92.27884177788115,20.674694625499892],[92.27883794492563,20.67469194933205],[92.27757699528591,20.67342231428314],[92.27598826967115,20.672138341472753],[92.27589215130149,20.672026178729613],[92.27580865849673,20.671958656511944],[92.27382862394124,20.66964761845654],[92.27167389024551,20.667477718336386],[92.27054381189332,20.665813512330505],[92.26922583600867,20.664274997636635],[92.2688427735774,20.663607916971596],[92.26860255345646,20.66336603420172],[92.26700783068895,20.662077237689115],[92.26502795492883,20.65976618728808],[92.26287341399416,20.65759626411333],[92.26174340471574,20.655932000985956],[92.26042545927275,20.654393600459056],[92.25892733173366,20.65178446578098],[92.25722995944555,20.649284427991255],[92.25644188047883,20.64745582049913],[92.25544461327776,20.645718904718755],[92.25447794007688,20.6428985255783],[92.25329420852258,20.64015157931547],[92.25287425002543,20.6382193948034],[92.25223076188256,20.636341914906854],[92.25182763815694,20.633404165847093],[92.25119678339263,20.630501728816867],[92.2511588527695,20.628530337897146],[92.25089048512976,20.626574660294036],[92.25085232943438,20.62459073707077],[92.25085240454398,20.624231387384288],[92.25103942784678,20.622327980485426],[92.2510072057046,20.620655804249367],[92.2510135900433,20.620619914020345],[92.25100735592432,20.62029645490103],[92.251525917381,20.61737470069326],[92.25181562036292,20.61442520199324],[92.25238624376414,20.612527202268435],[92.25273138540396,20.61058214311966],[92.25380828929362,20.60779704062691],[92.25466535393119,20.604945905503193],[92.25559469773366,20.603176404517594],[92.25631154941905,20.601322324932905],[92.25791070364174,20.59876655945031],[92.25930662932495,20.596108554780685],[92.26056376549076,20.594526456061562],[92.26162823415342,20.592825079879358],[92.26369654067467,20.590583633539463],[92.26558476981162,20.58820710884415],[92.2657044584807,20.58810303896225],[92.26576449076956,20.58802737311714],[92.26588417991312,20.587923303143103],[92.26594421243993,20.587847728136456],[92.26653161875532,20.58733688155246],[92.26673846753394,20.585229988094014],[92.26730897833684,20.583332014994056],[92.26765415851523,20.58138690742074],[92.2678098436001,20.580984197765346],[92.26783396281407,20.580847930109286],[92.26883037557316,20.57827046284786],[92.26958771200357,20.57575064293367],[92.2696294902321,20.575671125713587],[92.26976752396946,20.57521166744324],[92.2699354643308,20.574891952041444],[92.26994733664833,20.574852356471773],[92.27053494510888,20.573733354887246],[92.27057664906773,20.57359467762959],[92.27080838852154,20.573153263381695],[92.27141336632732,20.57158810192431],[92.27152044621062,20.571417037484647],[92.27159318553169,20.5712287910357],[92.27196777985368,20.570630113208736],[92.27222244564375,20.569971113468835],[92.27352284901968,20.567892509138886],[92.27438231550288,20.56625568673973],[92.2750989382848,20.56440162819803],[92.27669777833758,20.561845837269015],[92.27809330551058,20.559187831264374],[92.2789875807435,20.55806218042534],[92.27947602374557,20.556436845182244],[92.28040504947823,20.554667432860256],[92.28112161706262,20.55281338086532],[92.28272029350929,20.550257582619583],[92.28411578038283,20.547599575074972],[92.28537247684669,20.54601742681723],[92.28643670098072,20.544316028485092],[92.28850433472346,20.542074660942312],[92.2903919426707,20.539698062210242],[92.29193448707612,20.538355945013755],[92.29331086069696,20.53686379226988],[92.29577863429878,20.535011220424064],[92.2980956396374,20.532995130678973],[92.29987266435585,20.531937572787257],[92.30151538752989,20.53070420891389],[92.30430131765446,20.529302065088835],[92.30697055358522,20.527713413620162],[92.3089230791257,20.526975685990124],[92.31077754084691,20.526042138609647],[92.31378885195284,20.5251370292569],[92.3167217587908,20.52402863586351],[92.3187847526122,20.523635102322107],[92.32078938977442,20.52303250231265],[92.32392609549944,20.522654334189152],[92.32631178361719,20.522199229241984],[92.32631178361719,20.54964945976077]]]]},"id":"6","properties":{"area_km2":56.778072969014204,"type":"control","zone":"C_west"}},{"type":"Feature","geometry":{"type":"Polygon","coordinates":[[[92.31889751446414,20.642032741115138],[92.3322871018665,20.642675303426973],[92.3717692185657,20.686041979741876],[92.28147533428836,20.686041979741876],[92.31889751446414,20.642032741115138]]]},"id":"7","properties":{"area_km2":26.1987037419607,"type":"excluded","zone":"ferry_corridor"}}]}